token_address,address_evidence,primary_symbol_observed,all_symbols_observed,decimals_observed,in_arbicore_base_tokens,arbicore_symbol,n_source_rows,n_source_txs,source_row_refs,class_A,class_B,class_C,class_D,owner_VERIFIED,owner_INFERRED,owner_MISSING,AB_kept_below_0,AB_kept_0_to_lt1,AB_kept_1_to_lt25,AB_kept_ge25,AB_kept_null,AB_kept_sum,AB_kept_ge1_n,AB_kept_ge25_n,verified_AB_ge1_n,verified_AB_ge25_n
0x833589fcd6edb6e08f4c7c32d4f71b54bda02913,OBSERVED,USDC,USDC:1919,6:1919,True,USDC,1919,1919,0x3fd61e237e3cd4980a21707ebb9f57ee64b8f6b095b1a52d4a58f0802592a54f|L23|B23;0x1fab0af4dccd0ea0b3044fe9a72fb4ced341c01a823a570a6104bc172601dc33|L25|B25;0x10bfebd184f8680932995d6e8db8b5917a71263e4b0e4bef9aa92f08465720ff|L39|B39;0xb0fb25cebef5be4fab2616d7c8c54b75205d08a6692dc1e545ea29146124fc5b|L40|B40;0x25fdc82619c4880313cefdafee6bf6535c162337ec73f187e3af20b58ee86117|L50|B50;0x39ad6666a4acc81a43d328c0b3efbf14e0736aede669a95ba2e56bf50c08d0c9|L57|B57;0x4e927ea20b4a72a1c09dcbc05f56fe9609363352dc4b70e7a797d5038e9cb253|L62|B62;0x89f7b150aae7f281837b9b5b1741b18938c1ff9dbe887b6a3cb1370ede0aadfc|L67|B67;0xcfad1ae1275ae5fcbe2847dbebdd14016b19e31059427e146f82d144c9fa50cb|L81|B81;0x6aae50a8c88684f419bceb958e17b237634af494d0db44ff075efa8b68157ca4|L92|B92;0x6abfa047fed7093f9a996d267ff097fdd90ad9e104631f6294d220973ead2b6b|L95|B95;0x222ed8e24cf587b5465e41c9af4ca79c4d3c7feb3c3c640282e109819d140023|L97|B97;0x83d78c0c175af8e91d14c7c7a36f5ef3a9ad669125687068bf2ceefe48a943c2|L98|B98;0x95412e632f2264ca26cc73b6ed705975d0c661954fbd0db877df26a712058eec|L99|B99;0x00159ce680ab6f7db865244e98e94272577622f7e14c6474385ee9c69a5b6d7b|L101|B101;0x62b4f06e820b62717d1d5df7e447a5b57a69052a95be543d67e1b0e284c2dc4c|L102|B102;0x339285fed23d2029d146b736ac0d9dcdf6afc8203ce9d19b502114032a1d629f|L103|B103;0xd41800d82e27cb410c265b8a67077a09a18e1e7b2a96e020f89d54fde973ed17|L106|B106;0x2094ba2567d593c06a9203af4f4deeccc5a924d477c575bcf448e68fea1d01fe|L109|B109;0x148f025c515d3a53b8861e0b359e52339b6a9eb3b53622f3a3ac95ea2c51d32a|L110|B110;0xbd5fa103e6df60888d564bfcec05d905b8c5d41f6520dd6024a9812215d8fef2|L111|B111;0xd91a3c6d07c2d8f3673a0fdec7b42507e920f6352126062004b9ecd184884784|L113|B113;0x70dfdf028fa244fe2dcba4eba4068b78fc0f6a0ca4a17c1331adc1ed36834dfe|L114|B114;0x45479b9fd5f4848f3c8e75006a9bbdc1be24d9e9c489353fbb3da4015e1a8f63|L119|B119;0x9501d4d835397e8d242712c6c3bf91111787a2e725db0c8444abbb0e1332b47d|L120|B120;0x13836d04ef82fc748c2f3de0b142d457556f20ef81af7f9fe0f27af155e2ac52|L121|B121;0x45387f00f33e985d72ecf913865df09059ba539bccb3cd39366e27b3dccab812|L122|B122;0xfb41d3e7ec06d2ce7230350d7533cfc151e662fe9236cd7a339d3060da9c8f87|L123|B123;0x1a47e9e2a27234071431578cf6cf88988889d82e42dc7c24e74a1d89ca827f48|L127|B127;0xe7e2df03dd6221aa2686386446f049e2e3f14e6e1dab2931aab42fbe5189b18e|L129|B129;0x4cc8d531957820af40fde33e079ac2fba3ab988e9e9309aa23c1c3623ff47348|L136|B136;0x3a2830e50b60f9810403fff4c4625b72ce4ca60a75400023f57f6c02400b2a36|L170|B170;0x78171c8be87c80cfad4600bf9b7bb1389c7e095d835b7a4cc6759099c42f6efe|L181|B181;0xfdb67ed739a3f0fb6b05c803fba15ddf3ba766f94baeb1519a26eea7c90c9b94|L183|B183;0x130c7a03a233db86c942d875b87ab982857603c69ae7b71f8812ec78403ed8d3|L186|B186;0x2900823fe13fb0d282954b107817ef5f5e43b0f5637a2a17a2f9d92e911c7b0c|L187|B187;0x467a3792a59b56923d6dfda0b6d18eb016014085ec21be969f959c29ea0ae266|L188|B188;0x411d06e2bfa59dcf1938117990ffe5ee8125138415a55d08c724d0c778f6730d|L190|B190;0x53222bf131bddf506241eefb9fe03cbc0dbae856fd39d84e27b673ca0d5cdad2|L191|B191;0x30ed68ef3f0e8e5802b49e858cd7957819fa09aee405b6bc8929271e08dea151|L192|B192;0x0628ac1d1449e9f8e807ca10d1c7c523d916e3dc3fa209a1a691060041756bc6|L193|B193;0x5cbb1f1dc99fe17eceabce1a9f78e7784a524f1522bfcfb63cbfa30d2040fc06|L194|B194;0xa2165af73965237eaf90cc6e7fe41f1ef6efe15c2a530d9625fdf2227f2fedd5|L195|B195;0x30399122e89a5fa4c86b58c23668971fa4e06a0608613258afbc9b09973e1b0b|L197|B197;0x3a61627d7821888198b1aa4fae9f619f4c364c3d28a93f4d979a9f8c57f858f8|L198|B198;0x5c0bb2dec18aa1091844b847129de87b0e65c14d02152fd40e6eec7f02c360df|L203|B203;0x05c32fd5f1ae8bce15329c3d9800536d0883c97887c239f1da20fe5158e40960|L207|B207;0xb20131b122c9068364a06453ea072816c8b42e38c5b5c620cf8b7102c51ae03d|L208|B208;0xb711b34576892e6a860bf906778db68c71b9f5907163851c92420def09c40425|L216|B216;0x85fb4cbbfeaceeccf3be4be5726084e08e576b846d54d193d6d892290ee8648d|L221|B221;...,548,1189,24,158,53,554,1312,11,1550,167,9,0,1624.783492,176,9,0,0
0x07b3d902783c3c12b077508c3b5c00113d1291d0,OBSERVED,XDP,XDP:1142,18:1142,False,,1142,1142,0xcfad1ae1275ae5fcbe2847dbebdd14016b19e31059427e146f82d144c9fa50cb|L81|B81;0x6aae50a8c88684f419bceb958e17b237634af494d0db44ff075efa8b68157ca4|L92|B92;0x6abfa047fed7093f9a996d267ff097fdd90ad9e104631f6294d220973ead2b6b|L95|B95;0x222ed8e24cf587b5465e41c9af4ca79c4d3c7feb3c3c640282e109819d140023|L97|B97;0x83d78c0c175af8e91d14c7c7a36f5ef3a9ad669125687068bf2ceefe48a943c2|L98|B98;0x95412e632f2264ca26cc73b6ed705975d0c661954fbd0db877df26a712058eec|L99|B99;0x00159ce680ab6f7db865244e98e94272577622f7e14c6474385ee9c69a5b6d7b|L101|B101;0x62b4f06e820b62717d1d5df7e447a5b57a69052a95be543d67e1b0e284c2dc4c|L102|B102;0x339285fed23d2029d146b736ac0d9dcdf6afc8203ce9d19b502114032a1d629f|L103|B103;0xd41800d82e27cb410c265b8a67077a09a18e1e7b2a96e020f89d54fde973ed17|L106|B106;0x2094ba2567d593c06a9203af4f4deeccc5a924d477c575bcf448e68fea1d01fe|L109|B109;0x148f025c515d3a53b8861e0b359e52339b6a9eb3b53622f3a3ac95ea2c51d32a|L110|B110;0xbd5fa103e6df60888d564bfcec05d905b8c5d41f6520dd6024a9812215d8fef2|L111|B111;0xd91a3c6d07c2d8f3673a0fdec7b42507e920f6352126062004b9ecd184884784|L113|B113;0x70dfdf028fa244fe2dcba4eba4068b78fc0f6a0ca4a17c1331adc1ed36834dfe|L114|B114;0x1a47e9e2a27234071431578cf6cf88988889d82e42dc7c24e74a1d89ca827f48|L127|B127;0x130c7a03a233db86c942d875b87ab982857603c69ae7b71f8812ec78403ed8d3|L186|B186;0x2900823fe13fb0d282954b107817ef5f5e43b0f5637a2a17a2f9d92e911c7b0c|L187|B187;0x411d06e2bfa59dcf1938117990ffe5ee8125138415a55d08c724d0c778f6730d|L190|B190;0x53222bf131bddf506241eefb9fe03cbc0dbae856fd39d84e27b673ca0d5cdad2|L191|B191;0x0628ac1d1449e9f8e807ca10d1c7c523d916e3dc3fa209a1a691060041756bc6|L193|B193;0x5cbb1f1dc99fe17eceabce1a9f78e7784a524f1522bfcfb63cbfa30d2040fc06|L194|B194;0xa2165af73965237eaf90cc6e7fe41f1ef6efe15c2a530d9625fdf2227f2fedd5|L195|B195;0x30399122e89a5fa4c86b58c23668971fa4e06a0608613258afbc9b09973e1b0b|L197|B197;0x3a61627d7821888198b1aa4fae9f619f4c364c3d28a93f4d979a9f8c57f858f8|L198|B198;0x9d956de7d540852e9c4f3efd2da958c075abef62270d3bf47799aa64a49b52bf|L223|B223;0x152eca15f43de8f68e71a44971e3a75a39c96e296865f56ac44252e9a4b55928|L224|B224;0x083dc8a3c87a701dd086e7d89a3e5a1cf25c6d192d5feee4e0eaf9f8da1dca04|L226|B226;0x86d003e55685ac7d070cafb600b7740d438c9f26e8ee216ad0c239d1e7de1638|L227|B227;0x86a0dd40b8992942abc620f837d5f69bd850520de05cc462d5c1c3a36a864737|L249|B249;0x4cdb6ae18deda568b8348e8fee0f7beef230677ec745415a60f1782183c348e3|L254|B254;0x4dde95642588eff2c852b780472103b8720e897b0e950c53ee586c1a010109ec|L259|B259;0xdeca20fd573c7f7acec59d1fbeeb4183f194e69b9ec01575b83d6d779bd98734|L277|B277;0x372d29594327796352f041c627509a10f5a79cf3c1e8381ed89928da80856840|L285|B285;0x59392dd83a3ddbda710315702730bcf93110cf95ab8a709d2b196d75f3aaed54|L287|B287;0x29c4b5f3931dea811ff3daf6f067f216968685c483380b2e3f9246492a0e14f4|L289|B289;0x014465a117bb791373872e5b3aee9ea56817e2c5e3cf27ca239f06cf504b60ac|L292|B292;0xd3cbf2cc27144413759ee819523ec9ecb38192d87065a412698ee9cb4bf2baea|L293|B293;0x4796933c2f707bdeb35d8c8938d6fd126fde35dfcebd2f13b8b932e3094841b6|L299|B299;0x24fb7fd9d07dbda6b4b5cd37a630969f45c1609046bd01dd89058bd5640e62d0|L312|B312;0xf17d206daa0b59ac3775eb555af12c8a2bc69379926104c4644ab9f646878cfc|L313|B313;0xc35b7e7b9a5e7db2340162f926bee3dbbc50bd2eaae78f9ae6456a4dfefb584d|L315|B315;0x648aa723af51f8fd6d0b20650103e4ca5195116a44d0a35f2383fe09b1951d01|L318|B318;0xc1ce53da927e3191ee84b2b7afef076593709ee3bb8b8a45cf063b310bba62fa|L319|B319;0x1692c56f935f8323651cfa4bcd033cc18989d74c187993e3a5ab655bf14857f6|L320|B320;0x081e4a87d83d18b04dcb3ba73658e353f97f79ea08341cfdda2d4eca96fa6e3f|L337|B337;0xa926af15151fe08678be8dd4538ae9b534eb12627c34c2feafcca52ba8a02571|L343|B343;0xdbaa7a2b7054af0d74c7894eb02932cb8eae72f5772e4a369266cc5c061d6c0a|L355|B355;0xefe310114693ac0e3e51a3f4c00637117da8641a8568d9a23facfdd494e6ce25|L364|B364;0xc49bfee91925de4b4f3aeebcc8ac0fdafc20489d900b20bff4209febc7decab6|L366|B366;...,352,788,1,1,9,381,752,4,1078,58,0,0,329.314204,58,0,0,0
0xfde4c96c8593536e31f229ea8f37b2ada2699bb2,OBSERVED,USDT,USDT:793,6:793,True,USDT,793,793,0x25fdc82619c4880313cefdafee6bf6535c162337ec73f187e3af20b58ee86117|L50|B50;0x39ad6666a4acc81a43d328c0b3efbf14e0736aede669a95ba2e56bf50c08d0c9|L57|B57;0xcfad1ae1275ae5fcbe2847dbebdd14016b19e31059427e146f82d144c9fa50cb|L81|B81;0x6aae50a8c88684f419bceb958e17b237634af494d0db44ff075efa8b68157ca4|L92|B92;0x6abfa047fed7093f9a996d267ff097fdd90ad9e104631f6294d220973ead2b6b|L95|B95;0x222ed8e24cf587b5465e41c9af4ca79c4d3c7feb3c3c640282e109819d140023|L97|B97;0x83d78c0c175af8e91d14c7c7a36f5ef3a9ad669125687068bf2ceefe48a943c2|L98|B98;0x95412e632f2264ca26cc73b6ed705975d0c661954fbd0db877df26a712058eec|L99|B99;0x00159ce680ab6f7db865244e98e94272577622f7e14c6474385ee9c69a5b6d7b|L101|B101;0x62b4f06e820b62717d1d5df7e447a5b57a69052a95be543d67e1b0e284c2dc4c|L102|B102;0x339285fed23d2029d146b736ac0d9dcdf6afc8203ce9d19b502114032a1d629f|L103|B103;0xd41800d82e27cb410c265b8a67077a09a18e1e7b2a96e020f89d54fde973ed17|L106|B106;0x2094ba2567d593c06a9203af4f4deeccc5a924d477c575bcf448e68fea1d01fe|L109|B109;0x148f025c515d3a53b8861e0b359e52339b6a9eb3b53622f3a3ac95ea2c51d32a|L110|B110;0xbd5fa103e6df60888d564bfcec05d905b8c5d41f6520dd6024a9812215d8fef2|L111|B111;0xd91a3c6d07c2d8f3673a0fdec7b42507e920f6352126062004b9ecd184884784|L113|B113;0x70dfdf028fa244fe2dcba4eba4068b78fc0f6a0ca4a17c1331adc1ed36834dfe|L114|B114;0x45479b9fd5f4848f3c8e75006a9bbdc1be24d9e9c489353fbb3da4015e1a8f63|L119|B119;0x13836d04ef82fc748c2f3de0b142d457556f20ef81af7f9fe0f27af155e2ac52|L121|B121;0x3a2830e50b60f9810403fff4c4625b72ce4ca60a75400023f57f6c02400b2a36|L170|B170;0x130c7a03a233db86c942d875b87ab982857603c69ae7b71f8812ec78403ed8d3|L186|B186;0x2900823fe13fb0d282954b107817ef5f5e43b0f5637a2a17a2f9d92e911c7b0c|L187|B187;0x467a3792a59b56923d6dfda0b6d18eb016014085ec21be969f959c29ea0ae266|L188|B188;0x411d06e2bfa59dcf1938117990ffe5ee8125138415a55d08c724d0c778f6730d|L190|B190;0x53222bf131bddf506241eefb9fe03cbc0dbae856fd39d84e27b673ca0d5cdad2|L191|B191;0x0628ac1d1449e9f8e807ca10d1c7c523d916e3dc3fa209a1a691060041756bc6|L193|B193;0x5cbb1f1dc99fe17eceabce1a9f78e7784a524f1522bfcfb63cbfa30d2040fc06|L194|B194;0xa2165af73965237eaf90cc6e7fe41f1ef6efe15c2a530d9625fdf2227f2fedd5|L195|B195;0x30399122e89a5fa4c86b58c23668971fa4e06a0608613258afbc9b09973e1b0b|L197|B197;0x3a61627d7821888198b1aa4fae9f619f4c364c3d28a93f4d979a9f8c57f858f8|L198|B198;0x86d003e55685ac7d070cafb600b7740d438c9f26e8ee216ad0c239d1e7de1638|L227|B227;0x86a0dd40b8992942abc620f837d5f69bd850520de05cc462d5c1c3a36a864737|L249|B249;0x4cdb6ae18deda568b8348e8fee0f7beef230677ec745415a60f1782183c348e3|L254|B254;0x4dde95642588eff2c852b780472103b8720e897b0e950c53ee586c1a010109ec|L259|B259;0x372d29594327796352f041c627509a10f5a79cf3c1e8381ed89928da80856840|L285|B285;0x59392dd83a3ddbda710315702730bcf93110cf95ab8a709d2b196d75f3aaed54|L287|B287;0x29c4b5f3931dea811ff3daf6f067f216968685c483380b2e3f9246492a0e14f4|L289|B289;0x014465a117bb791373872e5b3aee9ea56817e2c5e3cf27ca239f06cf504b60ac|L292|B292;0xd3cbf2cc27144413759ee819523ec9ecb38192d87065a412698ee9cb4bf2baea|L293|B293;0x4796933c2f707bdeb35d8c8938d6fd126fde35dfcebd2f13b8b932e3094841b6|L299|B299;0x24fb7fd9d07dbda6b4b5cd37a630969f45c1609046bd01dd89058bd5640e62d0|L312|B312;0x648aa723af51f8fd6d0b20650103e4ca5195116a44d0a35f2383fe09b1951d01|L318|B318;0xc1ce53da927e3191ee84b2b7afef076593709ee3bb8b8a45cf063b310bba62fa|L319|B319;0x1692c56f935f8323651cfa4bcd033cc18989d74c187993e3a5ab655bf14857f6|L320|B320;0x081e4a87d83d18b04dcb3ba73658e353f97f79ea08341cfdda2d4eca96fa6e3f|L337|B337;0xa926af15151fe08678be8dd4538ae9b534eb12627c34c2feafcca52ba8a02571|L343|B343;0xdbaa7a2b7054af0d74c7894eb02932cb8eae72f5772e4a369266cc5c061d6c0a|L355|B355;0xc43ee84f25307f974a95d60a3de946a790768990a4c1bd05844a55976f7a28ab|L358|B358;0xefe310114693ac0e3e51a3f4c00637117da8641a8568d9a23facfdd494e6ce25|L364|B364;0xc49bfee91925de4b4f3aeebcc8ac0fdafc20489d900b20bff4209febc7decab6|L366|B366;...,252,531,1,9,14,247,532,2,730,51,0,0,264.187139,51,0,0,0
0x4200000000000000000000000000000000000006,OBSERVED,WETH,WETH:594,18:594,True,WETH,594,594,0x3fd61e237e3cd4980a21707ebb9f57ee64b8f6b095b1a52d4a58f0802592a54f|L23|B23;0x1fab0af4dccd0ea0b3044fe9a72fb4ced341c01a823a570a6104bc172601dc33|L25|B25;0x25fdc82619c4880313cefdafee6bf6535c162337ec73f187e3af20b58ee86117|L50|B50;0x4e927ea20b4a72a1c09dcbc05f56fe9609363352dc4b70e7a797d5038e9cb253|L62|B62;0x89f7b150aae7f281837b9b5b1741b18938c1ff9dbe887b6a3cb1370ede0aadfc|L67|B67;0x8f56b082171e7003976f8f2eed74a1f62a30db9fe8beb07018465509c6c0a230|L96|B96;0x45479b9fd5f4848f3c8e75006a9bbdc1be24d9e9c489353fbb3da4015e1a8f63|L119|B119;0x9501d4d835397e8d242712c6c3bf91111787a2e725db0c8444abbb0e1332b47d|L120|B120;0x13836d04ef82fc748c2f3de0b142d457556f20ef81af7f9fe0f27af155e2ac52|L121|B121;0x78171c8be87c80cfad4600bf9b7bb1389c7e095d835b7a4cc6759099c42f6efe|L181|B181;0x0628ac1d1449e9f8e807ca10d1c7c523d916e3dc3fa209a1a691060041756bc6|L193|B193;0x3a61627d7821888198b1aa4fae9f619f4c364c3d28a93f4d979a9f8c57f858f8|L198|B198;0x5c0bb2dec18aa1091844b847129de87b0e65c14d02152fd40e6eec7f02c360df|L203|B203;0x4c7975c3aa07457a04997d3cab05f4e7b3adfd8a1eb394747fe93816576ba3dc|L205|B205;0x05c32fd5f1ae8bce15329c3d9800536d0883c97887c239f1da20fe5158e40960|L207|B207;0xb711b34576892e6a860bf906778db68c71b9f5907163851c92420def09c40425|L216|B216;0x85fb4cbbfeaceeccf3be4be5726084e08e576b846d54d193d6d892290ee8648d|L221|B221;0xf9ba6699a31efbd4c3d359d35d20f84ac9fbecc2a60222e6ecc79adb6536c5f2|L232|B232;0x30e3c6cf87876b5d81651303d37233fe1872e38fc96cab60280e956ba2d651d9|L233|B233;0x4877ff48e5a3ff023cf69498cb325bb5c6449f27225e4507c55818e678bd9acc|L235|B235;0x09c39fd533b6029d11477d77c52ac949c2202434dc3d8041129efbd56425314e|L239|B239;0x1362d402344c774bb40a54bc859211963835e1e199841d1aceca0ffafa5d2108|L244|B244;0xa35966671c8f0d7b2bed8e365b1e72c801a4663a35e8f7ca966fb1bddf6454cd|L246|B246;0x37d4bce9e070a204f6aa352770b0bb3fcf5e06adc59708af79ec7f6165ce7598|L261|B261;0x1e1a2b2b76779ecaa0c8a369a52e1249e6b9ad8f7b176523647bd980dfdc2210|L264|B264;0xef215dd008ec21818c0ee30d64e4f9b8fa18e08726c379ba6f49b4611e6883f6|L269|B269;0x0546a1dec414fd84bcc1e7b380f9c2488e35ea4a44bb44ad83690c30715cb005|L270|B270;0xfb287bdebf135eb8eb2a9da967637b323a1cec1f4e2e79c6bbe855540e75a770|L272|B272;0xb9cecd8e2a4d84fd5823479a75aa17afcdec0b8974b5119f2acd597001be3fa5|L276|B276;0xbfe879eecd1a304740a42224b7a53a67cfbe38cb5e2eef2b15b8b5d900d43060|L278|B278;0x3598d2405b1e01fe56c35ba42299bf5170061218e2366831e73012d598db4951|L279|B279;0xd3cbf2cc27144413759ee819523ec9ecb38192d87065a412698ee9cb4bf2baea|L293|B293;0x613c32369e21ebc148d1cb1b9aae0543fe342f3e5ad34ed74abf13f11d346770|L301|B301;0xfb567721e8816bea3fd082430dabdcad13198ddf1dc7cec9e59765804cec4bf0|L302|B302;0x648aa723af51f8fd6d0b20650103e4ca5195116a44d0a35f2383fe09b1951d01|L318|B318;0xc1ce53da927e3191ee84b2b7afef076593709ee3bb8b8a45cf063b310bba62fa|L319|B319;0x1692c56f935f8323651cfa4bcd033cc18989d74c187993e3a5ab655bf14857f6|L320|B320;0x54043c64c1cfb50a3b1f2c73ad3711e29cae3c78ea9bcf47ae970491efe30f00|L339|B339;0xeb2ac22a5627293c3e01e2d428603df78488c0f41c5c52b823f9b364df39770d|L352|B352;0x55f2c11fa846ad54827507b932cac3c9790351a4b5835f9898049a29a8a6ca42|L354|B354;0xc43ee84f25307f974a95d60a3de946a790768990a4c1bd05844a55976f7a28ab|L358|B358;0x11a9c4c51737e9dbe5ac0f3c842b1ad3f12bdcb1e304d3380bde4815befd24c2|L374|B374;0xf144b45bce8c779621fef0351c6112ba9c779d0ba43b42b59277e810b925073e|L383|B383;0x3f2557f15652704e44606819fa6415fe173f1d694eecc9a314e320a79e416fcc|L394|B394;0xbeda7b407b68fc35658ecc2892345262f79329d390bcafcc74e5451e4784e0ae|L399|B399;0x20996581d76085274e1ea203522674b596ece8e8b82baec22607632a26079b11|L403|B403;0xeb2310e2ad1c6e18df29247f06f783e29f0f33171896d59b7fd02fcb6a541986|L409|B409;0x102462795d6f72739c876b7ff30982d26d6c4d45560f9e3452d514185847b9cb|L437|B437;0x7835b802f1f69fcca4db17d9c35824ca005c3dd15f0612ca6f34404972d72556|L440|B440;0xe64bdf20e90550476e0257cf6ab3eba733390c50284d7093162bfbe2efe4d382|L445|B445;...,353,105,19,117,40,373,181,3,374,74,7,0,1014.840735,81,7,0,0
0xeeee77bc7e82c0d4166d52f58239d4c5bf41eeee,OBSERVED,WHUF,WHUF:142,18:142,False,,142,142,0x53c9c947899f227e0f06658fbbff287067882a1dddd2944cf64363f4589f42ed|L3569|B3569;0x125ce1f04595f5d448ea0f275f22a470d64220f8fceb55446d176ca293ebc771|L3583|B3583;0xb6ad4c4da34892d50ecee5fa8f1852f2b41e6307ba4153dcedb97461ccbf7f44|L3584|B3584;0x79ff3e12f79bae125bf857632545269ccfb186e0694c726053dd11d51f6c8d39|L3585|B3585;0x513a797f5293002b28052f4eaedcc877e539a5502c36a6f65ed5786d4cab5213|L3586|B3586;0x2d7fe2791f0e21d5fe483c1b774ab0eeb525c5d2a1e17060dde89aeb4d949081|L3587|B3587;0xdf732fa416b3b1431091b49b0e4aa150ed3359ead1b36e07c7ab7ce6a29754b7|L3590|B3590;0x4ca147149703cac20c7950cfb602ad0d3858d9f13524ce81ea72b95f7e56d3b6|L3591|B3591;0x26817a5ea6aac080b0cd82c011427562dbd265f0697912ac994c8df9bcc6641e|L3592|B3592;0xbc293eb4bf8fefbf349f1d9547b250fc6ec5bdf3d1d84e9e919d5391c5972284|L3593|B3593;0x83e40c739baf58aef49cda6eb30165868b5c297927f0fbc6c94df1adb6c80343|L3594|B3594;0x1c33006940c1303bf532511516ffbc0fbbee800e9db256da280e545ce73a47a0|L3595|B3595;0x1ae4f3457848f0cff11b2a6363183b9d00805e3e897d4667044bd10aed44efd5|L3596|B3596;0x25570eadee9fcfb2c746ee880a24c1d139f892c267511216353dd07c0d3bf23b|L3597|B3597;0xccdd71cab721054447941a27e4594f38708b741dadb8c939d0ddbacd31947a95|L3600|B3600;0x3ae1ffd9c6fc2bd35c6f3cf74b533ed6a4e7b6b7ac973a69220e4c23867282aa|L3601|B3601;0x4e177faa8e43675474afbd6140d0600093a3c9af269cf71023618a091e1c61b6|L3602|B3602;0xb162221e328e3112fcff83a04fa2bca47098414e6e2b1b8f2947b31cceeae5d4|L3603|B3603;0x1e74fd2ff373b87510713acf6d124cbaf8b8f38a247d1df8f239e05de3944bf0|L3604|B3604;0xc9c34a0fa4372562d0f2d05e27495536458b96712509fc0f80e8b1ddf18d9711|L3605|B3605;0x92a95ae46ef8c8a606ee3370472a1a497e65e4bd39d1106eb4170755e221abd0|L3608|B3608;0xb633cab42dfe065da841c206ea494160d825df7cc79fa6a1fe20421dedbb7ad0|L3609|B3609;0xd1d234a6e19731d4a0819767bce54adacd94b0e4143939d0098576367ebd971d|L3610|B3610;0x77874d9ac544f007350635598fcced6bc9a2f008b6118ba4b2f9a9953d8b0d64|L3611|B3611;0xaeffec2e749fad260655063d31221e376c46308e33a26b0e57b7faefbfb4523d|L3612|B3612;0xda862e36f0c389f7f59f634cd1568e780a2f3b22d0519e2d914e30052318de2a|L3614|B3614;0xe64d9e099912b1c8e79b1e7bbc2a9550ff23bfee3f05a3d743155a1cf1726cb5|L3615|B3615;0xc3755099a293cc125cf75d858388735ef97804da7ab2753a5788b57bb6d43235|L3616|B3616;0x3bd65ec542ca50def5743005a3f3a60bb07924d0c24452e7c0011cb5da6c56f5|L3617|B3617;0x5eec6dfbc0228d2b6492d2f67f34264c8cda58e5b7c43194eb943955d814aa8b|L3618|B3618;0x4cb0b00099c45f144e8d58e10561648076b0b7cf3dcad53cbedfdf3a4fcd9fac|L3619|B3619;0xa684396dda7c9b03a0bb534eace4e8186542c90bf8d2306e3e6d90f2ab21f6e9|L3621|B3621;0x243652e6ccf95c80dc1e65cba98a831feab9e9a31e9996ae493fca9f135d7a51|L3622|B3622;0xcd6c3d8b564da91dad399d8c4cb6c5a9dceb498506ef85b410ced4c7fe4fde3c|L3623|B3623;0x00b9588ec3e44f3fb3734ccb37e0b33b97a4cb6b3c241d3ea4ba723838db194d|L3624|B3624;0x18565d7cbdf761e6275fc86431b17d6184da9c17e8720711b091a1e88a15968c|L3632|B3632;0x34255f5ac89e2cc30b8c8fde0f2c194c0681e066923a0f3d9f73ca25bda11081|L3634|B3634;0xe048d1875a8cd2190c687034c0dedd0d8ac8cd144c337912425186369a5ee932|L3639|B3639;0xc70eb12a0ad85b4fb1e07b17a0954d22da7c5e0b959762c9c796c32e992ee4c9|L3641|B3641;0x2953e11986fd8005f9ad7f1b05100aab41778c53a46bb7f7ee5d8451feca85df|L3642|B3642;0xa3f3512a8352cf89954ed4aa1d6f9885fbd5607b3b74f3f292237c7618ffb154|L3643|B3643;0x0e7f0e69d7223071df5b6755895329178f1b81edc49e75e506e96fcc6ca413a7|L3644|B3644;0x50756834b923f3ba1899d3d6e3bfbd9f0b1ef76d70bf079998311d087d925b30|L3646|B3646;0x0a707df00841d92cda25a1ff544a2e4940a8984888166824a95ec61e32d9be76|L3648|B3648;0x43ae5097b1064932c26021d7478669449dbe647a4e52d377ccd3016f5c1be44a|L3649|B3649;0x3ab2ffb689eed4f6a99e269feb5f2b57f9452658a5dc1ab882bfbf96ba5c41b3|L3651|B3651;0x5338081d2909b7de0d5fcb94df997c889c4c764609d62fcb6ecc43a0d3cf5355|L3652|B3652;0x296e0bdfea37798971c0561f1c2e41fbf8d7518ed079f824937f51d69a98182d|L3656|B3656;0xdf51afb63e0da97338ff15671c235ef1c8f3bccf5f8af373563cb8449278330d|L3657|B3657;0xe0940ad361e5e7a45475b84fdc32c2efdb1582d8ee2db5ef979bfdf0d53c7d93|L3659|B3659;...,64,75,2,1,1,44,97,1,87,46,5,0,814.734647,51,5,0,0
0xcbb7c0000ab88b473b1f5afd9ef808440eed33bf,OBSERVED,cbBTC,cbBTC:92,8:92,True,cbBTC,92,92,0x4c7975c3aa07457a04997d3cab05f4e7b3adfd8a1eb394747fe93816576ba3dc|L205|B205;0x691fa004af640841017828559b3d8537392c2e7845e8c94e44a6fd266a747b5d|L256|B256;0xa5f98bd99063771db7d3c90fda6db4284f0b653097014822cb2d5ca6fe547377|L553|B553;0xcaa806b83ef7a69013d01424632c8b4e7386ed6cfa7ba08120075d185ca2f5c0|L556|B556;0x054d74925e321f8cb40e8e958dfc478ab242e1fdce41637f2764455ba2c86b30|L557|B557;0x53992e5d7ce8545ffacd6613ddf30cb296cb9513ade0aa26aa0349ef5b71a0ab|L561|B561;0x3d99b3bc189b70003b6a4da536d5c2bdb846675e3c8569e576039d8df315d13a|L626|B626;0x8f22c5a5fbb41224c8500f25e2a86a433abf26b976bd6384c65f9b6945678516|L714|B714;0x670af6bae582213410ded04e6622da322d3758396cbb34d725bab12d0025dd3e|L734|B734;0xb9d4c20bd7a01d4d68ed237b4cdd5b297c2cb67e133e36c1d14c98de1b02a033|L753|B753;0x514a0ab40e84fcc758390063b8292b57169805bbacc16fae3192598f49e41bb6|L754|B754;0x42baf544f974d01208f77d048c4e02aa49825d6c3559d0dc9202223dcb55f0c3|L758|B758;0xc2361774870ca423783bd338d96ee8b403b5554b1e11514d7ae71d30847c62af|L759|B759;0xb7bdc65898264867bcf828716204c5542d449f25ae3ea2d014f427136bf8410a|L761|B761;0x5feea26883f9e4703c694024c2ba8a37f40a52d3d0a29cd46848537847b65896|L763|B763;0x85b0223161501892fed4b4531c2b81b4afc296c390940889d1c82234cf199b71|L796|B796;0x89f7f4af34d38166b0db9a3f12d6a1e550f566848f7cc1fcc1fa464ff5426761|L829|B829;0xd2e0a8a87c94191a646177e17ca25bb4c61a43dc5f0920fdc9fbb7fcb18e08c5|L856|B856;0xdf4c07ca8e28174567e4aa7110b4ffe2bf20ac09c2c4e76d2161f4a136fcaae4|L871|B871;0x599a8ff98fe4fa0a147d03646ff34fac89a7d0671e57b5e22ff2825b301b15b6|L874|B874;0xb81adbe743aab5d59f7ee56a51f070648e7b51d3996dcd702139dc105009b6ec|L1119|B1119;0x139a0eb0fdf0e8ac3471b8adb484b55b48e6a9b98f1705f0fc3430bdc81f7304|L1349|B1349;0xc1cbc489484bee25224aa55e7359834646157c47848067ba55077496a7a912c2|L1718|B1718;0xf5e60f8f05b660086f84e2c8c50c666d090aef4423c709c1e42b73d29c877c9f|L1719|B1719;0x769dae7c3e6a5faccd8fbdd1bb4cf399870e9aa5bc43caca5d79543bbb250b3b|L1720|B1720;0x7c146734b25c9bd74564af6cf390453d5fa5b2fb17ad8b3ff9a1b698654abafc|L1721|B1721;0xf5e0ae7955b3d851f03323c4a84e84768757afe59de482beb420a92496fffe06|L1805|B1805;0xa1816406dfffcae1dccf76aefb9e4a656d72bd9954f0bd1b13b50e2480931eb8|L2627|B2627;0x59071ad9a22960290517ebe283a5f824845ee79484fdf984a38f29d147e1dfc6|L2636|B2636;0x6e1510adb33f6e53c3df1628198247edff3545d1016eab8b360923d7f1c74acc|L2637|B2637;0x13de0817b1339be4b9234f43f10a23fd077e145f17bef927c6512880e0e0534a|L2679|B2679;0xbf9c1495c2c8b94e8dc923a73c96f4afab38406d54427f45a91d3b161c915068|L2689|B2689;0x3f3b988b8239cbb639af63af1a87148d1f81acf9c5caf002c0480f72eee31266|L2690|B2690;0x846e293e274f1b5f9e57d694f1478f77a04f377d7986b8b4d1639b0954a9f07a|L2700|B2700;0x95c12bf7072163845708661ddbf1e3758e576bc3756e4e00adff2afc542611ef|L2772|B2772;0x185a958f3d7e90db3f96d598dbfc134c2d7627e2364076b1bdf4ac64676a029d|L2864|B2864;0x4fe1cc10123b0e2e5846187be677cf85ecc1e22b771bda405aa6084cca77502e|L2869|B2869;0xba14638431ee3ed13245d178e659738df799659d2c504b41098b65b69c975ea7|L2875|B2875;0x18b6e9d520bfd3e34b3c18d0ccaa25c01f51633bf32eb29c3aed80d06b95d69e|L3137|B3137;0x2b14bf53f41cdd6b5851291e625b87c751acf48e8b5f4f82980ebf1d537a94f4|L3140|B3140;0xb8b074e51f7913a212b757a28da42fc7e2ec874d9f3e6177a112a5c5b4e6b3f3|L3141|B3141;0xf81ec68dd2a5ef7f848834627ff3cf34f1608579104800d33ba5a11696c21772|L3178|B3178;0x649f6ad4550ea770bbc90dff9d775dc7bde148b41bcadd70543acf38f90eecd8|L3326|B3326;0x922cc33fdec87893b5e3cd301d690e1e43b3d1127c6898b476a81994c7e780ed|L3423|B3423;0x9c95c20548d3e8f936bda7394d59edab3d297f6eab949d62f16453488c7f072f|L3427|B3427;0x287bfaaca15de29b959786caa7db8cd1fb2d9f87e58a33b8b978b90f567f074e|L3433|B3433;0xb16854a8c1ff8eeeac1d752ac5b00589c8947ab6ffcaab960a20450e76fac98b|L3789|B3789;0x289a1b3c95cef726a2d9f296eabd25247b9cb6fc3080bd5a16eb2badc41344c6|L3791|B3791;0x8132af392ecb7482d454ece09088ae080d2f697c91ae7aeb6f67ca421732be2f|L4120|B4120;0x3aa3f960c3f28b5399633d850318045b84b7efa5d9e251b3530a63dcf2e85197|L4151|B4151;...,17,55,2,18,14,15,63,1,58,13,0,0,61.879231,13,0,0,0
0x9d0e8f5b25384c7310cb8c6ae32c8fbeb645d083,OBSERVED,DRV,DRV:65,18:65,False,,65,65,0x39b810eca56936cc59722367b09be7345c613fb52b45d58d8cad49f4b01f9c57|L505|B505;0xd1c591c662b03f95fc61beb699acbf65730c264cbec25adae910f24760c930ab|L1587|B1587;0x96d4847f66d6e82b45b2531c3071bb33fdfa4c6831211ef450002351ed677347|L1596|B1596;0x827c9b98b9187f503af2a56b1738ecfa40028509fa2333754fe232d534ba48af|L1765|B1765;0x3ab6c3015d3d27db7c36610672e5a9abf9459a9e2ba10bd040b8aee5eb052590|L1998|B1998;0x7f4d74d8db8c820ebc7e3163d5aa3bee51de4a04f847c589ddcb67f12e58e294|L2080|B2080;0x086bd01ec35a651f3f243de163361f38d4b297e21a5a2211e0738c9ff6c29abe|L2253|B2253;0x00c3d5b39ff1e025cb0dcc2753f3353eba7cf13b180b0c375232826437d7c7f2|L2254|B2254;0x35c142f157ed50a13867c42714a48090e467c5dae629142d8c73f2289e9778c7|L2255|B2255;0x8615353bc0e2cfc394196b1b657c822abc00761d0a37bb2386c584b3291eea5d|L2257|B2257;0x8c11719c48531bd50550f27f218a86d376ac85e91ba9a19d46f0e837071250ab|L2258|B2258;0x94ed3492fb75daf7731b44a44a98c3342feddcbb906254e7e0bc8f0ec959fc50|L3338|B3338;0x661a34c1f4417821ab8a49f1c8dd8cda661116b207b81269d78341843a4637fc|L3344|B3344;0xf7abba503d5d58573d87c08482f5f0bd162782d250fb7ba2efe640185328be70|L3346|B3346;0x5bde1da730efae7304502e85c9ee1f447c500e5b6b9cbf70f19574b0766eda7a|L3354|B3354;0x9333a41b366a0e88fb10257b9205bd0b8c049d84b9ce7a4a03fd6f87f57aa8fb|L3368|B3368;0xc0c70e1ea2b0eda775ccff38e4f106a8f9adc40129e9239af7083fa79a11190e|L3369|B3369;0xddd2902a4a7fe25bcadc5ef2f6b89daafc0afffc15f6765d0536b02830ac2767|L3388|B3388;0x4e92ea9a09d79788c96ac09034d7d9b4fe08e3bd26bda4414e4e6106ad5188c3|L3401|B3401;0xa0da16343bbc6e1912b601af827b6f879769b4e70a42d7801e8d1401d0ef2720|L3416|B3416;0x6c3b625a1dadca4685ddae5e6931062c1c5cab8e948da6b70d2a149fff2f9178|L3419|B3419;0xd57e471d1f15d650db42cf4dfa38ecb72a79df432961cac0daa2f6f4971d3ceb|L3448|B3448;0x87c86ccd175a2fd6b163f68bdc19d790c0d49a3028d4cea157d0678c7d7c6e58|L3449|B3449;0x68a6a46b42f43894e057e7977dff988905fcd629e25f44d42d26e903fa86ba5f|L3450|B3450;0x8b5b713e7a8152ec79766a73279c3ed9898b9246e0a77bf3081347d5322cc666|L3452|B3452;0xdc904c6a03d1312a3e02e6eae71c08f694d65706c980ab9ddcda39b7161f9561|L3455|B3455;0x2817b55333ab2fe92dc7530386ceb17291f3ccf7916a71e4082f8743c4915440|L3456|B3456;0x590cbf529aecbc3fbd01af724f3592572a2a0e7515f4d387a1ab9f05b37b65e8|L3458|B3458;0x59456803134b639369703cce43786e3ef3a2f6295197365186bf155f94a6b74d|L3461|B3461;0xaa5edd8f61df50b0a83ee427474da303327c40637f24be2e01408a5ef246841e|L3480|B3480;0xe3f5b7aa98b64cc1dc355cc30a6deb5ae5dcc6b382d730b168b5675d4427063b|L3486|B3486;0xc02b58e0ee6f763a8fe669ddae6b8a1ebb8876ed26ccca58e7ee67785e13e266|L3487|B3487;0xf91c3a6839561ca6659c191095b5262e0fe7a61a527653607c559c116521f48f|L3489|B3489;0x0d21bc8c922d64b488c661ce11de68878a029bd88c2c3f500857c773dab20fc4|L3490|B3490;0x54c6e1ef25822d8911bf755ffbdeaccb39abbcbf226ed22640fe0e495fec4d35|L3492|B3492;0x1e303df8d3c3e8374693dae6ea526ee8341548d693cb51073604eafba5852cb2|L3494|B3494;0x53cd4ad994dde763dfb516104b8899a3c98f55d91ae04c7001ddcffb68352fa2|L3497|B3497;0x96c4d90ff0de0b91812b9831b368e278d39ba76e73e389436541a2169ccf6bef|L3502|B3502;0x5207b85abf4efe4fea957aba7d27f65cd04e5b64ff157da1726467816f134c1b|L3511|B3511;0xfb3940a48b13eb9cd0a2eb2c886090e5171974b6c7fbc876a10b38aa421224de|L3514|B3514;0xaedb847e3134d38e25781722dc52eb0f187b72615a0a2b88ae79fb2ec3ee02fc|L3517|B3517;0xb07512fbd3e600ff1eadad467bcbfe6b847baa9d4e3bb1d0aed7c398a2b7bead|L3518|B3518;0x3378f4a61654494a03baa84eb632b6b320f764e4c38bbb38d3361f7d025bf078|L3527|B3527;0xf9088b2468d6e565f76430b483e03c396de7b1e46f1ae41ea3832b89650d6a94|L3556|B3556;0xb5804acbeb8a9ec7565c676a9cc01e0ab062b54fe2591751303f78abc698a5b9|L3654|B3654;0x0cf12934f4fe70ebcb348d779cf9058772a83d803a40e97939807e5160ed542c|L3717|B3717;0x34f142cdc98d65866b4bdf20e7187141a25c8ea148cea6eb1d5f734637f081e2|L3769|B3769;0x09a9b33f55fa8bda46d0dc31a2cef9df7d1f8726cd2659496f5079c6b1a34acc|L3770|B3770;0xdc370775109ab4034975b2a23c7f0e4157072b3da1431c135051c621c3e61ce9|L3804|B3804;0x88b1389512da8df0620781f05afc14ae87f1eda237e5b0352959fdb58f4735fa|L3823|B3823;...,4,5,0,56,1,1,63,0,7,1,1,0,45.380487,2,1,0,0
0xb200000000000000000000d9192b6b456483c2e8,OBSERVED,AMZNc,AMZNc:50,8:50,False,,50,50,0xfda2f934b1d0bef4f9743d26cd2da9db8ab30db115b26c0c056049e5533f52d9|L958|B958;0xf34b5fa614b351f0ff3eb7e274bf33d52c8e01f742363ac471f4120d1dd5d8dc|L2313|B2313;0x859658ea422fb4f34669562a02d9d8312ff03d9c7d863249375ca8f50a59f0d2|L2489|B2489;0x101fae88db682539f6f337aa9a4e9b2314c738249b5f9da58d75c26bef67399b|L2492|B2492;0x1e414a17354dc9f3e5d8ae1e6f6a12fc2a02384ebf2fe69187f6b9683742006c|L2493|B2493;0x6d2d36be649cf4b9f5e1b6cdc09d1c3c599a3f9729a0d81651bb2fee35e7c59e|L2494|B2494;0x66ba54bf65121aac1eebd71913aae55d94df5dcf6b23c5b18505794928f07875|L2495|B2495;0xe73f3e21fb5c48039bb210394f291752b1d88daea9297840d8b6cb91e2146d88|L2496|B2496;0x7cff9800240b7f1e1f26c4ec3a25994acc3dd010133fc28fe61ea42553516538|L2501|B2501;0xb560d9722f2363cb2f30746c5915f0824099f125dc2d763e67c1a9d1518c4fb8|L2502|B2502;0x823ae7d26afe70b990e3a92d7828893ce375f9de95a505260f85e9d1b58cccdd|L2504|B2504;0x28fe29a6175dd02c36b49d2c1b4a9b4eb5c4147386cc51ba5ee33c5b83644abd|L2508|B2508;0x1a7fc8dfe78e7d507e04256323759ccfa535dc9382f0526154a40e939fab41e5|L2509|B2509;0x9d880df8ed43e17c8d0d122a16552e7d841155c608fadbeaefaba3e96b39f125|L2519|B2519;0x3ca946e24e96c95490bb041b0a8b6ddaae5db4ab4948781242b2b6df9bb780b7|L2527|B2527;0x978ad6eefbc5ca3a764883d3c7096fb992e9af04e7efd8ac4b94503de6cc4416|L2535|B2535;0xa732a303bfbb1b624ee8c26bf7beb9de3deadafd6a2265d5d4ac1e12683c8bf7|L2536|B2536;0x261fca60c409e0ab154d830b60c10dcc39b9c61bb4c9b3ebf99514d7fa745254|L2537|B2537;0x4ddce047ab11672629c750b9534f9d673924def8ec818b5fdc5b7becd8854552|L2553|B2553;0x648a072c5c00033b3b87c9bda93318a5d74c9818b9ae04f2ae62d75ee0c3cda9|L2589|B2589;0x7822430416bc3c54d1a61526655788c8b1295c2bec502bde93efd4ce9dddf9fb|L2634|B2634;0x520a78740e9ee8426c32de5b0e0938d1a2427d7cfec79eb291232dbeaf614c35|L2649|B2649;0x7261117f4225222b55933b7993481b5d9d84228b7a3c5488d02fbf65efca2a9a|L2650|B2650;0xf686f0d8ab3f6420ffb5b2388585bc8f9757f5c075e63037aab3076000c82f89|L2667|B2667;0xf9d4c24216d3e98d5d665d00380cabb225893e79e1acc070d728389a5c302fa3|L2668|B2668;0xb850caf7982c72abb081e5f7b8075e29bad4bb3ade3152af93185ce8e9a0a2b6|L2670|B2670;0xfe441182aa93685e5ff9e5b3cbfa42f7231c1bf44a3eaeb22344f60c436a4bc4|L2722|B2722;0xe7b6d41c72ea8aef45eb3eb4291589b6c045a4d29823de693f33c1199887dfd7|L2726|B2726;0xfcdb917f331c18b28a3f002c9aec5b787351ac092a05f1e9e3e7f1bd43ffb832|L2746|B2746;0x1b679aa800fcd947ec6ef905e6cccb4e61097f462540a813d7d2b3d25d19299b|L2747|B2747;0x7ff3b4f5a628a1c1914943f5e885b41f8af0365e0c46cfccfc6bda83ad427c9e|L2748|B2748;0x5762bbfa7a076f85cc0d2dfd87fe44f16295d63e6a52e0ce631ab84799de4b46|L2766|B2766;0xb9319b1cdfaaa059d0a9eec1b6c8caded1d48fd2258bd667813df673398558b6|L2781|B2781;0x6bed0ca13d57f931b1c643d72a17339a944f2feca0aa92dc63d5d9de7d399c10|L2786|B2786;0x253dff4175631f10a93a18fca4e2ef9ae9fd966fe7b66031494d1b0404bfaeae|L2792|B2792;0x485987dcf9ffc1d30f6d5b9b8d309ae1af3f62a558a6a871dfd3aac802191b38|L2793|B2793;0x6f3810ab6168267e194ccb785b2fe78ec4e4cc2e5f5c708b1ed932c1e9c6f2fe|L2800|B2800;0x1da8f01683325c6320edb897fbe2379fa0e95f3ed5254289ad32bb1ddfb0d007|L2808|B2808;0x5dad1642fd4f1132e50b8f67cc01c20dbad0c6958da533fbedd639e9bc323d1c|L2829|B2829;0x9bde41c05df7d44271929e24d90538ca44df9647d600ba279f204765e862c3f1|L2913|B2913;0xc4c48d868bcb6767a61cb219ae6a08abd51156bcd0a9e5d994aae92eda26fae6|L2914|B2914;0xe72f5b18160e3f7770c03b995eeaf71385696066343f8721e36bc1c72151d1fe|L3509|B3509;0xca538f3b1e2b63a09b5d0f2fd3062bded9abb1c2f337c8ee04ce42f86551ed4b|L4479|B4479;0xb230bbb7c2e5c67e348122b9b314667ce925fe35cc45eb25a131c97aadcb99eb|L4545|B4545;0x49630222d9ce28982e6866aa0ff4db0c77c28990e278095f9ae9f3f7dd0bd6b5|L5854|B5854;0xcfd5f5dd28b7e7b9282e1adc5acbb9c2a9989ea8e0c7b674c66d582d5223c3cb|L5919|B5919;0xb0014e52a594e2a9c9006aaa222d63bab370a89ddb9b9fe08e90ca4936b11b6d|L5955|B5955;0x2b2dd2e6b67238b2c1faf9264dfffd38fc1b9068901b14cd94bb8e3592b837a7|L5987|B5987;0xa2fbdb138c2bdf7247b0d8a574e1c58b5a3304c132208402ea5ddad97613ace0|L5988|B5988;0x413b6cfdded1f05d9830ef1e572c39b68618f090e85efba936251a1e7e71da25|L6040|B6040,23,17,1,9,2,15,33,0,21,17,2,0,163.291542,19,2,0,0
0xe34356dcd3d7bb991248f322e4ec31b5d60bc54e,OBSERVED,DGUY,DGUY:43,18:43,False,,43,43,0xfda2f934b1d0bef4f9743d26cd2da9db8ab30db115b26c0c056049e5533f52d9|L958|B958;0xf34b5fa614b351f0ff3eb7e274bf33d52c8e01f742363ac471f4120d1dd5d8dc|L2313|B2313;0x859658ea422fb4f34669562a02d9d8312ff03d9c7d863249375ca8f50a59f0d2|L2489|B2489;0x7cff9800240b7f1e1f26c4ec3a25994acc3dd010133fc28fe61ea42553516538|L2501|B2501;0x823ae7d26afe70b990e3a92d7828893ce375f9de95a505260f85e9d1b58cccdd|L2504|B2504;0x28fe29a6175dd02c36b49d2c1b4a9b4eb5c4147386cc51ba5ee33c5b83644abd|L2508|B2508;0x1a7fc8dfe78e7d507e04256323759ccfa535dc9382f0526154a40e939fab41e5|L2509|B2509;0x9d880df8ed43e17c8d0d122a16552e7d841155c608fadbeaefaba3e96b39f125|L2519|B2519;0x3ca946e24e96c95490bb041b0a8b6ddaae5db4ab4948781242b2b6df9bb780b7|L2527|B2527;0x978ad6eefbc5ca3a764883d3c7096fb992e9af04e7efd8ac4b94503de6cc4416|L2535|B2535;0xa732a303bfbb1b624ee8c26bf7beb9de3deadafd6a2265d5d4ac1e12683c8bf7|L2536|B2536;0x261fca60c409e0ab154d830b60c10dcc39b9c61bb4c9b3ebf99514d7fa745254|L2537|B2537;0x4ddce047ab11672629c750b9534f9d673924def8ec818b5fdc5b7becd8854552|L2553|B2553;0x648a072c5c00033b3b87c9bda93318a5d74c9818b9ae04f2ae62d75ee0c3cda9|L2589|B2589;0x7822430416bc3c54d1a61526655788c8b1295c2bec502bde93efd4ce9dddf9fb|L2634|B2634;0x520a78740e9ee8426c32de5b0e0938d1a2427d7cfec79eb291232dbeaf614c35|L2649|B2649;0xf686f0d8ab3f6420ffb5b2388585bc8f9757f5c075e63037aab3076000c82f89|L2667|B2667;0xf9d4c24216d3e98d5d665d00380cabb225893e79e1acc070d728389a5c302fa3|L2668|B2668;0xb850caf7982c72abb081e5f7b8075e29bad4bb3ade3152af93185ce8e9a0a2b6|L2670|B2670;0xfe441182aa93685e5ff9e5b3cbfa42f7231c1bf44a3eaeb22344f60c436a4bc4|L2722|B2722;0xe7b6d41c72ea8aef45eb3eb4291589b6c045a4d29823de693f33c1199887dfd7|L2726|B2726;0xfcdb917f331c18b28a3f002c9aec5b787351ac092a05f1e9e3e7f1bd43ffb832|L2746|B2746;0x1b679aa800fcd947ec6ef905e6cccb4e61097f462540a813d7d2b3d25d19299b|L2747|B2747;0x7ff3b4f5a628a1c1914943f5e885b41f8af0365e0c46cfccfc6bda83ad427c9e|L2748|B2748;0x5762bbfa7a076f85cc0d2dfd87fe44f16295d63e6a52e0ce631ab84799de4b46|L2766|B2766;0xb9319b1cdfaaa059d0a9eec1b6c8caded1d48fd2258bd667813df673398558b6|L2781|B2781;0x6bed0ca13d57f931b1c643d72a17339a944f2feca0aa92dc63d5d9de7d399c10|L2786|B2786;0x253dff4175631f10a93a18fca4e2ef9ae9fd966fe7b66031494d1b0404bfaeae|L2792|B2792;0x485987dcf9ffc1d30f6d5b9b8d309ae1af3f62a558a6a871dfd3aac802191b38|L2793|B2793;0x6f3810ab6168267e194ccb785b2fe78ec4e4cc2e5f5c708b1ed932c1e9c6f2fe|L2800|B2800;0x1da8f01683325c6320edb897fbe2379fa0e95f3ed5254289ad32bb1ddfb0d007|L2808|B2808;0x5dad1642fd4f1132e50b8f67cc01c20dbad0c6958da533fbedd639e9bc323d1c|L2829|B2829;0xc4c48d868bcb6767a61cb219ae6a08abd51156bcd0a9e5d994aae92eda26fae6|L2914|B2914;0x52e2180f535a86fbecb2d7f4f9e305dcc8c75d1bd6dcefae300362712502454e|L3050|B3050;0xe72f5b18160e3f7770c03b995eeaf71385696066343f8721e36bc1c72151d1fe|L3509|B3509;0xca538f3b1e2b63a09b5d0f2fd3062bded9abb1c2f337c8ee04ce42f86551ed4b|L4479|B4479;0xb230bbb7c2e5c67e348122b9b314667ce925fe35cc45eb25a131c97aadcb99eb|L4545|B4545;0x49630222d9ce28982e6866aa0ff4db0c77c28990e278095f9ae9f3f7dd0bd6b5|L5854|B5854;0xcfd5f5dd28b7e7b9282e1adc5acbb9c2a9989ea8e0c7b674c66d582d5223c3cb|L5919|B5919;0xb0014e52a594e2a9c9006aaa222d63bab370a89ddb9b9fe08e90ca4936b11b6d|L5955|B5955;0x2b2dd2e6b67238b2c1faf9264dfffd38fc1b9068901b14cd94bb8e3592b837a7|L5987|B5987;0xa2fbdb138c2bdf7247b0d8a574e1c58b5a3304c132208402ea5ddad97613ace0|L5988|B5988;0x413b6cfdded1f05d9830ef1e572c39b68618f090e85efba936251a1e7e71da25|L6040|B6040,24,17,1,1,2,14,27,0,22,17,2,0,163.713574,19,2,0,0
0xd9aaec86b65d86f6a7b5b1b0c42ffa531710b6ca,OBSERVED,USDbC,USDbC:34,6:34,True,USDbC,34,34,0x10bfebd184f8680932995d6e8db8b5917a71263e4b0e4bef9aa92f08465720ff|L39|B39;0xb0fb25cebef5be4fab2616d7c8c54b75205d08a6692dc1e545ea29146124fc5b|L40|B40;0xe7e2df03dd6221aa2686386446f049e2e3f14e6e1dab2931aab42fbe5189b18e|L129|B129;0x4cc8d531957820af40fde33e079ac2fba3ab988e9e9309aa23c1c3623ff47348|L136|B136;0x3a2830e50b60f9810403fff4c4625b72ce4ca60a75400023f57f6c02400b2a36|L170|B170;0x467a3792a59b56923d6dfda0b6d18eb016014085ec21be969f959c29ea0ae266|L188|B188;0x4877ff48e5a3ff023cf69498cb325bb5c6449f27225e4507c55818e678bd9acc|L235|B235;0x7abd203b9a28d96d7fe1428062772e34ca4b230987423c291862104fb0f68e57|L1252|B1252;0x6cafef14ca5fb18b6f27a8a0c463d1dd24213a7eb8b19512544ffc229db19b61|L1713|B1713;0x95d1dd9227fc7390e5ae832cc57ea34aad9aae93978a20c98dafb2240fb0c437|L1746|B1746;0x745e6a32516fd38e949968118475542c0076ea493635db4a4886cf411ce1c80f|L1766|B1766;0xdfbf0c16d9ffd10116d03f9542998b379c08cab4eb8d2b563feefad34f0b9060|L2764|B2764;0x1f8ea3e1d56fc586dd83272c0adf3665bb2f9d5522d29820133d55c967be285c|L2768|B2768;0x265922afe85f9db8701acb1f15a21de05f43afd08817fd4f97cd0ebca32340fe|L2773|B2773;0x77729f2c6dd79e315142d3079e798432faa5330bd2d0edb79f44a728eb2043f7|L2774|B2774;0xedd6dbace4e32ef311b4f02176cd675ac141f67a55a8965d4faf1ca6d33e1227|L3025|B3025;0x956fd0b2c22ce3091c9108be6fc302363b52d9335003b4c5da6a8f024d6e79d8|L3256|B3256;0x4436fea33b0a2e930ec4156f9def90f5ec48b0b98423638e6906f8df03116739|L3259|B3259;0x7c1adbb49fe2c86bc56437ce34dc51fc357d2cbc3ad893a6e95e13f21278391b|L3542|B3542;0xa095e83fb882fb35f40da02720c7d706d4222f07ccce9fc5e717f0b1b19e6ff5|L3567|B3567;0xd330400808f40bcff3e88bf85fedbb206284d0a85aea64bd3fa1d23fc9d69c09|L3578|B3578;0xf0005c62309067039e2f36ce9c2db64cba767f7a7b694ec64a809bec513cf4b9|L3992|B3992;0xee6c0710e0d9ab0a480b23b27132e43bf204d15745f5e5b65544aab532f4fb0d|L4812|B4812;0x36b2a3556063e4059de38d72c754e1245c8bb1dc8f4ab0fb835e2679a0514a9a|L4935|B4935;0xda41e1b31fe050a001e0dfce06624c9171e0f0ff11e8266bf309b17d11d5e016|L5409|B5409;0xe1ef8118f26f230044e560d2180565e273bfb17d089e725f504d438f6127de7f|L5410|B5410;0xaaeb3c5e5108ca0add18f7e0564bc75630c214596ad2138674ca7cbdc26d0626|L5473|B5473;0x06e71194cbce5bbd9ca226adfa62af93c6e6732f72c63c46dbcab97438ca51f9|L5477|B5477;0x7aa2d586bd2355cea816cb922add9fa16b9247c10a5637d76b22ca7a38faed72|L5502|B5502;0xcc3f4a62b49cf2b280746321f1e00cd406adc44f9267d78fd7b92330e271937e|L5512|B5512;0xb1d9718714cfd526c1e60cc6c11b0ef27ce48bb7ff6545760b0f01944b658201|L5572|B5572;0xea85129ae9342f9af3a97bd2a86cd67eb2a170ec9b94d43ff5f13c41fa8f481e|L5770|B5770;0x4772997a7017bb2d661e2899cac4a795633b99c2f6976b3aa985a0baaaffff16|L5822|B5822;0x49363c9e7655d7f600b2b889eb58c369cfa2f21c50ced3eaadfc7c1887744a00|L5823|B5823,4,29,1,0,1,6,27,1,31,1,0,0,8.595984,1,0,0,0
0xcb585250f852c6c6bf90434ab21a00f02833a4af,OBSERVED,cbXRP,cbXRP:33,6:33,False,,33,33,0x42baf544f974d01208f77d048c4e02aa49825d6c3559d0dc9202223dcb55f0c3|L758|B758;0x5feea26883f9e4703c694024c2ba8a37f40a52d3d0a29cd46848537847b65896|L763|B763;0x1a1cb9b7c527ca21832bbd252a1b2a1a82a62713862566947174a285df5efe04|L4066|B4066;0xb9d064a1b6cb4146b3c4eba33c3cde5f304aa278195eeb605d766f5525c38af3|L4069|B4069;0x40d1759c97d9c0197142279136f7177ced3dbaf0ecf114a5fcab7a85d25caeea|L4074|B4074;0x960f44267eba18cc3191eca3062be24ffd0dfa17b83b40bfd2b9fd05ce6d1480|L4082|B4082;0x559b6556decde2bcd6b887fc02eb9efad9990de053a59894bbc4184ce1723ed0|L4312|B4312;0x5638377000713b7f684c00d05e00d9d9ec5630ba826c6a3ddb058113b77305cf|L4316|B4316;0x43bf8328709f905290bdd961dd63168fa90412bc4e7d5a2fc6bbc9b90f8d3465|L4322|B4322;0x84472f5f968e58c4188514f0dc0d1b4e7890dff56c5e26c3df05a7347bce7164|L4324|B4324;0x63c52f52f74a69474d7f674ce4f93f89983f03dbd3bf720de56d3bf83d934cc0|L4337|B4337;0xd5020cd720d308b27a5e580d3e691e3910d5831d3448d7874af72c010f4731b1|L4342|B4342;0x48ca1775b844a6563d46677237ae960e85ac12ce4bc3f85d78f4c83cfa081f9c|L4395|B4395;0x0d84662cd97fcae81ace70eb6cba1e9b3dd8c0222620d02c23a689971f1c87ee|L4414|B4414;0x7b781ee4b2f02fbb8166f30135ec353ae69847b272797cae19fe619ca8e0a8bd|L4426|B4426;0x1978224b25a37254fa90dea9096d73221f08d8cd5549adcf13fbc670af14a141|L4431|B4431;0xa4bc07a27978852a1a297c21657c88284a51c81cf92c323a0835254bfd1dcc09|L4469|B4469;0xe0dd24bcc3f56997799eb0fda8092f7f09b68dc063a920d5fcc761ad009a273a|L4588|B4588;0x7504de1cafe91a3211c6f4a5e634793be8e51500e38f230f6e02e45a76c52a44|L4970|B4970;0x35ec55da7c32bbc7b09cb640970af85767eb0bd11cd18829ef94577d447b503a|L4980|B4980;0xedbe01e9bb79b570c0098385f1fb808ee990060b353ef1b68ae074990956974e|L4982|B4982;0x77b1a8af5ba3dd58de58f352d505d7e546ca21706a127e42def96f7319f776b4|L5010|B5010;0x2aa52b84f777b9d2b405ba640638d075e5d695eeda94d5edf336037b17f435b6|L5020|B5020;0x35d70a5a07877dc286337d2e2f11a8cb03bf365ed2543784d4d886c8692212f2|L5022|B5022;0xbb7a296f88c84254c0f77aa03040ecdcc0f9611380aab953cc34a4036d361a7a|L5029|B5029;0x625fd68eb00a72118671aa77621cd238687f8298a62f5b78cef0185db6dffa26|L5038|B5038;0x52fc4775829bd983b5a375cd9b1ebba5fafbfac297e48a9a4fd4e7aae604537c|L5049|B5049;0x59e9b37c4552f24d37453b5390a77e33286d54c4128555a63e1303cc6eac69a0|L6124|B6124;0xb63581c6176bea123898a2d60ea66b35d12e33cff61763ca97839400d203e30d|L6126|B6126;0x7ed1322bf1a40f62eae3d9e4ea387f30ccba0ca9e8e78ad57f8801741c03f181|L6128|B6128;0x27a212f19e5d68333b10bfaf3e49346a3199e207363f0aa1ec86f207f2982529|L6130|B6130;0xef5c7549c12a8730c7404f1678b7acfb255f26bbd6105ad67d11e1ccfa468905|L6133|B6133;0xcb66b643da4bb102b3561be3ee6230d74baafa9e24490e0913764535a40b42a4|L6142|B6142,5,24,2,2,4,12,17,1,23,5,0,0,35.89805,5,0,0,0
0x14d6c649292c5c9790c5196d1a9ea039307947a1,OBSERVED,GULD,GULD:31,18:31,False,,31,31,0x89f7b150aae7f281837b9b5b1741b18938c1ff9dbe887b6a3cb1370ede0aadfc|L67|B67;0x6b1a4b2a3c3dd48888e161c8d06872ee76cce0e2c596d23487d8edd8cabe646f|L159|B159;0xa69bd68e991c86b87dfcd4dc89c09c6c358618a67cc247a8afd78bd0a19b84ee|L1112|B1112;0x01320c6a0cc13a290ff0f49e9ac434a854104804941b2ac94ac959d49009df2b|L1433|B1433;0xf821fd219bc413c443b50746911c433b5373a2169ab10b70a4d5684ad5955904|L1767|B1767;0x8e63768e0af2b683f6f5547525acb931a9d337d679bd189dfca24769033e39af|L1842|B1842;0x828fef15c0a6926fe33e8fdd75ff0fa8fdd7ae7d66b2055a0b4a4200df24a6ef|L2065|B2065;0x0785977470adf656e6e248610198496b4c00791464da3ce9f4a8f673052f7ed8|L2066|B2066;0x7dc8a197df59ae449059e99383fa42f833e8edb87ad8a732dd9f82becf087cdd|L2067|B2067;0xef295fe2e072bf0f294d7bc38ceffa51a9468e8336b453a9039a36dd2554fa1a|L2128|B2128;0x3e93a9c30553fe82d68e70cc739c16dd41f871c434794ac166bf157ab0a4ec65|L2187|B2187;0x220ecdb1ec682950e277ecf59c04570a1a20628985528e79fc3373329054b014|L2429|B2429;0x3e8f4aa5731031e9a7bcf0ce8830908b34b3643b83d96cf84fe857c216aaee5c|L2432|B2432;0x29b6974dc67b985ea5c1db953409512e658c9ddc391da28ebaae5a204e7dd9a8|L2464|B2464;0xee81f3ffb505e069bc14e8cc425e7810026669a9f8aefa444bf4a1c25a30c5fe|L2475|B2475;0x1641cb2d4a5ca02cc8486a1e8087ff3ccd114a70e70a8462914ea9db6ca661ac|L2651|B2651;0x4ddfcdf396dcefd7e9076876c0b7cd8c2543857fde8dbd3bfd8f7304caa93448|L3127|B3127;0xa67d2777173b66df17438ef69800e4f50578d3376b5d4c26f6bcbafcc220838d|L3347|B3347;0xcb10fc9db8479a61a9f8ed2ec7b1d30538a4ac4f5c928dfd3c146b110674b6b5|L3350|B3350;0xef21d19b74241c1156f369bc93a8f76c717213ff5925f77a6fba3ba23912276a|L3360|B3360;0x2d7bcac587202e855ebf48d0b3632c7e3cabe9cadb1afb90fea94c84b6b9a5c2|L3454|B3454;0xbf70f4e78e10100ab56d2e5e4cc40dab92eb0dc4712526c4b5f744dec99d29a3|L3694|B3694;0x56e4f90d5776024578edaa472ec4db91bb4a04aee4658184b85f3a7769a1c2b7|L3695|B3695;0x5bc81780a9bed689dd343e5d73a8aea6213cc9b92da9c534a92d1a244879c0f2|L5311|B5311;0x5fcac820517727765b4dee7fd494131bfd6c7c12a060bce0e84ab0cdfc168140|L5783|B5783;0x855390638a139dd2b73dbea8f6f381e138f42cb29312710e7dafca9c61d3bfe7|L5833|B5833;0xdefa84856eb8f05fa028334a3155bd309f937c728a64906d226d90d9b61afa44|L5834|B5834;0xdf7d37308fdc7017bed3eafd24c0110987d9db60307ea0bf86ca41b3243e24d5|L5860|B5860;0x36a51843680a1030f052e01a150492a51e6defb5ad61b9f947c254873032d751|L6055|B6055;0x215f8ea25885aa6c45bb4ea4967aee790b6d65cab0ee0db176ae9fe9705fa3da|L6081|B6081;0xdc6b1397111917d24d401ae6b5eabf19fe3d88e3bbc4ac431a46244dc267e08f|L6280|B6280,9,22,0,0,1,6,24,0,24,7,0,0,32.022675,7,0,0,0
0x5ab000ff9b9ffe0349ce5ffa5fd86f217c3680f5,OBSERVED,STONKEX,STONKEX:29,18:29,False,,29,29,0xe4666f5678415611407de43c6f6298bc402ccccf45d3d02026065e9b89e7e332|L360|B360;0x3d99b3bc189b70003b6a4da536d5c2bdb846675e3c8569e576039d8df315d13a|L626|B626;0xdf4c07ca8e28174567e4aa7110b4ffe2bf20ac09c2c4e76d2161f4a136fcaae4|L871|B871;0x599a8ff98fe4fa0a147d03646ff34fac89a7d0671e57b5e22ff2825b301b15b6|L874|B874;0x7abd203b9a28d96d7fe1428062772e34ca4b230987423c291862104fb0f68e57|L1252|B1252;0xcace59f768fbe40a452462ba9d5f678096d78e6b7c4f6ec46c7fd293b78e417c|L2629|B2629;0xfae655efa8ae8430e03a462c6dfe688d5a152659d463f21cbbb1ae42c67c16d3|L2630|B2630;0xb591ef610abbfb00fddf73ba47af02fead3c6f83c629db1a166a4e834ac466e9|L2699|B2699;0x846e293e274f1b5f9e57d694f1478f77a04f377d7986b8b4d1639b0954a9f07a|L2700|B2700;0xdfbf0c16d9ffd10116d03f9542998b379c08cab4eb8d2b563feefad34f0b9060|L2764|B2764;0x1f8ea3e1d56fc586dd83272c0adf3665bb2f9d5522d29820133d55c967be285c|L2768|B2768;0xdc62d6177632cc0f6a8acb374b2d316e2050a2d35288e5538ec9d2ce72ce9259|L2770|B2770;0x4a95b50cadad00467b7d32136b03cd671eaa2b80187777de64d44c9029e3b301|L2771|B2771;0x95c12bf7072163845708661ddbf1e3758e576bc3756e4e00adff2afc542611ef|L2772|B2772;0x265922afe85f9db8701acb1f15a21de05f43afd08817fd4f97cd0ebca32340fe|L2773|B2773;0x77729f2c6dd79e315142d3079e798432faa5330bd2d0edb79f44a728eb2043f7|L2774|B2774;0x7fcf6009dde72a46ab9544a5e8c84e89cb6db58ecb909c4b8ff1ac40b0cb3091|L2775|B2775;0x2fd1f3d317c3e03a6beafe9993eece5f0a24e212f9de81ac33fdf627b13222a4|L2776|B2776;0xaab8b7578fb346c594af99a76afb9c03c8de38351173f0c76082e0b99206192e|L3166|B3166;0x5a78625d142b88b4055ceab224b2fa93e553a7d0ac47aa0b546359949df1141b|L3167|B3167;0x31a513e2d8816e30fb43c229165be95451c8d7f7fbfd33bc30385f0bf406df45|L3697|B3697;0x4473baf84623c7bff0f240cb1b809a6efd4ab06b29c7928cebed84bfc7351560|L3711|B3711;0x700567d8e12fdeb4b7bc3690cf06655670f53c2c93afe60ff727d9da7a7071a1|L5506|B5506;0x7d35ce366f32bffcaa4387385d8049529308252abbbea5d796bde72ac55dbead|L5507|B5507;0x3cb210c475a9abef25dc839d98455783aac8a408f1f8a0531d03383ee6629149|L5510|B5510;0xdeb168d1f1d7289963be27c23766c803d34c77bb7a6f00a134786fa1886e916d|L5691|B5691;0xea85129ae9342f9af3a97bd2a86cd67eb2a170ec9b94d43ff5f13c41fa8f481e|L5770|B5770;0x4772997a7017bb2d661e2899cac4a795633b99c2f6976b3aa985a0baaaffff16|L5822|B5822;0x49363c9e7655d7f600b2b889eb58c369cfa2f21c50ced3eaadfc7c1887744a00|L5823|B5823,7,21,0,1,0,9,20,0,23,5,0,0,36.188029,5,0,0,0
0x74ccbe53f77b08632ce0cb91d3a545bf6b8e0979,OBSERVED,fBOMB,fBOMB:27,18:27,False,,27,27,0xe4666f5678415611407de43c6f6298bc402ccccf45d3d02026065e9b89e7e332|L360|B360;0x3d99b3bc189b70003b6a4da536d5c2bdb846675e3c8569e576039d8df315d13a|L626|B626;0xdf4c07ca8e28174567e4aa7110b4ffe2bf20ac09c2c4e76d2161f4a136fcaae4|L871|B871;0x599a8ff98fe4fa0a147d03646ff34fac89a7d0671e57b5e22ff2825b301b15b6|L874|B874;0x7abd203b9a28d96d7fe1428062772e34ca4b230987423c291862104fb0f68e57|L1252|B1252;0xfae655efa8ae8430e03a462c6dfe688d5a152659d463f21cbbb1ae42c67c16d3|L2630|B2630;0x846e293e274f1b5f9e57d694f1478f77a04f377d7986b8b4d1639b0954a9f07a|L2700|B2700;0xdfbf0c16d9ffd10116d03f9542998b379c08cab4eb8d2b563feefad34f0b9060|L2764|B2764;0x1f8ea3e1d56fc586dd83272c0adf3665bb2f9d5522d29820133d55c967be285c|L2768|B2768;0xdc62d6177632cc0f6a8acb374b2d316e2050a2d35288e5538ec9d2ce72ce9259|L2770|B2770;0x4a95b50cadad00467b7d32136b03cd671eaa2b80187777de64d44c9029e3b301|L2771|B2771;0x95c12bf7072163845708661ddbf1e3758e576bc3756e4e00adff2afc542611ef|L2772|B2772;0x265922afe85f9db8701acb1f15a21de05f43afd08817fd4f97cd0ebca32340fe|L2773|B2773;0x77729f2c6dd79e315142d3079e798432faa5330bd2d0edb79f44a728eb2043f7|L2774|B2774;0xaab8b7578fb346c594af99a76afb9c03c8de38351173f0c76082e0b99206192e|L3166|B3166;0x956fd0b2c22ce3091c9108be6fc302363b52d9335003b4c5da6a8f024d6e79d8|L3256|B3256;0x4436fea33b0a2e930ec4156f9def90f5ec48b0b98423638e6906f8df03116739|L3259|B3259;0xa095e83fb882fb35f40da02720c7d706d4222f07ccce9fc5e717f0b1b19e6ff5|L3567|B3567;0xd330400808f40bcff3e88bf85fedbb206284d0a85aea64bd3fa1d23fc9d69c09|L3578|B3578;0xee6c0710e0d9ab0a480b23b27132e43bf204d15745f5e5b65544aab532f4fb0d|L4812|B4812;0xaaeb3c5e5108ca0add18f7e0564bc75630c214596ad2138674ca7cbdc26d0626|L5473|B5473;0x06e71194cbce5bbd9ca226adfa62af93c6e6732f72c63c46dbcab97438ca51f9|L5477|B5477;0x7aa2d586bd2355cea816cb922add9fa16b9247c10a5637d76b22ca7a38faed72|L5502|B5502;0xcc3f4a62b49cf2b280746321f1e00cd406adc44f9267d78fd7b92330e271937e|L5512|B5512;0xea85129ae9342f9af3a97bd2a86cd67eb2a170ec9b94d43ff5f13c41fa8f481e|L5770|B5770;0x4772997a7017bb2d661e2899cac4a795633b99c2f6976b3aa985a0baaaffff16|L5822|B5822;0x49363c9e7655d7f600b2b889eb58c369cfa2f21c50ced3eaadfc7c1887744a00|L5823|B5823,4,23,0,0,0,6,21,0,25,2,0,0,10.019357,2,0,0,0
0x236aa50979d5f3de3bd1eeb40e81137f22ab794b,OBSERVED,tBTC,tBTC:26,18:26,False,,26,26,0xa5f98bd99063771db7d3c90fda6db4284f0b653097014822cb2d5ca6fe547377|L553|B553;0x054d74925e321f8cb40e8e958dfc478ab242e1fdce41637f2764455ba2c86b30|L557|B557;0x53992e5d7ce8545ffacd6613ddf30cb296cb9513ade0aa26aa0349ef5b71a0ab|L561|B561;0x8f22c5a5fbb41224c8500f25e2a86a433abf26b976bd6384c65f9b6945678516|L714|B714;0xb9d4c20bd7a01d4d68ed237b4cdd5b297c2cb67e133e36c1d14c98de1b02a033|L753|B753;0x514a0ab40e84fcc758390063b8292b57169805bbacc16fae3192598f49e41bb6|L754|B754;0x42baf544f974d01208f77d048c4e02aa49825d6c3559d0dc9202223dcb55f0c3|L758|B758;0xc2361774870ca423783bd338d96ee8b403b5554b1e11514d7ae71d30847c62af|L759|B759;0x5feea26883f9e4703c694024c2ba8a37f40a52d3d0a29cd46848537847b65896|L763|B763;0xbf9c1495c2c8b94e8dc923a73c96f4afab38406d54427f45a91d3b161c915068|L2689|B2689;0x3f3b988b8239cbb639af63af1a87148d1f81acf9c5caf002c0480f72eee31266|L2690|B2690;0x4fe1cc10123b0e2e5846187be677cf85ecc1e22b771bda405aa6084cca77502e|L2869|B2869;0xba14638431ee3ed13245d178e659738df799659d2c504b41098b65b69c975ea7|L2875|B2875;0x18b6e9d520bfd3e34b3c18d0ccaa25c01f51633bf32eb29c3aed80d06b95d69e|L3137|B3137;0x2b14bf53f41cdd6b5851291e625b87c751acf48e8b5f4f82980ebf1d537a94f4|L3140|B3140;0xb8b074e51f7913a212b757a28da42fc7e2ec874d9f3e6177a112a5c5b4e6b3f3|L3141|B3141;0x8132af392ecb7482d454ece09088ae080d2f697c91ae7aeb6f67ca421732be2f|L4120|B4120;0x3aa3f960c3f28b5399633d850318045b84b7efa5d9e251b3530a63dcf2e85197|L4151|B4151;0x9646da309933661d2d61b4b76c2a32b66624a89b07f3cfde03309a0a05b9c255|L4207|B4207;0x7d5d270ba36e751448d74ec5cc540e6ec4b4fdb4b71bfb843547d99d176509e7|L4587|B4587;0x144f99438a96cdb10b3e85a02711ab2f4e100e75c27697d7fdc38668db6b8a62|L4663|B4663;0x42f523aec10f2862dff44466a132eebdbd9588b0175c2590f2c38d479ee281e4|L4860|B4860;0x2be3820c43f98f20e931e010a9ca6a48cd2ac57df350be99089c1073c5960056|L4886|B4886;0x8eed8ae2f50be28ee1ea42449659d2a070c61fb077516628acf84fec2e223a9f|L4893|B4893;0x518425446879095f972225cd11a09902fe49df3dfe5a0d511adc04009ea9c2e6|L4979|B4979;0x14ec1e766ff86be8f115e1f812820a43d546b8ea19640fd95ec623c357f71975|L6097|B6097,3,23,0,0,4,7,15,0,22,4,0,0,13.627412,4,0,0,0
0x0b3e328455c4059eeb9e3f84b5543f74e24e7e1b,OBSERVED,VIRTUAL,VIRTUAL:20,18:20,False,,20,20,0x37d4bce9e070a204f6aa352770b0bb3fcf5e06adc59708af79ec7f6165ce7598|L261|B261;0x1e1a2b2b76779ecaa0c8a369a52e1249e6b9ad8f7b176523647bd980dfdc2210|L264|B264;0xef215dd008ec21818c0ee30d64e4f9b8fa18e08726c379ba6f49b4611e6883f6|L269|B269;0x0546a1dec414fd84bcc1e7b380f9c2488e35ea4a44bb44ad83690c30715cb005|L270|B270;0xfb287bdebf135eb8eb2a9da967637b323a1cec1f4e2e79c6bbe855540e75a770|L272|B272;0xbfe879eecd1a304740a42224b7a53a67cfbe38cb5e2eef2b15b8b5d900d43060|L278|B278;0x3598d2405b1e01fe56c35ba42299bf5170061218e2366831e73012d598db4951|L279|B279;0x54043c64c1cfb50a3b1f2c73ad3711e29cae3c78ea9bcf47ae970491efe30f00|L339|B339;0xb81adbe743aab5d59f7ee56a51f070648e7b51d3996dcd702139dc105009b6ec|L1119|B1119;0xb83691222d929c12e141faa220bd4be877a3c99e1dc43f279652b54680a51115|L1757|B1757;0x45c115d4d8c5ff5e9f346b21a619117b3296b51d93675d6501fadb9d1fcad488|L2881|B2881;0x53cf195e79d57e151811e382b93d2c7902b861afb0cff139dce0198818bacb3c|L3142|B3142;0x664eeaf1af387f5be38bbf9c39ff371882a9ab76ea16192511b9edc530e69acf|L4101|B4101;0xdf1aa6b6236ef805cb08574c26483706d84a002edc9f0c191856e3ac1b96170b|L4131|B4131;0x1049ebc0edb22be974d5fc1077a64a3266a8f70b8e8cc9990a15a1044e391d4f|L4300|B4300;0x0bbcfa478f847eb3e4ada18142cd66d87f9a255700e54eb52dde345225fdd762|L4446|B4446;0x7ce5b12b089ac94b3e94edd0ac24ecda4e7d849d94567d3db7a2fb7c3898ae04|L4689|B4689;0xfc1327330f6de63c77736f763d18931c9fc19b069ac19af148dbd5669b0f579a|L5242|B5242;0x047b071820cfaf89fea7785bb2432b2a6474bec75754c24d4299a995945ed9a4|L5585|B5585;0x25b5c3c73baf930c92f38d63a6f1a1375b161b132dd9a3d119d752fd138e4627|L5587|B5587,1,10,3,6,6,0,14,0,11,0,0,0,1.667528,0,0,0,0
0x590830dfdf9a3f68afcdde2694773debdf267774,OBSERVED,GIZA,GIZA:19,18:19,False,,19,19,0xb20131b122c9068364a06453ea072816c8b42e38c5b5c620cf8b7102c51ae03d|L208|B208;0xbeda7b407b68fc35658ecc2892345262f79329d390bcafcc74e5451e4784e0ae|L399|B399;0x20996581d76085274e1ea203522674b596ece8e8b82baec22607632a26079b11|L403|B403;0xeb2310e2ad1c6e18df29247f06f783e29f0f33171896d59b7fd02fcb6a541986|L409|B409;0x7fc1a02b69b90426ad8a4e6a453a4d1ee12bd92a57e8482254308aa1ce1ec64a|L415|B415;0x850fd64dc36900865d027f45db7671ce3699ae47772c16b59f0f8241c1e54688|L449|B449;0x5c7f2376de4035ae34b1d657c617f05495ba9b116dfb60cdab24005828d1b1da|L450|B450;0x745fb28bb835d8193ee0114bd2182340650c0213ef6dd7fa057318384ae6090e|L452|B452;0x8a4d8e5acaff4c0b30ddad38a667ca87f6fca33f848709fbde775d2b08626f04|L453|B453;0xc0a343554d6d0ce08e3e8071d40cbab231681853e3cfa5d51a05cde9f3c9884d|L454|B454;0x4d742a0e62828aaa504e78bce38f7919c8228537b0b3c890a0873ba66d0b2adf|L455|B455;0x09f5c906fccbd059c0fe43a664599c10b658aed398543e71386a528e1d692e86|L457|B457;0x5ff3117eab1ece4a94495890afe66ddf6d144c2e44af8aca68e76baffbe8c4d8|L463|B463;0x26bcd5cbaf6e98147df85c2e9291a9113cb3a954f19d2e8b7532d08634e3cc76|L467|B467;0xfda9d5504a54cab223e66f8c2717100316ff8fe031adb83147b7a68eb2ed8fe5|L473|B473;0x820512deaf04f5a253f8b53fb926214993d144361702968ba3908d80a503d159|L481|B481;0x4a365ed4c76d908afce94c96a289d7aad09aad64c672fb85e6422a746a567b54|L501|B501;0x364da832f44245630125db229dc9b7bc3e4ef0a692ac9eeaf15aa62a4ec169de|L509|B509;0xd104973ceb1fc6d1444abbab46f49fb4c377091f90fd038c9a0e85b9754d246a|L5857|B5857,8,7,0,4,0,4,15,1,10,4,0,0,9.476391,4,0,0,0
0xf4d97f2da56e8c3098f3a8d538db630a2606a024,OBSERVED,DIEM,DIEM:18,18:18,False,,18,18,0x1361dedfa1ddd7e42ab42dee0a9fcf185cd0aa2fedf3411884423cc9d807745a|L663|B663;0x13de0817b1339be4b9234f43f10a23fd077e145f17bef927c6512880e0e0534a|L2679|B2679;0x5a36f87e344a7b31b57b69c33da0553e3223e4c17e8aa010dbc28c726aa6fb3a|L2932|B2932;0x9c95c20548d3e8f936bda7394d59edab3d297f6eab949d62f16453488c7f072f|L3427|B3427;0x287bfaaca15de29b959786caa7db8cd1fb2d9f87e58a33b8b978b90f567f074e|L3433|B3433;0x144eb2ebe10b37e7bdb7717236b80fe8878d62046de0f672625f9be84b4f6e60|L5230|B5230;0xf9c57cdd1c87ede3992f4c005d9cd0bb398e6c79ebdcab27f44383b4aaf64675|L5232|B5232;0xb963103a2af5261c0884e007b5cadb70097d769075ab2e49508774e2cec5f93f|L5234|B5234;0x8aa2d884481f8c16c4eb79aa1c6b0091108e4013a8ac5e0cfcd79d10810af19a|L5237|B5237;0x394e6d075e351bf10fec3e901639e9e537ea54d9007bbda543d785f978680c10|L5348|B5348;0x7fa0664fb4f552f0a9fc725fa5f8af7535cd32ece70097c05929f6f4b4a9bb7a|L5358|B5358;0xc8ea03a6eec2e6c1fcddfe2fbafd67d048708ca9f6e2bf0718c87ded90dbd7ee|L5361|B5361;0xa3aeda81fc03746118107cc665b7b4802e46330df15e8a763e4db9a7d3939e6e|L5362|B5362;0x83e0e04f47f8fe018f08d6dcd4677f8ee69dbdfec578e3540a9887ec3e3a5aea|L5363|B5363;0x9520c5c4312ff8af00e3798c4d5243dc06186e3bdc3492dfa94cb204e093cba0|L5364|B5364;0x18b918490909749bb44758a133e88de0242cbecd5004f63553a2e48df9f079aa|L5365|B5365;0xcd5d579cf6a6addbd234a09222815894deaa45dbab087f4bc530c7fa902f0c2d|L5414|B5414;0x36122ca0a625d7d70728c5f6dfd2594ea56baea2290fa9a64224e40e706d890a|L5415|B5415,5,13,0,0,1,3,14,0,15,2,1,0,44.722517,3,1,0,0
0x9b5e262cf9bb04869ab40b19af91d2dc85761722,OBSERVED,NOCK,NOCK:16,16:16,False,,16,16,0x8a3fccc7ee66f322145cd7b53d735b7e9310854d8a76e403d179b4df8918d95c|L639|B639;0xaf0f797fc35271f5bab6287580a9b47e4488d154ce33789c3c70bc567425413e|L2241|B2241;0x346d6b020032775fd07d8a412a455bb9a48ff7aebe8f1edbdba87b9d0aae55ca|L2243|B2243;0xefe44be056f6aebc4bca4eb9161806a498b51822aef3378e1883d02dd9a8f282|L2244|B2244;0x849dae2839c88d667502c398b3c3e3e1fc90224d0ac066ee3516ff896fd16b80|L4366|B4366;0x6030f29094697315bc55dbae98fbf85d26e8f40d57a51637968041e45b94bc16|L4384|B4384;0xda68d85ab3c6ba908ee55c18461c1048e8f06f5d7522ef2e8571e62c96517238|L4601|B4601;0x4405b65b39bbc8b94cc4579433cbfb5ecb116fe5eae3d5de5fa3d2fb225cc107|L4604|B4604;0xe7837823659b39f9e542c7846bdd13575501cf1601b1598a90fdfd0caebd3638|L4606|B4606;0xa6936dbbd74560eca61219b4ceba6ec009236eb3af50e61b25f82d5c9ffeee15|L4607|B4607;0xbbe0a5ff34e1746425d744c8914d4fffc6216e5567d759d3eea58da3bf9df821|L5453|B5453;0xef4d0dd767df9740c6225186774ab9b70248b1ca0bad4c0c0e729d9113b72bc5|L5456|B5456;0xcc6333c699900276fce5433b6426f0d3fea8e1d41db2e9a45651be7fc15eaa94|L5457|B5457;0x7a95e9465482b1c7240406bdde96992795e40e013e4ab20714667b489d39deab|L5458|B5458;0x4be27c3364ecf99116b76def534678ec3505c7df3d2a23b3e8d044525d70c26d|L5711|B5711;0xfc7e304141dda463f4a366e1769a1b25db3a2fb210abe8920860352e3d6813df|L5712|B5712,6,6,0,4,1,4,11,1,8,3,0,0,24.618116,3,0,0,0
0xf8b22f75b7ee248ff723650f43c98b253e7dfb60,OBSERVED,kDIEM,kDIEM:14,18:14,False,,14,14,0x1361dedfa1ddd7e42ab42dee0a9fcf185cd0aa2fedf3411884423cc9d807745a|L663|B663;0x094052ccbdebe10072c64318c8d4d75f74cedf2f0cfd3c4deb74e83267dcf8f5|L2849|B2849;0x5a36f87e344a7b31b57b69c33da0553e3223e4c17e8aa010dbc28c726aa6fb3a|L2932|B2932;0x3a7684f37c090dcde4940f1a624eb57f6d0933e0f485f5271ba41b7bb071d6dc|L2987|B2987;0xf9c57cdd1c87ede3992f4c005d9cd0bb398e6c79ebdcab27f44383b4aaf64675|L5232|B5232;0xb963103a2af5261c0884e007b5cadb70097d769075ab2e49508774e2cec5f93f|L5234|B5234;0x8aa2d884481f8c16c4eb79aa1c6b0091108e4013a8ac5e0cfcd79d10810af19a|L5237|B5237;0x6cfcaf0f9fe1ec48547276c6f919b50bf14d878b7af7e3e7055f762e46ac3c5d|L5250|B5250;0x394e6d075e351bf10fec3e901639e9e537ea54d9007bbda543d785f978680c10|L5348|B5348;0xc8ea03a6eec2e6c1fcddfe2fbafd67d048708ca9f6e2bf0718c87ded90dbd7ee|L5361|B5361;0xa3aeda81fc03746118107cc665b7b4802e46330df15e8a763e4db9a7d3939e6e|L5362|B5362;0x83e0e04f47f8fe018f08d6dcd4677f8ee69dbdfec578e3540a9887ec3e3a5aea|L5363|B5363;0x9520c5c4312ff8af00e3798c4d5243dc06186e3bdc3492dfa94cb204e093cba0|L5364|B5364;0x18b918490909749bb44758a133e88de0242cbecd5004f63553a2e48df9f079aa|L5365|B5365,2,12,0,0,1,2,11,0,13,0,1,0,34.515762,1,1,0,0
0x940181a94a35a4569e4529a3cdfb74e38fd98631,OBSERVED,AERO,AERO:13,18:13,True,AERO,13,13,0xd2e0a8a87c94191a646177e17ca25bb4c61a43dc5f0920fdc9fbb7fcb18e08c5|L856|B856;0x59071ad9a22960290517ebe283a5f824845ee79484fdf984a38f29d147e1dfc6|L2636|B2636;0x956fd0b2c22ce3091c9108be6fc302363b52d9335003b4c5da6a8f024d6e79d8|L3256|B3256;0x4436fea33b0a2e930ec4156f9def90f5ec48b0b98423638e6906f8df03116739|L3259|B3259;0x7c1adbb49fe2c86bc56437ce34dc51fc357d2cbc3ad893a6e95e13f21278391b|L3542|B3542;0xa095e83fb882fb35f40da02720c7d706d4222f07ccce9fc5e717f0b1b19e6ff5|L3567|B3567;0xd330400808f40bcff3e88bf85fedbb206284d0a85aea64bd3fa1d23fc9d69c09|L3578|B3578;0x455ed96eb99d4bfdfee8a168732dbe3e1e9750963ebd57664cc1c846c6701c5f|L3982|B3982;0xf0005c62309067039e2f36ce9c2db64cba767f7a7b694ec64a809bec513cf4b9|L3992|B3992;0xaaeb3c5e5108ca0add18f7e0564bc75630c214596ad2138674ca7cbdc26d0626|L5473|B5473;0x06e71194cbce5bbd9ca226adfa62af93c6e6732f72c63c46dbcab97438ca51f9|L5477|B5477;0x7aa2d586bd2355cea816cb922add9fa16b9247c10a5637d76b22ca7a38faed72|L5502|B5502;0xb1d9718714cfd526c1e60cc6c11b0ef27ce48bb7ff6545760b0f01944b658201|L5572|B5572,1,12,0,0,1,2,10,0,13,0,0,0,1.937606,0,0,0,0
0xb2000000000000000000004c27f6523082f41d01,OBSERVED,Basecat,Basecat:13,18:13,False,,13,13,0xbfa91b46096e5955ccee9292a8e54726b99d1cf0c9633ef284f6d478e8f1d63f|L474|B474;0x96771a19e6fc436d0cb534964ea9a1273ab83251105f29bc99c257c3984a5c51|L609|B609;0x8b0685d95977341a8a413ba4016659c6ff9ad29d65e2e3071b8188baa2d8924b|L612|B612;0x72ccf1beb0565865f2d4bf621e886a993ffc9f9f713c4c9b87d681235ff31d20|L613|B613;0xbf271d217042fab9b9a61347527751ea753438df8f8af828800bc933d1e561e2|L614|B614;0x3dd0469e566da223846024ecfd1c9db55894ada3e53cb5adb3a01f76350392d3|L615|B615;0xc4fb43c268de984963151359f4730109fdf4ef76cf1bf764099c7aac72f5f1cc|L5335|B5335;0xb729e0eaf30d2627d35751522f0eeda21b88dbb45f6f2198028102aa83747d25|L5336|B5336;0x41417e391b6c8aaf4fbdc349ca205bdd8b34f67b43f47b8ee8faa33dcf19d920|L5354|B5354;0xb7f07a26d239ed8f92d403199363135bbe3c2b6b7c8829ea237d1cecbcc1722c|L5355|B5355;0xc1885fcf1b13180eaad0059a0faf651487bb417f70c9543e03a1860a1026fb06|L5356|B5356;0xc1124a07c31a63576beb9e2042f78b71f18d335381ca22c3a37df21f40c4a88a|L5670|B5670;0x9118b23e51ade2dfcd2d3bc6996f877dbd6265bbd824265ba57c2de9fa52ab8c|L5831|B5831,1,6,0,6,0,8,5,0,6,1,0,0,7.458895,1,0,0,0
0xacfe6019ed1a7dc6f7b508c02d1b04ec88cc21bf,OBSERVED,VVV,VVV:12,18:12,False,,12,12,0xb3c6c1c20ce7479694a2abce6f355269ae4b46ee3286cf3e150bbfd4443a0837|L2407|B2407;0x13de0817b1339be4b9234f43f10a23fd077e145f17bef927c6512880e0e0534a|L2679|B2679;0x922cc33fdec87893b5e3cd301d690e1e43b3d1127c6898b476a81994c7e780ed|L3423|B3423;0x65a0ec0f989c5b3a6ed3a45b91f4b58f0d540f01fd703fe821ce92487aad01e1|L3424|B3424;0x56fc4a344a44f5a39e23a95f094d9c87d6744856afb3739cab7ef9600313a33a|L3425|B3425;0xa7b82a76a43752362bada507c4c7dbfb1cec6ccc7789aa2e625c28c82c8e2317|L3426|B3426;0x9c95c20548d3e8f936bda7394d59edab3d297f6eab949d62f16453488c7f072f|L3427|B3427;0x287bfaaca15de29b959786caa7db8cd1fb2d9f87e58a33b8b978b90f567f074e|L3433|B3433;0x910a278f20e93516d47a2a85e92c69fa91862fa2d8ab9bc3c63debc991a9453e|L4906|B4906;0x035a6dab06724fb5fa94cdd9dd2b87cf1e2bdb858dc91d1f9ad9155b19689b4f|L5269|B5269;0xd15fb9e4b6c0b71ae28ad62117506ef221f2762a32ca647811a0e580de780005|L5270|B5270;0x36122ca0a625d7d70728c5f6dfd2594ea56baea2290fa9a64224e40e706d890a|L5415|B5415,3,9,0,0,5,0,7,0,11,1,0,0,3.561222,1,0,0,0
0xb2089a7069861c8d90c8da3aacab8e9188c0c531,OBSERVED,GREEN,GREEN:12,8:12,False,,12,12,0x6b1a4b2a3c3dd48888e161c8d06872ee76cce0e2c596d23487d8edd8cabe646f|L159|B159;0xf821fd219bc413c443b50746911c433b5373a2169ab10b70a4d5684ad5955904|L1767|B1767;0x828fef15c0a6926fe33e8fdd75ff0fa8fdd7ae7d66b2055a0b4a4200df24a6ef|L2065|B2065;0x0785977470adf656e6e248610198496b4c00791464da3ce9f4a8f673052f7ed8|L2066|B2066;0x7dc8a197df59ae449059e99383fa42f833e8edb87ad8a732dd9f82becf087cdd|L2067|B2067;0x3e93a9c30553fe82d68e70cc739c16dd41f871c434794ac166bf157ab0a4ec65|L2187|B2187;0x3e8f4aa5731031e9a7bcf0ce8830908b34b3643b83d96cf84fe857c216aaee5c|L2432|B2432;0xcb10fc9db8479a61a9f8ed2ec7b1d30538a4ac4f5c928dfd3c146b110674b6b5|L3350|B3350;0x5fcac820517727765b4dee7fd494131bfd6c7c12a060bce0e84ab0cdfc168140|L5783|B5783;0x855390638a139dd2b73dbea8f6f381e138f42cb29312710e7dafca9c61d3bfe7|L5833|B5833;0xdefa84856eb8f05fa028334a3155bd309f937c728a64906d226d90d9b61afa44|L5834|B5834;0xdc6b1397111917d24d401ae6b5eabf19fe3d88e3bbc4ac431a46244dc267e08f|L6280|B6280,1,11,0,0,0,0,12,0,11,1,0,0,3.855643,1,0,0,0
0xb200000000000000000000cfbdf64a8706a94a01,OBSERVED,BLUECHIP,BLUECHIP:11,18:11,False,,11,11,0x057a2ad76b1f00708002dee493597c14ce71a6a91a87a9375b23c409c8404047|L398|B398;0x689b71bab58ae15aa442411822e3c6afaf6d51c6eb7ff08f54184f48aaa537b2|L404|B404;0x75e003c33a8b64fb3781adfdd7957a66f37d44df0063e388b7bd98ecf6fcf41e|L405|B405;0xf7123aa9548ac6aecc5f2de2e640c088193330ef624ea8b3048ed8137cd7ec0a|L406|B406;0x5ce8a70543ba53b3446da3097076df0db1c2ac5c0ac3b86128fe70f998f23010|L407|B407;0x8413d682cba25c2444fa9fbcb71c1a771bcf22e442f7217e88b533254503b4e3|L2370|B2370;0x3df3f89e2dcd68e1972cba8777ce7d28500ae0f071ccbea96d5422340c771a70|L4642|B4642;0x02872a6578c36a7cd2022b8b2800b5d1ad4ac6a6682527d967bcbd563e9334c1|L5032|B5032;0xd74866f37848d519aaf3ef63a431b25a742a3d8c79d4ec76bb40f7a50b743c30|L5165|B5165;0x8721977ff7a04e486ea67c8209181fcd70b2ac5fbea4aabf28192138e4f0eea6|L5806|B5806;0x02d92bcd21e066c0003012ef8f496e52290eaa3057762246f292e426b657b172|L5807|B5807,3,4,0,4,0,4,7,1,5,1,0,0,9.689207,1,0,0,0
0xb200000000000000000000ec3c4c7395cc609813,OBSERVED,MRVLc,MRVLc:11,8:11,False,,11,11,0x04984cf5d675e3b5dc6f8dc26425b136bdc1d0b2e0bcbf90c363f89650019072|L3003|B3003;0xb395f166f473ad53a3fc2dc2143205ddd2168377fc7119793dd632edbb005f3c|L3037|B3037;0xf00150b9697e7f7751c5189a61657d29ff29b1ee61c2118c5faf23d3859c6dc3|L3040|B3040;0x1bb8981478f92cdc8e1a4fc021b96d78db59e72e951ebb3d2556d214c1fa4a0e|L3043|B3043;0xed03aa34fbb77a9a5854913c3c2dcb0eba69747e42fedeeb82f32b7c8d0b3443|L3443|B3443;0x29c0b96d2e6567233b68c750177ffabf20502d2972066e70439ee8edfb31d5e6|L3626|B3626;0xc6566a49ed63fae3a0b13701080d86297e89d2f7ddf1d6e0bb24675c7449898e|L3638|B3638;0x45bcbeeaaa6ea0d5ff5039642fce9084ffa3ca9903610511eeccb583b419666b|L3797|B3797;0x2fa2dd237a226b370f49df1df1cce2eadaa4ee459d39d7cff4ac3f9756ec8367|L3819|B3819;0x1b088f55b77601dff6bbb732ce6ff1c3d06c5d9e9b8da1731720f7e9c19f2d5a|L5327|B5327;0x696c22d13556a8338271354f0d8c0c7c1470ce7f737fff624cc3b9d02fc8aa19|L6053|B6053,4,7,0,0,0,2,9,0,10,1,0,0,4.199893,1,0,0,0
0x19640000000ba88d36206beb10d0e86011c8d08c,OBSERVED,RALLY,RALLY:10,18:10,False,,10,10,0x0785977470adf656e6e248610198496b4c00791464da3ce9f4a8f673052f7ed8|L2066|B2066;0xef295fe2e072bf0f294d7bc38ceffa51a9468e8336b453a9039a36dd2554fa1a|L2128|B2128;0x220ecdb1ec682950e277ecf59c04570a1a20628985528e79fc3373329054b014|L2429|B2429;0x3e8f4aa5731031e9a7bcf0ce8830908b34b3643b83d96cf84fe857c216aaee5c|L2432|B2432;0x2d7bcac587202e855ebf48d0b3632c7e3cabe9cadb1afb90fea94c84b6b9a5c2|L3454|B3454;0xbf70f4e78e10100ab56d2e5e4cc40dab92eb0dc4712526c4b5f744dec99d29a3|L3694|B3694;0x5fcac820517727765b4dee7fd494131bfd6c7c12a060bce0e84ab0cdfc168140|L5783|B5783;0xdefa84856eb8f05fa028334a3155bd309f937c728a64906d226d90d9b61afa44|L5834|B5834;0x36a51843680a1030f052e01a150492a51e6defb5ad61b9f947c254873032d751|L6055|B6055;0x215f8ea25885aa6c45bb4ea4967aee790b6d65cab0ee0db176ae9fe9705fa3da|L6081|B6081,3,7,0,0,1,2,7,0,8,2,0,0,10.585708,2,0,0,0
0xb10cb07ca2cdac77fbb5707f6690301f9d036f45,OBSERVED,WIN,WIN:10,8:10,False,,10,10,0xa69bd68e991c86b87dfcd4dc89c09c6c358618a67cc247a8afd78bd0a19b84ee|L1112|B1112;0x01320c6a0cc13a290ff0f49e9ac434a854104804941b2ac94ac959d49009df2b|L1433|B1433;0xef295fe2e072bf0f294d7bc38ceffa51a9468e8336b453a9039a36dd2554fa1a|L2128|B2128;0x220ecdb1ec682950e277ecf59c04570a1a20628985528e79fc3373329054b014|L2429|B2429;0x1641cb2d4a5ca02cc8486a1e8087ff3ccd114a70e70a8462914ea9db6ca661ac|L2651|B2651;0x2d7bcac587202e855ebf48d0b3632c7e3cabe9cadb1afb90fea94c84b6b9a5c2|L3454|B3454;0x5bc81780a9bed689dd343e5d73a8aea6213cc9b92da9c534a92d1a244879c0f2|L5311|B5311;0x855390638a139dd2b73dbea8f6f381e138f42cb29312710e7dafca9c61d3bfe7|L5833|B5833;0xdf7d37308fdc7017bed3eafd24c0110987d9db60307ea0bf86ca41b3243e24d5|L5860|B5860;0xdc6b1397111917d24d401ae6b5eabf19fe3d88e3bbc4ac431a46244dc267e08f|L6280|B6280,0,10,0,0,1,0,9,0,10,0,0,0,1.357255,0,0,0,0
0xb10cc888cb2cce7036f4c7ecad8a57da16161338,OBSERVED,SWITCH,SWITCH:10,8:10,False,,10,10,0x01320c6a0cc13a290ff0f49e9ac434a854104804941b2ac94ac959d49009df2b|L1433|B1433;0x828fef15c0a6926fe33e8fdd75ff0fa8fdd7ae7d66b2055a0b4a4200df24a6ef|L2065|B2065;0x7dc8a197df59ae449059e99383fa42f833e8edb87ad8a732dd9f82becf087cdd|L2067|B2067;0x29b6974dc67b985ea5c1db953409512e658c9ddc391da28ebaae5a204e7dd9a8|L2464|B2464;0xee81f3ffb505e069bc14e8cc425e7810026669a9f8aefa444bf4a1c25a30c5fe|L2475|B2475;0x4ddfcdf396dcefd7e9076876c0b7cd8c2543857fde8dbd3bfd8f7304caa93448|L3127|B3127;0xbf70f4e78e10100ab56d2e5e4cc40dab92eb0dc4712526c4b5f744dec99d29a3|L3694|B3694;0x56e4f90d5776024578edaa472ec4db91bb4a04aee4658184b85f3a7769a1c2b7|L3695|B3695;0x5bc81780a9bed689dd343e5d73a8aea6213cc9b92da9c534a92d1a244879c0f2|L5311|B5311;0xdf7d37308fdc7017bed3eafd24c0110987d9db60307ea0bf86ca41b3243e24d5|L5860|B5860,2,8,0,0,0,0,10,0,10,0,0,0,2.135556,0,0,0,0
0xb20000000000000000000078ee7ce2fe4908108c,OBSERVED,NVDAc,NVDAc:10,8:10,False,,10,10,0x689b71bab58ae15aa442411822e3c6afaf6d51c6eb7ff08f54184f48aaa537b2|L404|B404;0x8413d682cba25c2444fa9fbcb71c1a771bcf22e442f7217e88b533254503b4e3|L2370|B2370;0x5a36f87e344a7b31b57b69c33da0553e3223e4c17e8aa010dbc28c726aa6fb3a|L2932|B2932;0x004bfacee184bc05a8dfc736ba3c817cbc52093d42247d8a53b5b9b3ae93fb60|L2938|B2938;0x3a7684f37c090dcde4940f1a624eb57f6d0933e0f485f5271ba41b7bb071d6dc|L2987|B2987;0x5e3f48e46060079fa70ca0f4e228f416ddedcf86718266af57cf6b2a99b91152|L3067|B3067;0x3db7db3c717fbcb22ba1a92fdd1dc12e57379f23ec6cdfda0ba925392da1ebe1|L3364|B3364;0x3df3f89e2dcd68e1972cba8777ce7d28500ae0f071ccbea96d5422340c771a70|L4642|B4642;0xb963103a2af5261c0884e007b5cadb70097d769075ab2e49508774e2cec5f93f|L5234|B5234;0x8721977ff7a04e486ea67c8209181fcd70b2ac5fbea4aabf28192138e4f0eea6|L5806|B5806,0,4,1,5,0,2,8,0,4,0,0,0,0.138579,0,0,0,0
0x311935cd80b76769bf2ecc9d8ab7635b2139cf82,OBSERVED,SOL,SOL:9,9:9,False,,9,9,0x514a0ab40e84fcc758390063b8292b57169805bbacc16fae3192598f49e41bb6|L754|B754;0xfae655efa8ae8430e03a462c6dfe688d5a152659d463f21cbbb1ae42c67c16d3|L2630|B2630;0xa4bc07a27978852a1a297c21657c88284a51c81cf92c323a0835254bfd1dcc09|L4469|B4469;0x150280325ab9e1237ccafe08529ece425e78d1547213b6849dab71786a275f80|L4726|B4726;0x539afda1d7e592d1033f79353eb3212b7624063b40e72d470fe388fffb72226c|L4738|B4738;0xd5f3e147dc9d9e80ef906a97f22e9ecf03d86562a66c0c033d246b8747d214d2|L4749|B4749;0x71aec0235f408587cff19bcbe49dc8e53bad23abe5253d0e82f53176f01e98ad|L5342|B5342;0x00ab42d907dd7cc5854890f946534eeb01cf79976e117fac6a5b37170a949edb|L5598|B5598;0xc2af278b0b7b018c5219269ba88f6aeeaee5279ff562160dc2f3f4a4e8637c8d|L5683|B5683,0,9,0,0,0,2,7,1,8,0,0,0,0.589138,0,0,0,0
0x600d601d8b9eb5de5ac90fefc68d0d08801bfd3f,OBSERVED,ELMT,ELMT:9,8:9,False,,9,9,0x89f7b150aae7f281837b9b5b1741b18938c1ff9dbe887b6a3cb1370ede0aadfc|L67|B67;0x6b1a4b2a3c3dd48888e161c8d06872ee76cce0e2c596d23487d8edd8cabe646f|L159|B159;0x8e63768e0af2b683f6f5547525acb931a9d337d679bd189dfca24769033e39af|L1842|B1842;0x3e93a9c30553fe82d68e70cc739c16dd41f871c434794ac166bf157ab0a4ec65|L2187|B2187;0x220ecdb1ec682950e277ecf59c04570a1a20628985528e79fc3373329054b014|L2429|B2429;0xa67d2777173b66df17438ef69800e4f50578d3376b5d4c26f6bcbafcc220838d|L3347|B3347;0xcb10fc9db8479a61a9f8ed2ec7b1d30538a4ac4f5c928dfd3c146b110674b6b5|L3350|B3350;0xef21d19b74241c1156f369bc93a8f76c717213ff5925f77a6fba3ba23912276a|L3360|B3360;0x56e4f90d5776024578edaa472ec4db91bb4a04aee4658184b85f3a7769a1c2b7|L3695|B3695,4,5,0,0,1,4,4,0,5,4,0,0,17.627351,4,0,0,0
0xff8104251e7761163fac3211ef5583fb3f8583d6,OBSERVED,REPPO,REPPO:9,18:9,False,,9,9,0x37d4bce9e070a204f6aa352770b0bb3fcf5e06adc59708af79ec7f6165ce7598|L261|B261;0x1e1a2b2b76779ecaa0c8a369a52e1249e6b9ad8f7b176523647bd980dfdc2210|L264|B264;0xef215dd008ec21818c0ee30d64e4f9b8fa18e08726c379ba6f49b4611e6883f6|L269|B269;0x0546a1dec414fd84bcc1e7b380f9c2488e35ea4a44bb44ad83690c30715cb005|L270|B270;0xfb287bdebf135eb8eb2a9da967637b323a1cec1f4e2e79c6bbe855540e75a770|L272|B272;0xbfe879eecd1a304740a42224b7a53a67cfbe38cb5e2eef2b15b8b5d900d43060|L278|B278;0x3598d2405b1e01fe56c35ba42299bf5170061218e2366831e73012d598db4951|L279|B279;0x54043c64c1cfb50a3b1f2c73ad3711e29cae3c78ea9bcf47ae970491efe30f00|L339|B339;0xb83691222d929c12e141faa220bd4be877a3c99e1dc43f279652b54680a51115|L1757|B1757,0,0,3,6,3,0,6,0,0,0,0,0,0.0,0,0,0,0
0x0f61edbfe6cd86024c0f210c0695b08df55fdfc9,OBSERVED,BSTONK,BSTONK:8,18:8,False,,8,8,0x974a4ed6a470e7998030f503ff40024dae6e9954e7c898fedc9ecc1bb73022ec|L368|B368;0x102462795d6f72739c876b7ff30982d26d6c4d45560f9e3452d514185847b9cb|L437|B437;0x7542e3d9e8cfa048931591def8c84a6e221fc09a6abe0c3a39dee339ee85362b|L477|B477;0xb476eb3de959641233e91536c79285e52aaa1eee4a04fb4c3493b89c46b00db9|L485|B485;0xcdb33aa448a60a58d3d3b38c907266d032634b8cfa2eaebaca0cbb2f8dfcd10c|L523|B523;0xd670844d2e5ce826cfc2f036bf12ad9bf3b14ed42cffbdf4a1bb97f9b300f012|L1820|B1820;0x3819ccb81c28bf8b5045b589c79614f4736982742f5e3a9ef5a2751d1fe6a5a6|L3465|B3465;0xe707382a1d2dabc6e2bde47826812964dea6229f691c02560d82ede6dfe38d36|L3868|B3868,4,3,0,1,0,6,2,0,6,1,0,0,2.559888,1,0,0,0
0x97be14dd8f994a5364573bc035d85309e7cb34de,OBSERVED,JitoSOL,JitoSOL:8,9:8,False,,8,8,0x514a0ab40e84fcc758390063b8292b57169805bbacc16fae3192598f49e41bb6|L754|B754;0xa4bc07a27978852a1a297c21657c88284a51c81cf92c323a0835254bfd1dcc09|L4469|B4469;0x150280325ab9e1237ccafe08529ece425e78d1547213b6849dab71786a275f80|L4726|B4726;0x539afda1d7e592d1033f79353eb3212b7624063b40e72d470fe388fffb72226c|L4738|B4738;0xd5f3e147dc9d9e80ef906a97f22e9ecf03d86562a66c0c033d246b8747d214d2|L4749|B4749;0x71aec0235f408587cff19bcbe49dc8e53bad23abe5253d0e82f53176f01e98ad|L5342|B5342;0x00ab42d907dd7cc5854890f946534eeb01cf79976e117fac6a5b37170a949edb|L5598|B5598;0xc2af278b0b7b018c5219269ba88f6aeeaee5279ff562160dc2f3f4a4e8637c8d|L5683|B5683,0,8,0,0,0,1,7,1,7,0,0,0,0.268152,0,0,0,0
0x526728dbc96689597f85ae4cd716d4f7fccbae9d,OBSERVED,msUSD,msUSD:7,18:7,False,,7,7,0xb097b1e137ea76ef8a2219bfea1070852422818c8e226916234343c6c729a096|L730|B730;0x42baf544f974d01208f77d048c4e02aa49825d6c3559d0dc9202223dcb55f0c3|L758|B758;0xc2361774870ca423783bd338d96ee8b403b5554b1e11514d7ae71d30847c62af|L759|B759;0x5feea26883f9e4703c694024c2ba8a37f40a52d3d0a29cd46848537847b65896|L763|B763;0x38570b3df03788949fd31f597c377db334b4970a174834bf010b4a75036ba598|L1182|B1182;0xb18c26d9d0e91f867e1d0584b5185301d069d3cdb229b77c59e8a9b25b790fec|L2346|B2346;0xb8b074e51f7913a212b757a28da42fc7e2ec874d9f3e6177a112a5c5b4e6b3f3|L3141|B3141,1,6,0,0,0,5,2,0,7,0,0,0,1.455863,0,0,0,0
0x7ba6f01772924a82d9626c126347a28299e98c98,OBSERVED,msETH,msETH:7,18:7,False,,7,7,0xb097b1e137ea76ef8a2219bfea1070852422818c8e226916234343c6c729a096|L730|B730;0x42baf544f974d01208f77d048c4e02aa49825d6c3559d0dc9202223dcb55f0c3|L758|B758;0xc2361774870ca423783bd338d96ee8b403b5554b1e11514d7ae71d30847c62af|L759|B759;0x5feea26883f9e4703c694024c2ba8a37f40a52d3d0a29cd46848537847b65896|L763|B763;0x38570b3df03788949fd31f597c377db334b4970a174834bf010b4a75036ba598|L1182|B1182;0xb18c26d9d0e91f867e1d0584b5185301d069d3cdb229b77c59e8a9b25b790fec|L2346|B2346;0xb8b074e51f7913a212b757a28da42fc7e2ec874d9f3e6177a112a5c5b4e6b3f3|L3141|B3141,1,6,0,0,0,5,2,0,7,0,0,0,1.455863,0,0,0,0
0x95669a6589a81a6704bab1020722d0c405841885,OBSERVED,GIVE,GIVE:7,8:7,False,,7,7,0xa69bd68e991c86b87dfcd4dc89c09c6c358618a67cc247a8afd78bd0a19b84ee|L1112|B1112;0xef295fe2e072bf0f294d7bc38ceffa51a9468e8336b453a9039a36dd2554fa1a|L2128|B2128;0x29b6974dc67b985ea5c1db953409512e658c9ddc391da28ebaae5a204e7dd9a8|L2464|B2464;0xee81f3ffb505e069bc14e8cc425e7810026669a9f8aefa444bf4a1c25a30c5fe|L2475|B2475;0x1641cb2d4a5ca02cc8486a1e8087ff3ccd114a70e70a8462914ea9db6ca661ac|L2651|B2651;0xbf70f4e78e10100ab56d2e5e4cc40dab92eb0dc4712526c4b5f744dec99d29a3|L3694|B3694;0x56e4f90d5776024578edaa472ec4db91bb4a04aee4658184b85f3a7769a1c2b7|L3695|B3695,1,6,0,0,0,0,7,0,7,0,0,0,0.716849,0,0,0,0
0xb2000000000000000000008501b13360000cb2ec,OBSERVED,cbZEC,cbZEC:7,8:7,False,,7,7,0xf77ca015ba7362b933af9143e62f21e428ef21d2d5f3fd54990ccef3de1c4e9b|L699|B699;0xa90334361f5961e825c2a6c86d889684ed2ef356df983690f419e04d36a7ed39|L702|B702;0xf5e0ae7955b3d851f03323c4a84e84768757afe59de482beb420a92496fffe06|L1805|B1805;0x1922b76c3b7e2fbb0349e34e6f82612144e89c33e68f66e40c189b013b94d687|L1808|B1808;0x03612408daf8c37341acf231ea04561774933f4cf8967ef7f27eaec479daa149|L2249|B2249;0x5e081500212de0573d20c8a3fcee326c34d04e301fe3f69158701ed41edbb52e|L3662|B3662;0xefb325ba6c9fa18a79234abeb2d5baffd9b7e496375027d8ee1c2afc54010ddc|L4331|B4331,0,7,0,0,1,0,6,0,7,0,0,0,1.923792,0,0,0,0
0xb200000000000000000000c2e324d24d7eecd1fb,OBSERVED,AAPLc,AAPLc:7,8:7,False,,7,7,0xfbc81d4ba0f3e369167574b6e8ee56e370d4c8f0b4066f2744301593bed8613d|L491|B491;0xc4b6a20d418c98748232d53ed91b5cc0efa18bb94c5c1a413d56acd4919271a1|L492|B492;0x4478a0e91d342ae1260b1a673b116bb4a2b1e74c094dd89340c8f1b4b8358265|L1249|B1249;0x0a26a54a2675ee2376d6229b7ff8eedc6c94ef6cbbb621474cef113890593ad4|L1526|B1526;0x197c21630a7f08fbb5f6eea5b1ef5789f0d491d6e8b22a903a44245e766b6837|L4255|B4255;0x02872a6578c36a7cd2022b8b2800b5d1ad4ac6a6682527d967bcbd563e9334c1|L5032|B5032;0xf9c57cdd1c87ede3992f4c005d9cd0bb398e6c79ebdcab27f44383b4aaf64675|L5232|B5232,2,5,0,0,0,1,6,0,6,1,0,0,8.599248,1,0,0,0
0xb3846fd356c2149ee8d30b0449088dc74e265459,OBSERVED,GLMR,GLMR:7,18:7,False,,7,7,0x13d30715f9dac7f8faf7b6eb8d911d737259247cd793bb388f23126bb9535158|L441|B441;0x04ac2d78c6c708438cac16e817390ac346e0ffd7ade09ec11c8122eed8746b4d|L1635|B1635;0x401a8a83e365107d06265c384c2edee1d1d4439e0da97884e5ed72261ab5b7b3|L1636|B1636;0xb426adca2c357aff2fc0c02278108803de7cdc67ca9868351e05ffd80fb80cd9|L2727|B2727;0x673013b6d10fc07cd4986807590de0534fd7bbcdcbda74b0de9f95867f98e8fe|L5430|B5430;0x4e4ff530329658d0ff18464fae9c49d15a05dfe322290f9e0dffc031d3def7e0|L5467|B5467;0x5f1ac5017d9cffc7e52e02610b431faee70b807f461ced4af7c085e652cd8318|L6163|B6163,2,5,0,0,1,2,4,0,7,0,0,0,0.921917,0,0,0,0
0xc3de830ea07524a0761646a6a4e4be0e114a3c83,OBSERVED,UNI,UNI:7,18:7,False,,7,7,0x8dab57d058c5816312a1337ac29ad4d9bde7d2edc4027ba8a046e9e5af5c5a2e|L1524|B1524;0xf81148e8f2fc651b53a126c6437dee59461c03ea60472c4053755b613805d0f1|L1525|B1525;0x281ecc4d5f9a6d210371e0a3ad5d68e17837a8b9944d941afe2f6feca1edaa19|L1655|B1655;0x0058d0fd2fed1e229e00834929ccc60f980fc7b1ba6cd1604320d4d6b6a3ab8f|L1656|B1656;0x23234a728b808ff691a4510993b3741713bf86285ff37a6d6f383f3e1e841590|L1688|B1688;0xc48ced8f256f0041a4f0bb33fa2c8662a0a3858370586da37c4f75fe542f81eb|L4636|B4636;0xbda357fb21b22ac8467056f09e4fe78eaa55bd47220b6366e7d0ccd21bc99f18|L4638|B4638,0,5,1,1,1,3,3,0,4,1,0,0,1.79058,1,0,0,0
0xcbd06e5a2b0c65597161de254aa074e489deb510,OBSERVED,cbDOGE,cbDOGE:7,8:7,False,,7,7,0x670af6bae582213410ded04e6622da322d3758396cbb34d725bab12d0025dd3e|L734|B734;0x85b0223161501892fed4b4531c2b81b4afc296c390940889d1c82234cf199b71|L796|B796;0xc1cbc489484bee25224aa55e7359834646157c47848067ba55077496a7a912c2|L1718|B1718;0xf5e60f8f05b660086f84e2c8c50c666d090aef4423c709c1e42b73d29c877c9f|L1719|B1719;0x769dae7c3e6a5faccd8fbdd1bb4cf399870e9aa5bc43caca5d79543bbb250b3b|L1720|B1720;0x7c146734b25c9bd74564af6cf390453d5fa5b2fb17ad8b3ff9a1b698654abafc|L1721|B1721;0x4a2374d0a76826cec419d77f2c2056b24b0f9f2f377759b0268f25a846639c2a|L5672|B5672,1,5,0,1,0,0,7,0,5,1,0,0,1.983657,1,0,0,0
0x3def25780ba11605b740888c30aaf00b01299401,OBSERVED,Trenchors,Trenchors:6,18:6,False,,6,6,0xa43f1942c68bfc72aa308edc6207a1720164a0b377d778cea5dc8934dcc57150|L1980|B1980;0xf85829a7ea155f1085a9f5fcd18f56ea4f32d03731106e3a6eae37eea7a92174|L2120|B2120;0x94ef998281993df06fd037e6bb41aaad6d1ecb481d25e96ec94e88595bcd7c09|L2157|B2157;0x36c853ae19fbf54063efbf51627f2cb252fe97ae338204672b4cbd6899c155b6|L2160|B2160;0x27ce7c09ac874c814995092d42615aa6568d11c8e59b3fa85133d673b73645cb|L2865|B2865;0x92d2f345836a15ca84a397eff91efffae67611a06ac3a76a344020885d2de9c3|L2889|B2889,0,0,2,4,0,1,5,0,0,0,0,0,0.0,0,0,0,0
0xb20000000000000000000070f6c1a66d7c1e4d01,OBSERVED,SPIKE,SPIKE:6,18:6,False,,6,6,0xbcfe5666d83005dedc047bb06bf08f5f8023420f960219d56b5c9b82469dbf4b|L820|B820;0xd5fd814a677b17145bdedbf2a0ef13b22406c619dda9ef3e80defd50c3abf857|L821|B821;0xde874ef11525156f31fba1e56edcbbe371d600d295928162aa66c38ab9d3c35c|L1455|B1455;0xa24eb92326e2803548e540e2f6b861f177aea2fef9a599225aeb74aa55673ec2|L3175|B3175;0x65ac6a0f6be01bb0e37d8e34ca71bcd2d9e8e6e1c01b48a1b21ac213b53f8f52|L4671|B4671;0x4cb9fece16baa80ba5d20d3b7552091dfafcd6b67ff89796db59a518c1ab88d8|L4672|B4672,0,0,1,5,0,3,3,0,0,0,0,0,0.0,0,0,0,0
0xf1070fd43cd11af8da18ff4edfb1a18279cd6f67,OBSERVED,CAS,CAS:6,18:6,False,,6,6,0x45c115d4d8c5ff5e9f346b21a619117b3296b51d93675d6501fadb9d1fcad488|L2881|B2881;0x53cf195e79d57e151811e382b93d2c7902b861afb0cff139dce0198818bacb3c|L3142|B3142;0xdf1aa6b6236ef805cb08574c26483706d84a002edc9f0c191856e3ac1b96170b|L4131|B4131;0x0bbcfa478f847eb3e4ada18142cd66d87f9a255700e54eb52dde345225fdd762|L4446|B4446;0x7ce5b12b089ac94b3e94edd0ac24ecda4e7d849d94567d3db7a2fb7c3898ae04|L4689|B4689;0xfc1327330f6de63c77736f763d18931c9fc19b069ac19af148dbd5669b0f579a|L5242|B5242,0,6,0,0,3,0,3,0,6,0,0,0,0.972864,0,0,0,0
0x6c240dda6b5c336df09a4d011139beaaa1ea2aa2,OBSERVED,ETHFI,ETHFI:5,18:5,False,,5,5,0x314125e8903be50d67bc1feccc185b40a4fd4e4d164b937ef59e9309e51a7912|L3273|B3273;0x92db7c7c79271d70c10dc01121186f7177a5822791ae6d4e2781b0e9c12a30ff|L3306|B3306;0x6358540991942901fc624430ad98cbf12a18542d07024186648bf8165060ab87|L3307|B3307;0xd8f911a23d81418e3f4e569c4cf1fe0d2feccd69a4d259b373e7aa60e72d408a|L3313|B3313;0x915eec26ca3d6665419bef6883979f79041ba011c7fb905cf414f28128496a8c|L3365|B3365,0,0,0,5,0,0,5,0,0,0,0,0,0.0,0,0,0,0
0x8185eaf46136a3f095c60facd97eca1bfc2f38f6,OBSERVED,$OLIVIA2.0,$OLIVIA2.0:5,18:5,False,,5,5,0x974a4ed6a470e7998030f503ff40024dae6e9954e7c898fedc9ecc1bb73022ec|L368|B368;0x7542e3d9e8cfa048931591def8c84a6e221fc09a6abe0c3a39dee339ee85362b|L477|B477;0xb476eb3de959641233e91536c79285e52aaa1eee4a04fb4c3493b89c46b00db9|L485|B485;0xcdb33aa448a60a58d3d3b38c907266d032634b8cfa2eaebaca0cbb2f8dfcd10c|L523|B523;0xd670844d2e5ce826cfc2f036bf12ad9bf3b14ed42cffbdf4a1bb97f9b300f012|L1820|B1820,4,1,0,0,0,5,0,0,4,1,0,0,2.269681,1,0,0,0
0xb20000000000000000000029440a9564b59129b1,OBSERVED,plumber,plumber:5,18:5,False,,5,5,0xacf177b684c2c13ac3a82867eef0ea43dcedd69c5176ce5fec3f46bff65776f5|L3099|B3099;0x4b25d772f38a656210014b353323f6d273f6affc87e7eab7ab13d4b5d9405006|L3254|B3254;0x1edc371388761f156a14eba5d306b94a652656b1914cfdfcd7dc6c024e6fba34|L3361|B3361;0x8b7dda9577b39c33de88dd67119b93362448b5cdae43095ae06f73838234d478|L3464|B3464;0x6943f7d2041c9d6d506f60053c94f12db51cf0ddcad18149ba18a66bd9f2e573|L6030|B6030,0,1,0,4,1,2,2,0,1,0,0,0,0.091762,0,0,0,0
0xb38266e0e9d9681b77aeb0a280e98131b953f865,OBSERVED,DOVU[base],DOVU[base]:5,8:5,False,,5,5,0x45479b9fd5f4848f3c8e75006a9bbdc1be24d9e9c489353fbb3da4015e1a8f63|L119|B119;0x9501d4d835397e8d242712c6c3bf91111787a2e725db0c8444abbb0e1332b47d|L120|B120;0x13836d04ef82fc748c2f3de0b142d457556f20ef81af7f9fe0f27af155e2ac52|L121|B121;0x45387f00f33e985d72ecf913865df09059ba539bccb3cd39366e27b3dccab812|L122|B122;0xfb41d3e7ec06d2ce7230350d7533cfc151e662fe9236cd7a339d3060da9c8f87|L123|B123,2,3,0,0,0,4,1,0,3,2,0,0,5.379729,2,0,0,0
0xc7dcca0a3e69bd762c8db257f868f76be36c8514,OBSERVED,KIBSHI,KIBSHI:5,18:5,False,,5,5,0x40d1759c97d9c0197142279136f7177ced3dbaf0ecf114a5fcab7a85d25caeea|L4074|B4074;0xd5020cd720d308b27a5e580d3e691e3910d5831d3448d7874af72c010f4731b1|L4342|B4342;0xe0dd24bcc3f56997799eb0fda8092f7f09b68dc063a920d5fcc761ad009a273a|L4588|B4588;0x0ce2c80b48652860adb9a824305fb6544312155302eaa54059d94b97375cf140|L4589|B4589;0x52fc4775829bd983b5a375cd9b1ebba5fafbfac297e48a9a4fd4e7aae604537c|L5049|B5049,0,5,0,0,0,0,5,0,5,0,0,0,0.47694,0,0,0,0
0xfb31f85a8367210b2e4ed2360d2da9dc2d2ccc95,OBSERVED,EDEL,EDEL:5,18:5,False,,5,5,0x3fd61e237e3cd4980a21707ebb9f57ee64b8f6b095b1a52d4a58f0802592a54f|L23|B23;0x613c32369e21ebc148d1cb1b9aae0543fe342f3e5ad34ed74abf13f11d346770|L301|B301;0xfb567721e8816bea3fd082430dabdcad13198ddf1dc7cec9e59765804cec4bf0|L302|B302;0x01660c9335a471c916b606d7d9876f7ce352e5fe14c5dfa60c78b8e2ff3e9644|L1277|B1277;0x608b9c3e13610bb513f4158ef4d5a4f561ccb71529943f2df37c81a6b8367314|L1342|B1342,0,1,0,4,0,3,2,0,1,0,0,0,0.088964,0,0,0,0
0x00000e7efa313f4e11bfff432471ed9423ac6b30,OBSERVED,HYDX,HYDX:4,18:4,False,,4,4,0x86e40dd0d3681365ff2e63b44e3cf8feb98f19ac93c9c1826a99b80ff20c4b88|L872|B872;0xf1f4180da191f82a684133db8445e6dc6cc707cba8d947ed683ddfdf65d6e50c|L877|B877;0xea58657b7b209160a2acb4ccc34ea65d9d7d9f177703c6c542eb2052a6308fff|L1592|B1592;0x95bb0df703af6760291d14092ab960a63d9d8a5e7253299be3541124ed5c6af9|L3200|B3200,2,1,0,1,0,2,2,0,2,1,0,0,1.879689,1,0,0,0
0x0b123112f58bb11eb6c843e426d397d258f5e0e5,OBSERVED,SI,SI:4,18:4,False,,4,4,0x52e2180f535a86fbecb2d7f4f9e305dcc8c75d1bd6dcefae300362712502454e|L3050|B3050;0xcfd5f5dd28b7e7b9282e1adc5acbb9c2a9989ea8e0c7b674c66d582d5223c3cb|L5919|B5919;0xa2fbdb138c2bdf7247b0d8a574e1c58b5a3304c132208402ea5ddad97613ace0|L5988|B5988;0x413b6cfdded1f05d9830ef1e572c39b68618f090e85efba936251a1e7e71da25|L6040|B6040,2,1,0,1,1,0,3,0,3,0,0,0,1.849107,0,0,0,0
0x0f1cfd0bb452db90a3bfc0848349463010419ab2,OBSERVED,GURU,GURU:4,18:4,False,,4,4,0xad1516fb2bd65f374275ecf265e864b06ad3be3d9e5cba6719abf01c6ad0ce51|L2351|B2351;0x15f2d5ac0c5a5454505456fe6da5dbbbe63619e2f0884cd68ad9099f750ddd56|L2890|B2890;0x55d61b20d70465c2b64edc1f37080f5edfaa145bd8561ed4e6e5f9dc900073a1|L3148|B3148;0xf3e2888920edd9704fbc3ad67b1d8ff1a2a166bd9e12b5a92855d5bf4af41b9b|L5951|B5951,0,0,3,1,0,0,4,0,0,0,0,0,0.0,0,0,0,0
0x2d4bcc58fd1b101ae71c4b15c02178e1fbe777df,OBSERVED,MILF,MILF:4,18:4,False,,4,4,0x102462795d6f72739c876b7ff30982d26d6c4d45560f9e3452d514185847b9cb|L437|B437;0x3dd0469e566da223846024ecfd1c9db55894ada3e53cb5adb3a01f76350392d3|L615|B615;0x5a78625d142b88b4055ceab224b2fa93e553a7d0ac47aa0b546359949df1141b|L3167|B3167;0x3cb210c475a9abef25dc839d98455783aac8a408f1f8a0531d03383ee6629149|L5510|B5510,0,4,0,0,0,0,4,0,4,0,0,0,0.356012,0,0,0,0
0x58538e6a46e07434d7e7375bc268d3cb839c0133,OBSERVED,ENA,ENA:4,18:4,False,,4,4,0x11a9c4c51737e9dbe5ac0f3c842b1ad3f12bdcb1e304d3380bde4815befd24c2|L374|B374;0xf6537f9b7d46cc814424aaadee85188c2951e392c5d98e2a038bf695afd1cb9b|L2455|B2455;0xf98a316c9fc672a4e23e28b721b5679895227824b979b66818c56248b41f618a|L2459|B2459;0xce43578b039c7640493e780970e37ff01b88347380afe005e3ae031b1fabc643|L6004|B6004,0,2,0,2,0,3,1,0,2,0,0,0,0.435265,0,0,0,0
0x6985884c4392d348587b19cb9eaaf157f13271cd,OBSERVED,ZRO,ZRO:4,18:4,False,,4,4,0x09c39fd533b6029d11477d77c52ac949c2202434dc3d8041129efbd56425314e|L239|B239;0x1362d402344c774bb40a54bc859211963835e1e199841d1aceca0ffafa5d2108|L244|B244;0xa35966671c8f0d7b2bed8e365b1e72c801a4663a35e8f7ca966fb1bddf6454cd|L246|B246;0xd54f4105f94677c0ecea6325df386eea85a181e568f5dd39f4023f558f99b2c4|L3444|B3444,3,1,0,0,0,1,3,0,2,2,0,0,6.113987,2,0,0,0
0x7431ada8a591c955a994a21710752ef9b882b8e3,OBSERVED,MOR,MOR:4,18:4,False,,4,4,0xb3c6c1c20ce7479694a2abce6f355269ae4b46ee3286cf3e150bbfd4443a0837|L2407|B2407;0x65a0ec0f989c5b3a6ed3a45b91f4b58f0d540f01fd703fe821ce92487aad01e1|L3424|B3424;0x910a278f20e93516d47a2a85e92c69fa91862fa2d8ab9bc3c63debc991a9453e|L4906|B4906;0xd15fb9e4b6c0b71ae28ad62117506ef221f2762a32ca647811a0e580de780005|L5270|B5270,1,3,0,0,3,0,1,0,4,0,0,0,0.36933,0,0,0,0
0x9c632e6aaa3ea73f91554f8a3cb2ed2f29605e0c,OBSERVED,xcn,xcn:4,18:4,False,,4,4,0xedbe01e9bb79b570c0098385f1fb808ee990060b353ef1b68ae074990956974e|L4982|B4982;0x2aa52b84f777b9d2b405ba640638d075e5d695eeda94d5edf336037b17f435b6|L5020|B5020;0x35d70a5a07877dc286337d2e2f11a8cb03bf365ed2543784d4d886c8692212f2|L5022|B5022;0x59e9b37c4552f24d37453b5390a77e33286d54c4128555a63e1303cc6eac69a0|L6124|B6124,0,4,0,0,1,0,3,0,4,0,0,0,0.857232,0,0,0,0
0xa6af0cea8fbc93e1eccc00f1fdd9a0bba251fee1,OBSERVED,IPOD,IPOD:4,18:4,False,,4,4,0xfbc81d4ba0f3e369167574b6e8ee56e370d4c8f0b4066f2744301593bed8613d|L491|B491;0xc4b6a20d418c98748232d53ed91b5cc0efa18bb94c5c1a413d56acd4919271a1|L492|B492;0x4478a0e91d342ae1260b1a673b116bb4a2b1e74c094dd89340c8f1b4b8358265|L1249|B1249;0x0a26a54a2675ee2376d6229b7ff8eedc6c94ef6cbbb621474cef113890593ad4|L1526|B1526,2,2,0,0,0,0,4,0,4,0,0,0,0.182633,0,0,0,0
0xb095274743941e953c746f9c228da9c18bb6ec29,OBSERVED,LAPTOP,LAPTOP:4,18:4,False,,4,4,0x75e003c33a8b64fb3781adfdd7957a66f37d44df0063e388b7bd98ecf6fcf41e|L405|B405;0xf7123aa9548ac6aecc5f2de2e640c088193330ef624ea8b3048ed8137cd7ec0a|L406|B406;0x02872a6578c36a7cd2022b8b2800b5d1ad4ac6a6682527d967bcbd563e9334c1|L5032|B5032;0xd74866f37848d519aaf3ef63a431b25a742a3d8c79d4ec76bb40f7a50b743c30|L5165|B5165,2,2,0,0,0,1,3,0,3,1,0,0,8.99497,1,0,0,0
0xbfd5206962267c7b4b4a8b3d76ac2e1b2a5c4d5e,OBSERVED,OSAK,OSAK:4,18:4,False,,4,4,0xe501d9c18bafd8ad7c84562e228879c6da200354c923fb529927efe969a38551|L3436|B3436;0xe57da1586192ead7e74314426a6bec276111bdc17b5550602d2a66a55d97b97f|L3574|B3574;0x455ed96eb99d4bfdfee8a168732dbe3e1e9750963ebd57664cc1c846c6701c5f|L3982|B3982;0x25dca69399ecd0a0b47e9b701f67d317f5ccada8e567a3afa28d4abbbe528485|L5163|B5163,0,2,0,2,2,0,2,0,2,0,0,0,0.148167,0,0,0,0
0x1223334444a7466fbf985b14e1f4edaf3883bca6,OBSERVED,GROW,GROW:3,18:3,False,,3,3,0xf821fd219bc413c443b50746911c433b5373a2169ab10b70a4d5684ad5955904|L1767|B1767;0x1641cb2d4a5ca02cc8486a1e8087ff3ccd114a70e70a8462914ea9db6ca661ac|L2651|B2651;0x4ddfcdf396dcefd7e9076876c0b7cd8c2543857fde8dbd3bfd8f7304caa93448|L3127|B3127,2,1,0,0,0,0,3,0,2,1,0,0,2.299529,1,0,0,0
0x43feb74608334dda8c1a6500d185cfc3ea962b83,OBSERVED,MOVR,MOVR:3,18:3,False,,3,3,0x673013b6d10fc07cd4986807590de0534fd7bbcdcbda74b0de9f95867f98e8fe|L5430|B5430;0x4e4ff530329658d0ff18464fae9c49d15a05dfe322290f9e0dffc031d3def7e0|L5467|B5467;0x5f1ac5017d9cffc7e52e02610b431faee70b807f461ced4af7c085e652cd8318|L6163|B6163,0,3,0,0,1,0,2,0,3,0,0,0,0.317385,0,0,0,0
0x5cda0e1ca4ce2af96315f7f8963c85399c172204,OBSERVED,wtCOIN,wtCOIN:3,18:3,False,,3,3,0xa9e5a7ed03c781c022cf61015c7ca47440c475cce7c937dd2250c4ef554254de|L428|B428;0x07075220514dbe9d5b966b24d5d3ffe5877e95079debfc3fb53f68519456e1aa|L3543|B3543;0x0143ec1761689cd4e251e85c2b2ead64d115760f633f389a922b45872617106f|L3544|B3544,0,0,0,3,0,1,2,0,0,0,0,0,0.0,0,0,0,0
0x624e2e7fdc8903165f64891672267ab0fcb98831,OBSERVED,SOSO,SOSO:3,18:3,False,,3,3,0x8d3f2e7ab6bf09afffbb50faa80d20ddd7000024061ffef68f3205b5d6378c29|L1852|B1852;0xa94186b04c959e644894db1cd384a1d4fc14074549e2047861ff45c58ee8d6cb|L2996|B2996;0x2bbd75311c459da407ce1f663ad1df08e6e4a1c6a43518454f09b9ee8859f233|L5431|B5431,1,2,0,0,0,1,2,0,3,0,0,0,0.483131,0,0,0,0
0x6f8c1de07c9e59a8289705b1033af383dc3681b1,OBSERVED,XCCX,XCCX:3,6:3,False,,3,3,0x8dab57d058c5816312a1337ac29ad4d9bde7d2edc4027ba8a046e9e5af5c5a2e|L1524|B1524;0x0058d0fd2fed1e229e00834929ccc60f980fc7b1ba6cd1604320d4d6b6a3ab8f|L1656|B1656;0x23234a728b808ff691a4510993b3741713bf86285ff37a6d6f383f3e1e841590|L1688|B1688,0,3,0,0,0,2,1,0,3,0,0,0,0.65599,0,0,0,0
0x832bcced5bd431b31663576490344ea1c0bea295,OBSERVED,EUR,EUR:3,18:3,False,,3,3,0xf93599b6a823bab4e91065b98c1b3db2ea644123aba542e53c74c6fac7654007|L1844|B1844;0xb7e697bfdee18d221b38bb641fd8ec88c33c604d4c659592a3dce873e4bcc932|L1846|B1846;0xc82a0c4a7162758e00f7502a8bd5bd0ddde55fcbcc7b27120135b9e1227356b7|L1847|B1847,0,2,0,1,0,0,3,0,2,0,0,0,0.118964,0,0,0,0
0x9029514e8d1b092dcb787145c017cb3f50850a10,OBSERVED,XPR,XPR:3,4:3,False,,3,3,0x13d30715f9dac7f8faf7b6eb8d911d737259247cd793bb388f23126bb9535158|L441|B441;0x673013b6d10fc07cd4986807590de0534fd7bbcdcbda74b0de9f95867f98e8fe|L5430|B5430;0x4e4ff530329658d0ff18464fae9c49d15a05dfe322290f9e0dffc031d3def7e0|L5467|B5467,0,3,0,0,1,0,2,0,3,0,0,0,0.247048,0,0,0,0
0x9208d82f121806a34a39bb90733b4c5c54f3993e,OBSERVED,bAP3X,bAP3X:3,18:3,False,,3,3,0xa1816406dfffcae1dccf76aefb9e4a656d72bd9954f0bd1b13b50e2480931eb8|L2627|B2627;0x649f6ad4550ea770bbc90dff9d775dc7bde148b41bcadd70543acf38f90eecd8|L3326|B3326;0x4816e7b92d05383ad89be47c6712e7b6e697c76c1ef8bb8ec07394172a1f92a9|L6265|B6265,0,3,0,0,0,0,3,0,3,0,0,0,0.123158,0,0,0,0
0xa1136031150e50b015b41f1ca6b2e99e49d8cb78,OBSERVED,oHYDX,oHYDX:3,18:3,False,,3,3,0x86e40dd0d3681365ff2e63b44e3cf8feb98f19ac93c9c1826a99b80ff20c4b88|L872|B872;0xf1f4180da191f82a684133db8445e6dc6cc707cba8d947ed683ddfdf65d6e50c|L877|B877;0xea58657b7b209160a2acb4ccc34ea65d9d7d9f177703c6c542eb2052a6308fff|L1592|B1592,2,0,0,1,0,2,1,0,1,1,0,0,1.846811,1,0,0,0
0xb20000000000000000000018fe7ec7d6dfeeb528,OBSERVED,PFEc,PFEc:3,8:3,False,,3,3,0x28b77496f5c09e749d3263086838a21793a7ef70a528392446866e556d2bfbc4|L1850|B1850;0x4321d39a1aaf81b55b15e90c488cddd867e0540bcd6ea3b7a906048de00950ad|L2288|B2288;0xef17d725befb64a77f9a2ce0bbc5fecd09db44c8ab76adedb58c4185db6f310f|L5043|B5043,3,0,0,0,0,2,1,0,3,0,0,0,1.666709,0,0,0,0
0xb2000000000000000000002601c5c94f435da168,OBSERVED,HTZc,HTZc:3,8:3,False,,3,3,0xe6018c26b7e87ca8002868c3d87653fc28c58cd0a9adcf94bab8ed2d9b49e3b4|L5392|B5392;0x5ea309eb7f508795ca9ccbbfc53ebfd51a677678fc4d87491344f84c92d3ced0|L5405|B5405;0x5a48384635e2893a85cc442fb048668c7e1ac32c4a16315a02ac0b80a82b5ba3|L5406|B5406,1,2,0,0,1,0,2,0,3,0,0,0,0.519871,0,0,0,0
0xb200000000000000000000f1a0f91e34892e4718,OBSERVED,LLYc,LLYc:3,8:3,False,,3,3,0x30ed68ef3f0e8e5802b49e858cd7957819fa09aee405b6bc8929271e08dea151|L192|B192;0x9a357299593f4fdffad3aa0f3dd8d9f1dcf9f6d1623904ddcf50dfa64a1b007a|L1577|B1577;0xcfb18fa44c0ada7ce3eabbea21e6e420c1a52db39bac7fcdbf9ba53498795f63|L2387|B2387,1,2,0,0,0,1,2,0,3,0,0,0,0.463833,0,0,0,0
0xb200000000000000000000f215e4c890cfb7176b,OBSERVED,CAKEc,CAKEc:3,8:3,False,,3,3,0xf09a0c4deb92a288178c3ed2746d1d9cfb1e78fff10e65bc7125e30eefb4289c|L3274|B3274;0xb5b5b04028abdfc4bc0e2fea91489c71bf2c69ee8e99595dac30e5024267a636|L3581|B3581;0x9451b83465f9aaffaf42d2c0a03f9c2a8fcf4501dea532245cef19b076c9e4df|L4507|B4507,0,3,0,0,0,0,3,0,3,0,0,0,0.051427,0,0,0,0
0xc0497fb3fc4fd0a17900cf69fc72a03799915301,OBSERVED,HYBUX,HYBUX:3,18:3,False,,3,3,0xf9ba6699a31efbd4c3d359d35d20f84ac9fbecc2a60222e6ecc79adb6536c5f2|L232|B232;0x30e3c6cf87876b5d81651303d37233fe1872e38fc96cab60280e956ba2d651d9|L233|B233;0x4877ff48e5a3ff023cf69498cb325bb5c6449f27225e4507c55818e678bd9acc|L235|B235,0,1,0,2,1,1,1,0,1,0,0,0,0.295816,0,0,0,0
0xc52aedec3374422d7510e294cfaa90799595cba3,OBSERVED,Surplus,Surplus:3,18:3,False,,3,3,0x035a6dab06724fb5fa94cdd9dd2b87cf1e2bdb858dc91d1f9ad9155b19689b4f|L5269|B5269;0xca3239387235cf204541a4faf34c0dada03653353998f27d45262baff36622c4|L5610|B5610;0xb39c933de5f8f9db4e4080058716a7c0328f5a0906fd53b175a527645bb2c36d|L5611|B5611,0,3,0,0,1,0,2,0,3,0,0,0,0.587846,0,0,0,0
0xca18a528ea897040f715edc92e6e4572780c5ca1,OBSERVED,KAI,KAI:3,18:3,False,,3,3,0x094052ccbdebe10072c64318c8d4d75f74cedf2f0cfd3c4deb74e83267dcf8f5|L2849|B2849;0x5a36f87e344a7b31b57b69c33da0553e3223e4c17e8aa010dbc28c726aa6fb3a|L2932|B2932;0x3db7db3c717fbcb22ba1a92fdd1dc12e57379f23ec6cdfda0ba925392da1ebe1|L3364|B3364,1,1,1,0,0,1,2,0,2,0,0,0,0.263982,0,0,0,0
0xfe550bffb51eb645ea3b324d772a19ac449e92c5,OBSERVED,IXS,IXS:3,18:3,False,,3,3,0xa27a50c63ed6382645c2ed4083a42a57efd6b3cab29df9dced1ff4538b8e177a|L1378|B1378;0x76f45ccee9b615d48f2f1b348a6e228cecc09cb28f92f6f7e3b45800ed4ccb75|L5714|B5714;0xa1fdf53c2914ae31a9f5543604b37538efd4f8821141c77781a873e8fb1909b7|L6095|B6095,0,0,0,3,0,0,3,0,0,0,0,0,0.0,0,0,0,0
0x02c1d787521c20586b4ab070b1838d91ff85d656,OBSERVED,FRLZ,FRLZ:2,18:2,False,,2,2,0x8f56b082171e7003976f8f2eed74a1f62a30db9fe8beb07018465509c6c0a230|L96|B96;0x7d9b0290ebde2af7077f266ef69a79ff07b209e3c92fe09276a0a02bb09b7d7e|L2490|B2490,2,0,0,0,0,2,0,0,2,0,0,0,0.572586,0,0,0,0
0x16ee7ecac70d1028e7712751e2ee6ba808a7dd92,OBSERVED,FUN,FUN:2,18:2,False,,2,2,0x5889bad2044a5d5594eb1f4679e85ca804a333e40e185c58b7ff13e0885f6739|L5784|B5784;0xb4b182769a839b523e6f0560e1eb317ec01aa4230cac83f8f00b86d5390680b1|L6219|B6219,2,0,0,0,0,0,2,0,1,1,0,0,1.28643,1,0,0,0
0x22af33fe49fd1fa80c7149773dde5890d3c76f3b,OBSERVED,BNKR,BNKR:2,18:2,False,,2,2,0x44c368b356e6a11798f42279500cc7057bd4e6eab11924b41b7718169800a91a|L4936|B4936;0xdf2dcfed8bd8ab18875d843d80560a5abdc35c645209fa5b2bcc2273efb5b8b5|L5264|B5264,0,2,0,0,0,1,1,0,2,0,0,0,0.074391,0,0,0,0
0x2615a94df961278dcbc41fb0a54fec5f10a693ae,OBSERVED,uXRP,uXRP:2,18:2,False,,2,2,0x42baf544f974d01208f77d048c4e02aa49825d6c3559d0dc9202223dcb55f0c3|L758|B758;0x5feea26883f9e4703c694024c2ba8a37f40a52d3d0a29cd46848537847b65896|L763|B763,0,2,0,0,0,2,0,0,2,0,0,0,0.716023,0,0,0,0
0x2cc93433eca5a3e4377c478819f049feb591e222,OBSERVED,BINU,BINU:2,18:2,False,,2,2,0x07075220514dbe9d5b966b24d5d3ffe5877e95079debfc3fb53f68519456e1aa|L3543|B3543;0x0143ec1761689cd4e251e85c2b2ead64d115760f633f389a922b45872617106f|L3544|B3544,0,0,0,2,0,1,1,0,0,0,0,0,0.0,0,0,0,0
0x40451640d2de83e33d315c2d3169dce26bf3f647,OBSERVED,gKAI,gKAI:2,18:2,False,,2,2,0x846017a0bf618ba2ce1344d9563a1ae7640a63524cd3bcd18568ad9d66357f2e|L6179|B6179;0x11e4d68425eee48d738ac62e1abb16b28a5f29ee35ad0c79eab7f923bc91de0f|L6262|B6262,1,1,0,0,0,0,2,0,2,0,0,0,0.077485,0,0,0,0
0x4621b7a9c75199271f773ebd9a499dbd165c3191,OBSERVED,DOLA,DOLA:2,18:2,False,,2,2,0xda41e1b31fe050a001e0dfce06624c9171e0f0ff11e8266bf309b17d11d5e016|L5409|B5409;0xe1ef8118f26f230044e560d2180565e273bfb17d089e725f504d438f6127de7f|L5410|B5410,0,2,0,0,0,0,2,0,2,0,0,0,0.189034,0,0,0,0
0x48b3e8510d6c43b109960cc56d2c27a72e19fdb4,OBSERVED,🌙8,🌙8:2,18:2,False,,2,2,0xbf271d217042fab9b9a61347527751ea753438df8f8af828800bc933d1e561e2|L614|B614;0x1cfc65e3f9efc5327d5a6f347ba85aa508302d78d3b8ae8f7217c3ef03dbd661|L6175|B6175,0,1,0,1,0,0,2,0,1,0,0,0,0.162534,0,0,0,0
0x491b67a94ec0a59b81b784f4719d0387c4510c36,OBSERVED,PF,PF:2,18:2,False,,2,2,0x6a998453c73321bcd42ec47df763c18441eab00a612ba1ebd5d93aa8ce5fee17|L1392|B1392;0x688a9a3936b7ba11ceac160130607dbe613bb3f5fa6c715d3b615f262eb0cbdb|L1393|B1393,0,2,0,0,0,0,2,0,2,0,0,0,0.17259,0,0,0,0
0x5ab3d4c385b400f3abb49e80de2faf6a88a7b691,OBSERVED,FLOCK,FLOCK:2,18:2,False,,2,2,0xbbb8abdf2ee2a4dcb22dfb154e9052788ca5581890d1038dca1211ad8a14452a|L4682|B4682;0x910a278f20e93516d47a2a85e92c69fa91862fa2d8ab9bc3c63debc991a9453e|L4906|B4906,0,2,0,0,1,0,1,0,2,0,0,0,0.078908,0,0,0,0
0x7300b37dfdfab110d83290a29dfb31b1740219fe,OBSERVED,MAMO,MAMO:2,18:2,False,,2,2,0x89f7f4af34d38166b0db9a3f12d6a1e550f566848f7cc1fcc1fa464ff5426761|L829|B829;0xb81adbe743aab5d59f7ee56a51f070648e7b51d3996dcd702139dc105009b6ec|L1119|B1119,1,1,0,0,0,0,2,0,2,0,0,0,0.439797,0,0,0,0
0x8e7517bd2476fc74d78026a8bae5269bf0779ca1,OBSERVED,BRAIN,BRAIN:2,18:2,False,,2,2,0x6cfcaf0f9fe1ec48547276c6f919b50bf14d878b7af7e3e7055f762e46ac3c5d|L5250|B5250;0x83e0e04f47f8fe018f08d6dcd4677f8ee69dbdfec578e3540a9887ec3e3a5aea|L5363|B5363,0,2,0,0,0,0,2,0,2,0,0,0,0.080406,0,0,0,0
0x940a319b75861014a220d9c6c144d108552b089b,OBSERVED,DEUS,DEUS:2,18:2,False,,2,2,0x047b071820cfaf89fea7785bb2432b2a6474bec75754c24d4299a995945ed9a4|L5585|B5585;0x25b5c3c73baf930c92f38d63a6f1a1375b161b132dd9a3d119d752fd138e4627|L5587|B5587,0,2,0,0,0,0,2,0,2,0,0,0,0.089335,0,0,0,0
0xa79ff60ace2792de9a0782b2d8ae9874905e7ca1,OBSERVED,WORM,WORM:2,18:2,False,,2,2,0xf9c57cdd1c87ede3992f4c005d9cd0bb398e6c79ebdcab27f44383b4aaf64675|L5232|B5232;0xc8ea03a6eec2e6c1fcddfe2fbafd67d048708ca9f6e2bf0718c87ded90dbd7ee|L5361|B5361,0,2,0,0,1,0,1,0,2,0,0,0,0.238796,0,0,0,0
0xa99f6e6785da0f5d6fb42495fe424bce029eeb3e,OBSERVED,PENDLE,PENDLE:2,18:2,False,,2,2,0xf6537f9b7d46cc814424aaadee85188c2951e392c5d98e2a038bf695afd1cb9b|L2455|B2455;0xce43578b039c7640493e780970e37ff01b88347380afe005e3ae031b1fabc643|L6004|B6004,0,1,0,1,0,2,0,0,1,0,0,0,0.432204,0,0,0,0
0xaa026b1a53fb4ef6094d13d4fae38bdf2e026ca1,OBSERVED,MEOW,MEOW:2,18:2,False,,2,2,0x8aa2d884481f8c16c4eb79aa1c6b0091108e4013a8ac5e0cfcd79d10810af19a|L5237|B5237;0x18b918490909749bb44758a133e88de0242cbecd5004f63553a2e48df9f079aa|L5365|B5365,0,2,0,0,0,0,2,0,2,0,0,0,0.038059,0,0,0,0
0xb2000000000000000000002d0ba3164cc74f58b7,OBSERVED,GOOGLc,GOOGLc:2,8:2,False,,2,2,0xe435dfbc52bf940ee4b1ed613fb4921bca187a52bd15d6cb9fd07df4a62a785d|L1079|B1079;0x6b433c783d93cedb8afd5949af9fafacf5dad311211cd6765fa1c89d4ad76c80|L5393|B5393,0,0,1,1,0,2,0,0,0,0,0,0,0.0,0,0,0,0
0xb2000000000000000000003833ed6154d9fa0f01,OBSERVED,DOJI,DOJI:2,18:2,False,,2,2,0xaed04a63ea7cb912f32cbd1d0ef4f17e77af89faea5b366501277b2cbb4ecb3f|L3149|B3149;0xdccc1175fc9078fed2b22b6c8ffdb944a91c9e73610aba6258734ae104727a71|L4267|B4267,0,0,1,1,0,0,2,0,0,0,0,0,0.0,0,0,0,0
0xb20000000000000000000058b8c947e44011dfe6,OBSERVED,NFLXc,NFLXc:2,8:2,False,,2,2,0xfdb67ed739a3f0fb6b05c803fba15ddf3ba766f94baeb1519a26eea7c90c9b94|L183|B183;0x7ce5ca9042ab197f7eadabe9f17a94ae673ebfcf5901e6a4288130df69412c04|L297|B297,0,0,0,2,0,0,2,0,0,0,0,0,0.0,0,0,0,0
0xb2000000000000000000007790ed6e48e06ed935,OBSERVED,GMEc,GMEc:2,8:2,False,,2,2,0x8f479bfcef77334337d2a6deb53c6583177b918949362c8e47d3b9161e8a4402|L662|B662;0x08cb63b6ff36fe9f9bfd759745cf6e0da576c025c59da9da699ff3d2ca82ef4a|L1621|B1621,1,1,0,0,0,0,2,0,2,0,0,0,0.719568,0,0,0,0
0xbf927b841994731c573bdf09ceb0c6b0aa887cdd,OBSERVED,VELVET,VELVET:2,18:2,False,,2,2,0x8f56b082171e7003976f8f2eed74a1f62a30db9fe8beb07018465509c6c0a230|L96|B96;0x7d9b0290ebde2af7077f266ef69a79ff07b209e3c92fe09276a0a02bb09b7d7e|L2490|B2490,2,0,0,0,0,2,0,0,2,0,0,0,0.572586,0,0,0,0
0xc703f1c45f2b92814f9790336b6f890ccc5f8453,OBSERVED,YUZU,YUZU:2,18:2,False,,2,2,0xfd2949243e53bc7c414eb40557aaa6ff16b3244a7b6aa29ec2bc2cbf1d0a4fa9|L1662|B1662;0x3ab5d1e6f1168b0ed11e9fd0753a1b17132630fb73d86c63ec66a7810f2f728e|L1663|B1663,0,2,0,0,0,0,2,0,2,0,0,0,0.033437,0,0,0,0
0xd193604529ac73f252c8c9e1b8bbc45db260dca1,OBSERVED,WOOF,WOOF:2,18:2,False,,2,2,0x3a7684f37c090dcde4940f1a624eb57f6d0933e0f485f5271ba41b7bb071d6dc|L2987|B2987;0x9520c5c4312ff8af00e3798c4d5243dc06186e3bdc3492dfa94cb204e093cba0|L5364|B5364,0,2,0,0,0,0,2,0,2,0,0,0,0.111134,0,0,0,0
0xda7ad9dea9397cffddae2f8a052b82f1484252b3,OBSERVED,RIVER,RIVER:2,18:2,False,,2,2,0x7a9787ee5490c2765e74ed8a53812394c07f8beb5b7883a5a1c3a8136292d7fd|L641|B641;0xc565fef440bc24656e858a36d11199f31bf4edd5ac5d799a54abc1702252ddd5|L5595|B5595,0,2,0,0,0,0,2,0,2,0,0,0,0.013514,0,0,0,0
0xdab6f10b4f8d21e13bf9ea69eede45e66c4ffca1,OBSERVED,BASETARD,BASETARD:2,18:2,False,,2,2,0xb963103a2af5261c0884e007b5cadb70097d769075ab2e49508774e2cec5f93f|L5234|B5234;0x394e6d075e351bf10fec3e901639e9e537ea54d9007bbda543d785f978680c10|L5348|B5348,0,2,0,0,0,0,2,0,2,0,0,0,0.061735,0,0,0,0
0xdcf5130274753c8050ab061b1a1dcbf583f5bfd0,OBSERVED,VCNT,VCNT:2,18:2,False,,2,2,0x2f9be468dc21ab2808ffa0f521ffccbe22751abaa8611547c791454b78beec68|L3903|B3903;0x36b2a3556063e4059de38d72c754e1245c8bb1dc8f4ab0fb835e2679a0514a9a|L4935|B4935,0,2,0,0,0,0,2,1,1,0,0,0,0.075342,0,0,0,0
0xe02cc26a0cb487cec18c6c6880763882573b2faf,OBSERVED,BDAG,BDAG:2,18:2,False,,2,2,0xeb2ac22a5627293c3e01e2d428603df78488c0f41c5c52b823f9b364df39770d|L352|B352;0x55f2c11fa846ad54827507b932cac3c9790351a4b5835f9898049a29a8a6ca42|L354|B354,0,2,0,0,0,0,2,0,2,0,0,0,0.037707,0,0,0,0
0x0555e30da8f98308edb960aa94c0db47230d2b9c,OBSERVED,WBTC,WBTC:1,8:1,False,,1,1,0xd73b082c8af6611d1dace0bd46206c9331fefe5f7bfd301014dd0cdf22778324|L4785|B4785,0,1,0,0,1,0,0,0,1,0,0,0,0.028091,0,0,0,0
0x09be1692ca16e06f536f0038ff11d1da8524adb1,OBSERVED,TEL,TEL:1,2:1,False,,1,1,0x05c32fd5f1ae8bce15329c3d9800536d0883c97887c239f1da20fe5158e40960|L207|B207,0,1,0,0,0,0,1,0,1,0,0,0,0.021358,0,0,0,0
0x1111111111166b7fe7bd91427724b487980afc69,OBSERVED,ZORA,ZORA:1,18:1,False,,1,1,0xbc53cbc5b4e9693afab95014bc544d763213779a5f226fed24fa470a96a903fc|L4262|B4262,0,1,0,0,1,0,0,0,1,0,0,0,0.010944,0,0,0,0
0x13b628ff6db92070c0fbad79523240e0f5defb07,OBSERVED,PIZZA,PIZZA:1,18:1,False,,1,1,0x7ee3891c43fface509c1986d6cdf156e4c3eef9bfc5956638718d26247f80066|L3095|B3095,1,0,0,0,0,0,1,0,1,0,0,0,0.262741,0,0,0,0
0x15090798a22388aae8f57a8d64560fbffad77f6f,OBSERVED,GRID,GRID:1,18:1,False,,1,1,0x1d91506381424e6ba1a16127304ce940f6204497f69726b49bca6287e1e18e5e|L6181|B6181,0,1,0,0,0,0,1,0,1,0,0,0,0.002488,0,0,0,0
0x1685981068dc0ec45ee1d5a28ef051059e42a0f3,OBSERVED,SPIKE,SPIKE:1,18:1,False,,1,1,0xa9e5a7ed03c781c022cf61015c7ca47440c475cce7c937dd2250c4ef554254de|L428|B428,0,0,0,1,0,0,1,0,0,0,0,0,0.0,0,0,0,0
0x1a44233fae8d50f1aeb3a5d58dd426ff4814cb53,OBSERVED,QUID,QUID:1,18:1,False,,1,1,0xb9cecd8e2a4d84fd5823479a75aa17afcdec0b8974b5119f2acd597001be3fa5|L276|B276,0,0,1,0,0,1,0,0,0,0,0,0,0.0,0,0,0,0
0x20fbd133897ef802e0235db77bb19a071e257d41,OBSERVED,uPUMP,uPUMP:1,18:1,False,,1,1,0x04fe5bc1647f57d3299d036d019af0a7e182e380c4b256e6c45605df1ee221a2|L1775|B1775,0,1,0,0,0,0,1,0,1,0,0,0,0.006648,0,0,0,0
0x3055913c90fcc1a6ce9a358911721eeb942013a1,OBSERVED,CAKE,CAKE:1,18:1,False,,1,1,0x0f9b40213e29e0a75b5c94064fb7eb4f630269aa04bcc3a346e9235b9583d427|L255|B255,0,1,0,0,0,1,0,0,1,0,0,0,0.946982,0,0,0,0
0x3073f7aaa4db83f95e9fff17424f71d4751a3073,OBSERVED,MOVE,MOVE:1,8:1,False,,1,1,0x71ca857b384796bdc5f147656e88fcc9ec641946e2e795cc03bae11ee46c09fc|L1158|B1158,0,1,0,0,0,0,1,0,1,0,0,0,0.014294,0,0,0,0
0x31c2c14134e6e3b7ef9478297f199331133fc2d8,OBSERVED,wtSPYM,wtSPYM:1,18:1,False,,1,1,0x3f2557f15652704e44606819fa6415fe173f1d694eecc9a314e320a79e416fcc|L394|B394,1,0,0,0,0,1,0,0,1,0,0,0,0.242833,0,0,0,0
0x35ce817c28e6351a7c41e2d15c6808586d8fb11a,OBSERVED,OMGSUP,OMGSUP:1,18:1,False,,1,1,0x13a0ca2a6fefb37176d7bc11584d146b3468912f9a0be744dd95f460eaa623e9|L4022|B4022,0,1,0,0,0,0,1,0,1,0,0,0,0.040744,0,0,0,0
0x3e12b9d6a4d12cd9b4a6d613872d0eb32f68b380,OBSERVED,FLOWER,FLOWER:1,18:1,False,,1,1,0x44786ca71077aa9a11768aa4f0a60d44c8d2f10a1d9a51eb8c46cbd0ac740e2c|L6268|B6268,0,1,0,0,0,0,1,0,1,0,0,0,0.019085,0,0,0,0
0x4154550f4db74dc38d1fe98e1f3f28ed6dad627d,OBSERVED,jEUR,jEUR:1,18:1,False,,1,1,0x3c1e67b54f59e9bb7ad289745b0114f78430c55edd0bd08c99621ff6f67e1430|L2848|B2848,0,1,0,0,0,0,1,0,1,0,0,0,0.058354,0,0,0,0
0x417ac0e078398c154edfadd9ef675d30be60af93,OBSERVED,crvUSD,crvUSD:1,18:1,False,,1,1,0x6b309b0cac965be796afcadffcc9bd515ee4ed53a99cf523241353a2085d5162|L4419|B4419,0,1,0,0,0,1,0,0,1,0,0,0,0.192356,0,0,0,0
0x4f9fd6be4a90f2620860d680c0d4d5fb53d1a825,OBSERVED,AIXBT,AIXBT:1,18:1,False,,1,1,0x44c368b356e6a11798f42279500cc7057bd4e6eab11924b41b7718169800a91a|L4936|B4936,0,1,0,0,0,1,0,0,1,0,0,0,0.052021,0,0,0,0
0x50c5725949a6f0c72e6c4a641f24049a917db0cb,OBSERVED,DAI,DAI:1,18:1,True,DAI,1,1,0x3a2830e50b60f9810403fff4c4625b72ce4ca60a75400023f57f6c02400b2a36|L170|B170,1,0,0,0,0,0,1,0,1,0,0,0,0.197066,0,0,0,0
0x532f27101965dd16442e59d40670faf5ebb142e4,OBSERVED,brett,brett:1,18:1,False,,1,1,0x551fcdbb14a5dc2771f299374d61882a43374869462fee86981c89e9237e334a|L4343|B4343,0,1,0,0,0,0,1,0,1,0,0,0,0.080603,0,0,0,0
0x560d33d88f5ccd3ec725cfa1a49c1700cec614f4,OBSERVED,WONTON,WONTON:1,18:1,False,,1,1,0xa2913a9bddc07ca2db0b53afa09845362df7c5c2db90f92ca22de34f0d1b02c4|L6256|B6256,0,0,0,1,0,0,1,0,0,0,0,0,0.0,0,0,0,0
0x5f980dcfc4c0fa3911554cf5ab288ed0eb13dba3,OBSERVED,GITLAWB,GITLAWB:1,18:1,False,,1,1,0xf1907f1adf0bdb39de583ac46e28512e8605ac140cfb72bfab7616c28ec1df54|L689|B689,0,0,0,1,0,1,0,0,0,0,0,0,0.0,0,0,0,0
0x60a3e35cc302bfa44cb288bc5a4f316fdb1adb42,OBSERVED,EURC,EURC:1,6:1,False,,1,1,0x2f9be468dc21ab2808ffa0f521ffccbe22751abaa8611547c791454b78beec68|L3903|B3903,0,1,0,0,0,0,1,0,1,0,0,0,0.107806,0,0,0,0
0x63706e401c06ac8513145b7687a14804d17f814b,OBSERVED,AAVE,AAVE:1,18:1,False,,1,1,0x281ecc4d5f9a6d210371e0a3ad5d68e17837a8b9944d941afe2f6feca1edaa19|L1655|B1655,0,1,0,0,0,1,0,0,0,1,0,0,1.018529,1,0,0,0
0x6967f0974d76d34e140cae27efea32cdf546b58e,OBSERVED,GMRT,GMRT:1,18:1,False,,1,1,0x05c32fd5f1ae8bce15329c3d9800536d0883c97887c239f1da20fe5158e40960|L207|B207,0,1,0,0,0,0,1,0,1,0,0,0,0.021358,0,0,0,0
0x696f9436b67233384889472cd7cd58a6fb5df4f1,OBSERVED,AVNT,AVNT:1,18:1,False,,1,1,0x317847a2a25242fe061a3ad7ced6b1a6d55d501d4c2732d847052f6cd2fd5336|L2646|B2646,1,0,0,0,0,1,0,0,1,0,0,0,0.327555,0,0,0,0
0x6ac18bcf4ede02591d4917452700ea5eaaea13c1,OBSERVED,TWIG,TWIG:1,18:1,False,,1,1,0xf1907f1adf0bdb39de583ac46e28512e8605ac140cfb72bfab7616c28ec1df54|L689|B689,0,0,0,1,0,1,0,0,0,0,0,0,0.0,0,0,0,0
0x6cd1c7d41f589b5ce6b88b1c90bc2f29b0439ea1,OBSERVED,GYND,GYND:1,18:1,False,,1,1,0xa7ea0047386ad5dbc8686bdcd1132de02a8c10e10f1e1badc1854756aad463df|L502|B502,0,1,0,0,0,0,1,0,1,0,0,0,0.010314,0,0,0,0
0x7aa7cb583084defc43cc0c2e95213ce364a8df9c,OBSERVED,KSLR,KSLR:1,18:1,False,,1,1,0xf81148e8f2fc651b53a126c6437dee59461c03ea60472c4053755b613805d0f1|L1525|B1525,0,1,0,0,1,0,0,0,1,0,0,0,0.116061,0,0,0,0
0x800822d361335b4d5f352dac293ca4128b5b605f,OBSERVED,SYMM,SYMM:1,18:1,False,,1,1,0x6d6e73dc1bbf706362cd270f9c17b98292692de3a4c2fd9a0edeefcfb9edede0|L1676|B1676,1,0,0,0,0,0,1,0,1,0,0,0,0.115905,0,0,0,0
0x820c137fa70c8691f0e44dc420a5e53c168921dc,OBSERVED,USDS,USDS:1,18:1,False,,1,1,0x0a06cf26e1eebe85e4b8e47dc43132baa65fe49e159fb0bdd2f3ae3c0bfd66f4|L5607|B5607,0,0,0,1,0,0,1,0,0,0,0,0,0.0,0,0,0,0
0x89d8cb38067b55f820f29a9e12d0ce18682a2bfc,OBSERVED,STONX,STONX:1,18:1,False,,1,1,0x3f2557f15652704e44606819fa6415fe173f1d694eecc9a314e320a79e416fcc|L394|B394,1,0,0,0,0,1,0,0,1,0,0,0,0.242833,0,0,0,0
0x8d760f4fda919a8e9f38237ee003fe8ff0ca9ef7,OBSERVED,JACK,JACK:1,18:1,False,,1,1,0x535677abbb1d2e13270278a0013d23dca237cbbcbbc0fe395563cc298b07f57e|L5138|B5138,0,1,0,0,0,0,1,0,1,0,0,0,0.023311,0,0,0,0
0x8ee73c484a26e0a5df2ee2a4960b789967dd0415,OBSERVED,CRV,CRV:1,18:1,False,,1,1,0x6b309b0cac965be796afcadffcc9bd515ee4ed53a99cf523241353a2085d5162|L4419|B4419,0,1,0,0,0,1,0,0,1,0,0,0,0.192356,0,0,0,0
0x9716fd34dc5ed2e74f830a8fc07ac49d5d6beca1,OBSERVED,RAWR,RAWR:1,18:1,False,,1,1,0xa3aeda81fc03746118107cc665b7b4802e46330df15e8a763e4db9a7d3939e6e|L5362|B5362,0,1,0,0,0,0,1,0,1,0,0,0,0.055341,0,0,0,0
0xa0dd634a9d3c91829081fc66b90103a3e5c6aeec,OBSERVED,gSPEED,gSPEED:1,18:1,False,,1,1,0xe435dfbc52bf940ee4b1ed613fb4921bca187a52bd15d6cb9fd07df4a62a785d|L1079|B1079,0,0,1,0,0,1,0,0,0,0,0,0,0.0,0,0,0,0
0xa53887f7e7c1bf5010b8627f1c1ba94fe7a5d6e0,OBSERVED,RNBW,RNBW:1,18:1,False,,1,1,0x44de20dee210064205a1f3b9a3f7247866a5c254c373adf32bcb8f19911d50c0|L3477|B3477,0,1,0,0,0,0,1,0,1,0,0,0,0.017276,0,0,0,0
0xa69f80524381275a7ffdb3ae01c54150644c8792,OBSERVED,SUP,SUP:1,18:1,False,,1,1,0x1fab0af4dccd0ea0b3044fe9a72fb4ced341c01a823a570a6104bc172601dc33|L25|B25,0,0,0,1,0,1,0,0,0,0,0,0,0.0,0,0,0,0
0xa8b0b220ad38b0e20a7896d9d33223750325e28a,OBSERVED,kcj101,kcj101:1,18:1,False,,1,1,0x856cdd59b5ec623e57a11fa6f7dcef458f0b3d96ebe7449807cb969a0576595b|L489|B489,0,1,0,0,0,0,1,0,1,0,0,0,0.018761,0,0,0,0
0xac1bd2486aaf3b5c0fc3fd868558b082a531b2b4,OBSERVED,TOSHI,TOSHI:1,18:1,False,,1,1,0x25dca69399ecd0a0b47e9b701f67d317f5ccada8e567a3afa28d4abbbe528485|L5163|B5163,0,1,0,0,1,0,0,0,1,0,0,0,0.001717,0,0,0,0
0xb2000000000000000000000d8ce462e99ee7a47b,OBSERVED,AMDc,AMDc:1,8:1,False,,1,1,0xcef93f379daeee8b81988efd7ee1859dcf182a0907827cf986015d2231e34a6d|L3506|B3506,1,0,0,0,0,0,1,0,1,0,0,0,0.001477,0,0,0,0
0xb2000000000000000000002137743d4a01fe4e88,OBSERVED,SOUNc,SOUNc:1,8:1,False,,1,1,0x7410690e1cfd9003c9f337ab64bf68770fcfa84a327ec4ceccf0a1414d601d22|L2598|B2598,0,1,0,0,0,0,1,0,1,0,0,0,0.003531,0,0,0,0
0xb20000000000000000000025ff796237cc3c5b01,OBSERVED,DONSENSE,DONSENSE:1,18:1,False,,1,1,0x6bc1193808597c193947b869465a346022b23dc6690e00fa27601fbb6147d5ac|L3911|B3911,0,0,1,0,0,0,1,0,0,0,0,0,0.0,0,0,0,0
0xb20000000000000000000033c22ab099bbf76001,OBSERVED,COBIE,COBIE:1,18:1,False,,1,1,0xe365e05782b66b8a83ff9cc4d9477b501345c5a763f937e1f71cd5de34785cf7|L2471|B2471,0,0,0,1,0,1,0,0,0,0,0,0,0.0,0,0,0,0
0xb200000000000000000000503d889fdcbe48b801,OBSERVED,RAWR,RAWR:1,18:1,False,,1,1,0x6b433c783d93cedb8afd5949af9fafacf5dad311211cd6765fa1c89d4ad76c80|L5393|B5393,0,0,0,1,0,1,0,0,0,0,0,0,0.0,0,0,0,0
0xb2000000000000000000007b9fcbd005511acbd5,OBSERVED,SPCXc,SPCXc:1,8:1,False,,1,1,0x13a0ca2a6fefb37176d7bc11584d146b3468912f9a0be744dd95f460eaa623e9|L4022|B4022,0,1,0,0,0,0,1,0,1,0,0,0,0.040744,0,0,0,0
0xb2000000000000000000008fc2a8c23cf5937b66,OBSERVED,PMc,PMc:1,8:1,False,,1,1,0x4cd4a557a2a6c01d2d8832d9077dce57ac38b8159795c38bd4b87d9ffeb6fe02|L3371|B3371,1,0,0,0,0,0,1,0,1,0,0,0,0.019746,0,0,0,0
0xb200000000000000000000bf0548ab2ebd00ba5e,OBSERVED,RWAGMI,RWAGMI:1,18:1,False,,1,1,0x197c21630a7f08fbb5f6eea5b1ef5789f0d491d6e8b22a903a44245e766b6837|L4255|B4255,0,1,0,0,0,0,1,0,1,0,0,0,0.095319,0,0,0,0
0xb200000000000000000000c597c476fcf9aed3a8,OBSERVED,NVAXc,NVAXc:1,8:1,False,,1,1,0xeefd95c1e1016981181b53a94c7b97b725a3b532b98d3c0b0d789ed9e51b3d2c|L2227|B2227,1,0,0,0,0,1,0,0,1,0,0,0,0.723278,0,0,0,0
0xb200000000000000000000ca425ab42e07c35bc3,OBSERVED,QUBTc,QUBTc:1,8:1,False,,1,1,0x7769504dc135c09ebe7493a38fd3cc6f12cac274391a123f707e1dc956a75458|L430|B430,0,1,0,0,0,0,1,0,1,0,0,0,0.018418,0,0,0,0
0xb235cf255b48500df4459475e054e7beb25cb772,OBSERVED,NEMESIS,NEMESIS:1,18:1,False,,1,1,0xbf6217ea4c0d9645a2c8b801d7ebba085067924c8f64348b13fbbcbeeedd2037|L5216|B5216,0,0,0,1,0,0,1,0,0,0,0,0,0.0,0,0,0,0
0xb4fde59a779991bfb6a52253b51947828b982be3,OBSERVED,PEPE,PEPE:1,18:1,False,,1,1,0x535677abbb1d2e13270278a0013d23dca237cbbcbbc0fe395563cc298b07f57e|L5138|B5138,0,1,0,0,0,0,1,0,1,0,0,0,0.023311,0,0,0,0
0xb79dd08ea68a908a97220c76d19a6aa9cbde4376,OBSERVED,USD+,USD+:1,6:1,False,,1,1,0x22907f9f54ae38f47abe1f478e330129b374069a791d9435e0846c89ba654853|L4534|B4534,0,1,0,0,0,0,1,1,0,0,0,0,-0.011925,0,0,0,0
0xb7a591424b363ac06379396ff9c8c5439e3eac33,OBSERVED,DRAGONX,DRAGONX:1,18:1,False,,1,1,0x1cfc65e3f9efc5327d5a6f347ba85aa508302d78d3b8ae8f7217c3ef03dbd661|L6175|B6175,0,0,0,1,0,0,1,0,0,0,0,0,0.0,0,0,0,0
0xb7c10146ba1b618956a38605ab6496523d450871,OBSERVED,ESHARE,ESHARE:1,18:1,False,,1,1,0x1cfc65e3f9efc5327d5a6f347ba85aa508302d78d3b8ae8f7217c3ef03dbd661|L6175|B6175,0,0,0,1,0,0,1,0,0,0,0,0,0.0,0,0,0,0
0xb7c4d44984e46520bfc2444507310cda31594b07,OBSERVED,LOVE,LOVE:1,18:1,False,,1,1,0xdf2dcfed8bd8ab18875d843d80560a5abdc35c645209fa5b2bcc2273efb5b8b5|L5264|B5264,0,1,0,0,0,0,1,0,1,0,0,0,0.02237,0,0,0,0
0xc5cf136a976959a471c7aa7e7b08fbbcb7aea998,OBSERVED,BRETTINME,BRETTINME:1,9:1,False,,1,1,0x551fcdbb14a5dc2771f299374d61882a43374869462fee86981c89e9237e334a|L4343|B4343,0,1,0,0,0,0,1,0,1,0,0,0,0.080603,0,0,0,0
0xc5fed7c8ccc75d8a72b601a66dffd7a489073f0b,OBSERVED,ACU,ACU:1,12:1,False,,1,1,0x8c1bb80d0045c43b01aa13e3ff8eb89e95725884b395880b080cc443315f3c4d|L2705|B2705,0,1,0,0,0,0,1,0,1,0,0,0,0.009269,0,0,0,0
0xc60e167e52ce50a46d7cd57c65e180115c012c43,OBSERVED,HNO,HNO:1,18:1,False,,1,1,0x2dbac6c5afc2539d7c9a72e1008074fede8760c69a2cb8a6dacdd9a57c8db1a2|L5310|B5310,0,1,0,0,0,0,1,0,1,0,0,0,0.019606,0,0,0,0
0xc73dc7ae7a4fa40517aafa941ae1ee436b91a12c,OBSERVED,BUZ,BUZ:1,4:1,False,,1,1,0x25dca69399ecd0a0b47e9b701f67d317f5ccada8e567a3afa28d4abbbe528485|L5163|B5163,0,1,0,0,1,0,0,0,1,0,0,0,0.001717,0,0,0,0
0xce6170ea245dc8d1f275a710a062b70f125f0110,OBSERVED,FXRP,FXRP:1,6:1,False,,1,1,0x7ed1322bf1a40f62eae3d9e4ea387f30ccba0ca9e8e78ad57f8801741c03f181|L6128|B6128,0,1,0,0,0,0,1,0,1,0,0,0,0.144077,0,0,0,0
0xcfa3ef56d303ae4faaba0592388f19d7c3399fb4,OBSERVED,eUSD,eUSD:1,18:1,False,,1,1,0x05c32fd5f1ae8bce15329c3d9800536d0883c97887c239f1da20fe5158e40960|L207|B207,0,1,0,0,0,0,1,0,1,0,0,0,0.021358,0,0,0,0
0xd302a92fb82ea59aa676ae3d5799ac296afa7390,OBSERVED,chubal,chubal:1,18:1,False,,1,1,0xbc53cbc5b4e9693afab95014bc544d763213779a5f226fed24fa470a96a903fc|L4262|B4262,0,1,0,0,1,0,0,0,1,0,0,0,0.010944,0,0,0,0
0xedacc73ae9f73235934f72a43388404e4a2c4a24,OBSERVED,REACT,REACT:1,18:1,False,,1,1,0x06e36f29c902f35e403a4e2096e736c2dce40004b366647fb2eb9b2608df8fcf|L620|B620,1,0,0,0,0,1,0,0,1,0,0,0,0.647155,0,0,0,0
0xf43eb8de897fbc7f2502483b2bef7bb9ea179229,OBSERVED,ZEN,ZEN:1,18:1,False,,1,1,0x6e1510adb33f6e53c3df1628198247edff3545d1016eab8b360923d7f1c74acc|L2637|B2637,1,0,0,0,0,0,1,0,0,1,0,0,3.270225,1,0,0,0
0xfca95aeb5bf44ae355806a5ad14659c940dc6bf7,OBSERVED,SHIB,SHIB:1,9:1,False,,1,1,0x0ce2c80b48652860adb9a824305fb6544312155302eaa54059d94b97375cf140|L4589|B4589,0,1,0,0,0,0,1,0,1,0,0,0,0.046801,0,0,0,0
