tx_hash,jsonl_line_no,base_row_index,block,timestamp_utc,classification,classification_reason,owner_payout_basis,searcher_kept_net_usd,kept_band,n_v4_pool_ids_on_row,v4_pool_ids,hook_status,identity_complete_enough,adjacent_venues,has_non_universe_token,match_tier_from_coverage_csv
0x3fd61e237e3cd4980a21707ebb9f57ee64b8f6b095b1a52d4a58f0802592a54f,23,23,52314289,2026-10-08T00:05:25Z,D,cyclic_v4_unresolved,INFERRED,,kept_null,1,0x96d4b53a38337a5733179751781178a2613306063c511b78cd02684739288c0a,ABSENT_NO_HOOK_ADDRESS,True,Aerodrome-Slipstream2|Aerodrome-V2,True,UNMATCHED
0x1fab0af4dccd0ea0b3044fe9a72fb4ced341c01a823a570a6104bc172601dc33,25,25,52314293,2026-10-08T00:05:33Z,D,cyclic_v4_unresolved,INFERRED,,kept_null,1,0x96d4b53a38337a5733179751781178a2613306063c511b78cd02684739288c0a,ABSENT_NO_HOOK_ADDRESS,True,UniswapV3,True,UNMATCHED
0x10bfebd184f8680932995d6e8db8b5917a71263e4b0e4bef9aa92f08465720ff,39,39,52314415,2026-10-08T00:09:37Z,B,"log-reconstructed (no native legs, no ext payouts); not trace-checked",MISSING,0.277915,0_to_lt1,1,0xdac0f353d884f6e0db833036558a9f225eda392f4d1ff1a61f13c8f7875186bf,ABSENT_NO_HOOK_ADDRESS,True,Aerodrome-Slipstream,False,UNMATCHED
0xb0fb25cebef5be4fab2616d7c8c54b75205d08a6692dc1e545ea29146124fc5b,40,40,52314415,2026-10-08T00:09:37Z,B,"log-reconstructed (no native legs, no ext payouts); not trace-checked",MISSING,0.007924,0_to_lt1,1,0xdac0f353d884f6e0db833036558a9f225eda392f4d1ff1a61f13c8f7875186bf,ABSENT_NO_HOOK_ADDRESS,True,UniswapV3,False,PARTIAL_POOL_UNSUPPORTED_VENUE
0x25fdc82619c4880313cefdafee6bf6535c162337ec73f187e3af20b58ee86117,50,50,52314441,2026-10-08T00:10:29Z,A,trace-verified native flows; all legs priced,INFERRED,1.638826,1_to_lt25,1,0xfba2c4592d32a4e2e6393b8898f9110b4e272983f4bd416b38f81672a17fe3dc,ABSENT_NO_HOOK_ADDRESS,True,Aerodrome-Slipstream|Aerodrome-Slipstream2,False,UNMATCHED
0x39ad6666a4acc81a43d328c0b3efbf14e0736aede669a95ba2e56bf50c08d0c9,57,57,52314473,2026-10-08T00:11:33Z,B,"log-reconstructed (no native legs, no ext payouts); not trace-checked",MISSING,0.219082,0_to_lt1,1,0x7681c00520c26da8d8970c21a65461c726f274068eb08743debc1178e697044e,ABSENT_NO_HOOK_ADDRESS,True,UniswapV2,False,UNMATCHED
0x4e927ea20b4a72a1c09dcbc05f56fe9609363352dc4b70e7a797d5038e9cb253,62,62,52314483,2026-10-08T00:11:53Z,A,trace-verified native flows; all legs priced,MISSING,0.023424,0_to_lt1,1,0x118c35025bc6ced5aa6ffca380943d3a34b5efa84737e41333936f94c3eae77d,ABSENT_NO_HOOK_ADDRESS,True,Aerodrome-Slipstream,False,UNMATCHED
0x89f7b150aae7f281837b9b5b1741b18938c1ff9dbe887b6a3cb1370ede0aadfc,67,67,52314567,2026-10-08T00:14:41Z,A,trace-verified native flows; all legs priced,INFERRED,4.473651,1_to_lt25,3,0x3fdd561e9c94de2d224f57189637d225de1230b84323924a5f036f9a49043dd8|0x7283466cba087df99c7d1a49f54e6c7a7f55cb08e5710b578467d3b753d623cb|0xc8e2ead0f86c658becc7fe0f6acc4e528b87b22bebc7dffa6848810282614078,ABSENT_NO_HOOK_ADDRESS,True,UniswapV3,True,PARTIAL_POOL_UNSUPPORTED_VENUE
0xcfad1ae1275ae5fcbe2847dbebdd14016b19e31059427e146f82d144c9fa50cb,81,81,52314698,2026-10-08T00:19:03Z,B,"log-reconstructed (no native legs, no ext payouts); not trace-checked",INFERRED,0.077286,0_to_lt1,1,0xfba2c4592d32a4e2e6393b8898f9110b4e272983f4bd416b38f81672a17fe3dc,ABSENT_NO_HOOK_ADDRESS,True,UniswapV3,True,UNMATCHED
0x6aae50a8c88684f419bceb958e17b237634af494d0db44ff075efa8b68157ca4,92,92,52314791,2026-10-08T00:22:09Z,B,"log-reconstructed (no native legs, no ext payouts); not trace-checked",MISSING,0.207821,0_to_lt1,1,0xfba2c4592d32a4e2e6393b8898f9110b4e272983f4bd416b38f81672a17fe3dc,ABSENT_NO_HOOK_ADDRESS,True,UniswapV3,True,UNMATCHED
0x6abfa047fed7093f9a996d267ff097fdd90ad9e104631f6294d220973ead2b6b,95,95,52314825,2026-10-08T00:23:17Z,A,trace-verified native flows; all legs priced,MISSING,1.505949,1_to_lt25,1,0x7681c00520c26da8d8970c21a65461c726f274068eb08743debc1178e697044e,ABSENT_NO_HOOK_ADDRESS,True,UniswapV3,True,UNMATCHED
0x8f56b082171e7003976f8f2eed74a1f62a30db9fe8beb07018465509c6c0a230,96,96,52314842,2026-10-08T00:23:51Z,A,trace-verified native flows; all legs priced,INFERRED,0.271404,0_to_lt1,1,0x5027d7d84cde96c3ec944d854e914a557491440f61a03148caac1fd2835ec403,ABSENT_NO_HOOK_ADDRESS,True,UniswapV2,True,UNMATCHED
0x222ed8e24cf587b5465e41c9af4ca79c4d3c7feb3c3c640282e109819d140023,97,97,52314852,2026-10-08T00:24:11Z,A,trace-verified native flows; all legs priced,MISSING,1.240692,1_to_lt25,1,0x7681c00520c26da8d8970c21a65461c726f274068eb08743debc1178e697044e,ABSENT_NO_HOOK_ADDRESS,True,UniswapV3,True,UNMATCHED
0x83d78c0c175af8e91d14c7c7a36f5ef3a9ad669125687068bf2ceefe48a943c2,98,98,52314875,2026-10-08T00:24:57Z,A,trace-verified native flows; all legs priced,MISSING,1.773061,1_to_lt25,1,0xfba2c4592d32a4e2e6393b8898f9110b4e272983f4bd416b38f81672a17fe3dc,ABSENT_NO_HOOK_ADDRESS,True,UniswapV3,True,UNMATCHED
0x95412e632f2264ca26cc73b6ed705975d0c661954fbd0db877df26a712058eec,99,99,52314879,2026-10-08T00:25:05Z,A,trace-verified native flows; all legs priced,MISSING,5.018885,1_to_lt25,1,0x7681c00520c26da8d8970c21a65461c726f274068eb08743debc1178e697044e,ABSENT_NO_HOOK_ADDRESS,True,UniswapV3,True,UNMATCHED
0x00159ce680ab6f7db865244e98e94272577622f7e14c6474385ee9c69a5b6d7b,101,101,52314886,2026-10-08T00:25:19Z,B,"log-reconstructed (no native legs, no ext payouts); not trace-checked",MISSING,0.298732,0_to_lt1,1,0xf13203ddbf2c9816a79b656a1a952521702715d92fea465b84ae2ed6e94a7f22,ABSENT_NO_HOOK_ADDRESS,True,UniswapV3,True,UNMATCHED
0x62b4f06e820b62717d1d5df7e447a5b57a69052a95be543d67e1b0e284c2dc4c,102,102,52314886,2026-10-08T00:25:19Z,A,trace-verified native flows; all legs priced,MISSING,1.181535,1_to_lt25,1,0x7681c00520c26da8d8970c21a65461c726f274068eb08743debc1178e697044e,ABSENT_NO_HOOK_ADDRESS,True,UniswapV3,True,UNMATCHED
0x339285fed23d2029d146b736ac0d9dcdf6afc8203ce9d19b502114032a1d629f,103,103,52314894,2026-10-08T00:25:35Z,A,trace-verified native flows; all legs priced,MISSING,6.130223,1_to_lt25,1,0xfba2c4592d32a4e2e6393b8898f9110b4e272983f4bd416b38f81672a17fe3dc,ABSENT_NO_HOOK_ADDRESS,True,UniswapV3,True,UNMATCHED
0xd41800d82e27cb410c265b8a67077a09a18e1e7b2a96e020f89d54fde973ed17,106,106,52314916,2026-10-08T00:26:19Z,B,"log-reconstructed (no native legs, no ext payouts); not trace-checked",MISSING,0.333727,0_to_lt1,1,0xe1d05fe2b899df927bc67e5eedaccb95d06bf7c769ed68469bb773615f2401f8,ABSENT_NO_HOOK_ADDRESS,True,UniswapV3,True,UNMATCHED
0x2094ba2567d593c06a9203af4f4deeccc5a924d477c575bcf448e68fea1d01fe,109,109,52314942,2026-10-08T00:27:11Z,A,trace-verified native flows; all legs priced,MISSING,1.141125,1_to_lt25,1,0xfba2c4592d32a4e2e6393b8898f9110b4e272983f4bd416b38f81672a17fe3dc,ABSENT_NO_HOOK_ADDRESS,True,UniswapV3,True,UNMATCHED
0x148f025c515d3a53b8861e0b359e52339b6a9eb3b53622f3a3ac95ea2c51d32a,110,110,52314942,2026-10-08T00:27:11Z,A,trace-verified native flows; all legs priced,MISSING,2.193103,1_to_lt25,1,0xfba2c4592d32a4e2e6393b8898f9110b4e272983f4bd416b38f81672a17fe3dc,ABSENT_NO_HOOK_ADDRESS,True,UniswapV3,True,UNMATCHED
0xbd5fa103e6df60888d564bfcec05d905b8c5d41f6520dd6024a9812215d8fef2,111,111,52314948,2026-10-08T00:27:23Z,B,"log-reconstructed (no native legs, no ext payouts); not trace-checked",MISSING,0.260292,0_to_lt1,1,0x7681c00520c26da8d8970c21a65461c726f274068eb08743debc1178e697044e,ABSENT_NO_HOOK_ADDRESS,True,UniswapV3,True,UNMATCHED
0xd91a3c6d07c2d8f3673a0fdec7b42507e920f6352126062004b9ecd184884784,113,113,52314986,2026-10-08T00:28:39Z,B,"log-reconstructed (no native legs, no ext payouts); not trace-checked",MISSING,0.146033,0_to_lt1,1,0x7681c00520c26da8d8970c21a65461c726f274068eb08743debc1178e697044e,ABSENT_NO_HOOK_ADDRESS,True,UniswapV3,True,UNMATCHED
0x70dfdf028fa244fe2dcba4eba4068b78fc0f6a0ca4a17c1331adc1ed36834dfe,114,114,52314996,2026-10-08T00:28:59Z,A,trace-verified native flows; all legs priced,MISSING,1.213834,1_to_lt25,1,0xfba2c4592d32a4e2e6393b8898f9110b4e272983f4bd416b38f81672a17fe3dc,ABSENT_NO_HOOK_ADDRESS,True,UniswapV3,True,UNMATCHED
0x45479b9fd5f4848f3c8e75006a9bbdc1be24d9e9c489353fbb3da4015e1a8f63,119,119,52315073,2026-10-08T00:31:33Z,A,trace-verified native flows; all legs priced,INFERRED,1.689666,1_to_lt25,3,0x4e4cab342ee16bfbfb96ac8fb408b9841f0f69e6389bf0ad156d5a783cd763db|0xa5875481ded5ee9499b911495c5313058ee3c461d969c533620409f2e8998c9e|0xfba2c4592d32a4e2e6393b8898f9110b4e272983f4bd416b38f81672a17fe3dc,ABSENT_NO_HOOK_ADDRESS,True,UniswapV3,True,PARTIAL_POOL_UNSUPPORTED_VENUE
0x9501d4d835397e8d242712c6c3bf91111787a2e725db0c8444abbb0e1332b47d,120,120,52315073,2026-10-08T00:31:33Z,A,trace-verified native flows; all legs priced,INFERRED,0.438074,0_to_lt1,1,0x4e4cab342ee16bfbfb96ac8fb408b9841f0f69e6389bf0ad156d5a783cd763db,ABSENT_NO_HOOK_ADDRESS,True,UniswapV3,True,PARTIAL_POOL_SET
0x13836d04ef82fc748c2f3de0b142d457556f20ef81af7f9fe0f27af155e2ac52,121,121,52315073,2026-10-08T00:31:33Z,B,"log-reconstructed (no native legs, no ext payouts); not trace-checked",INFERRED,2.928647,1_to_lt25,1,0xa5875481ded5ee9499b911495c5313058ee3c461d969c533620409f2e8998c9e,ABSENT_NO_HOOK_ADDRESS,True,DODO|UniswapV3,True,PARTIAL_POOL_SET
0x45387f00f33e985d72ecf913865df09059ba539bccb3cd39366e27b3dccab812,122,122,52315074,2026-10-08T00:31:35Z,B,"log-reconstructed (no native legs, no ext payouts); not trace-checked",INFERRED,0.318154,0_to_lt1,1,0x4e4cab342ee16bfbfb96ac8fb408b9841f0f69e6389bf0ad156d5a783cd763db,ABSENT_NO_HOOK_ADDRESS,True,DODO,True,UNMATCHED
0xfb41d3e7ec06d2ce7230350d7533cfc151e662fe9236cd7a339d3060da9c8f87,123,123,52315074,2026-10-08T00:31:35Z,B,"log-reconstructed (no native legs, no ext payouts); not trace-checked",MISSING,0.005188,0_to_lt1,1,0x4e4cab342ee16bfbfb96ac8fb408b9841f0f69e6389bf0ad156d5a783cd763db,ABSENT_NO_HOOK_ADDRESS,True,UniswapV3,True,UNMATCHED
0x1a47e9e2a27234071431578cf6cf88988889d82e42dc7c24e74a1d89ca827f48,127,127,52315166,2026-10-08T00:34:39Z,B,"log-reconstructed (no native legs, no ext payouts); not trace-checked",MISSING,0.012458,0_to_lt1,1,0xbccb573d5ea511ae924c4d1232aeee1a3f9c6b6b0cd5307ab80dfc0ddf9bc8d5,ABSENT_NO_HOOK_ADDRESS,True,UniswapV3,True,UNMATCHED
0xe7e2df03dd6221aa2686386446f049e2e3f14e6e1dab2931aab42fbe5189b18e,129,129,52315169,2026-10-08T00:34:45Z,B,"log-reconstructed (no native legs, no ext payouts); not trace-checked",MISSING,0.282115,0_to_lt1,1,0xdac0f353d884f6e0db833036558a9f225eda392f4d1ff1a61f13c8f7875186bf,ABSENT_NO_HOOK_ADDRESS,True,PancakeV3,False,UNMATCHED
0x4cc8d531957820af40fde33e079ac2fba3ab988e9e9309aa23c1c3623ff47348,136,136,52315169,2026-10-08T00:34:45Z,B,"log-reconstructed (no native legs, no ext payouts); not trace-checked",MISSING,0.186972,0_to_lt1,1,0xdac0f353d884f6e0db833036558a9f225eda392f4d1ff1a61f13c8f7875186bf,ABSENT_NO_HOOK_ADDRESS,True,Aerodrome-Slipstream,False,UNMATCHED
0xbfc3fb54e887fdda5637146f6277323651c59851abe8c0bed9372845f46e6f0a,157,157,52315326,2026-10-08T00:39:59Z,D,cyclic_v4_unresolved,MISSING,,kept_null,5,0x0ee0d3385ab90196d3c05b04f50d102b1beb928cb87bcb90ac18d36ac0a2aa42|0x62b8d96bba403549c15bb413fb5200529de32868d9d0d0abd3f839b660637396|0xb2a44dbcf290aa1c4501191e86dac23b794e1d126bae039c45f9bc391f4aec70|0xc1b155e0a4b70a24f4e1d504dfb192aa69dcbb947b222a60424f49b82dc87c7f|0xe551562ab407b8560e45b3c904f4f7552611ec20243ee68a05bbb541120dcb9a,ABSENT_NO_HOOK_ADDRESS,False,,False,UNMATCHABLE
0x6b1a4b2a3c3dd48888e161c8d06872ee76cce0e2c596d23487d8edd8cabe646f,159,159,52315408,2026-10-08T00:42:43Z,B,"log-reconstructed (no native legs, no ext payouts); not trace-checked",MISSING,0.18397,0_to_lt1,3,0x45782b259d533553a4a5f7851a2ed87ae73ded19f26af504dac590ab03b28839|0x93f900e15be5ee054dd9a874e4ecdafd2a4f27e86424ab3a4f50af84eb51dad8|0xc8e2ead0f86c658becc7fe0f6acc4e528b87b22bebc7dffa6848810282614078,ABSENT_NO_HOOK_ADDRESS,True,,True,UNMATCHABLE
0x64000ebb2dff833ecc2038a68735693cc0b1af5fc2a262675b09d7ab1eca08b7,160,160,52315445,2026-10-08T00:43:57Z,D,cyclic_v4_unresolved,MISSING,,kept_null,3,0x8288e8ac1819eae7bcf201b5845fc6a2b5d24ef00683c3654eea2420df727331|0x86e896cd54b97ccc24fd849f434530ae45db31362af733762f21ed64815afe25|0xe83a38967287a00e29d0a28b3643a9d4ab40c5ac6c99a0f9c2e125701e394f38,ABSENT_NO_HOOK_ADDRESS,False,,False,UNMATCHABLE
0x3a2830e50b60f9810403fff4c4625b72ce4ca60a75400023f57f6c02400b2a36,170,170,52315639,2026-10-08T00:50:25Z,A,trace-verified native flows; all legs priced,MISSING,0.197066,0_to_lt1,1,0xfba2c4592d32a4e2e6393b8898f9110b4e272983f4bd416b38f81672a17fe3dc,ABSENT_NO_HOOK_ADDRESS,True,AlgebraIntegral|UniswapV3,False,PARTIAL_POOL_SET
0x78171c8be87c80cfad4600bf9b7bb1389c7e095d835b7a4cc6759099c42f6efe,181,181,52315671,2026-10-08T00:51:29Z,A,trace-verified native flows; all legs priced,MISSING,0.03184,0_to_lt1,1,0x118c35025bc6ced5aa6ffca380943d3a34b5efa84737e41333936f94c3eae77d,ABSENT_NO_HOOK_ADDRESS,True,Aerodrome-Slipstream,False,UNMATCHED
0xfdb67ed739a3f0fb6b05c803fba15ddf3ba766f94baeb1519a26eea7c90c9b94,183,183,52315737,2026-10-08T00:53:41Z,D,cyclic_unknown_venue,MISSING,,kept_null,1,0x4e7d243e0095037608bef179bc69c1fcd04a3e4d4e723bf2ec75e90bbc186bd0,ABSENT_NO_HOOK_ADDRESS,True,Aerodrome-Slipstream3,True,UNMATCHED
0x130c7a03a233db86c942d875b87ab982857603c69ae7b71f8812ec78403ed8d3,186,186,52315883,2026-10-08T00:58:33Z,A,trace-verified native flows; all legs priced,MISSING,0.909889,0_to_lt1,1,0xfba2c4592d32a4e2e6393b8898f9110b4e272983f4bd416b38f81672a17fe3dc,ABSENT_NO_HOOK_ADDRESS,True,UniswapV3,True,UNMATCHED
0x2900823fe13fb0d282954b107817ef5f5e43b0f5637a2a17a2f9d92e911c7b0c,187,187,52315883,2026-10-08T00:58:33Z,B,"log-reconstructed (no native legs, no ext payouts); not trace-checked",MISSING,0.163674,0_to_lt1,1,0xf13203ddbf2c9816a79b656a1a952521702715d92fea465b84ae2ed6e94a7f22,ABSENT_NO_HOOK_ADDRESS,True,UniswapV3,True,UNMATCHED
0x467a3792a59b56923d6dfda0b6d18eb016014085ec21be969f959c29ea0ae266,188,188,52315895,2026-10-08T00:58:57Z,B,"log-reconstructed (no native legs, no ext payouts); not trace-checked",MISSING,0.011286,0_to_lt1,1,0xf13203ddbf2c9816a79b656a1a952521702715d92fea465b84ae2ed6e94a7f22,ABSENT_NO_HOOK_ADDRESS,True,AlgebraIntegral|AlgebraIntegral@0xc5396866,False,UNMATCHED
0x411d06e2bfa59dcf1938117990ffe5ee8125138415a55d08c724d0c778f6730d,190,190,52315903,2026-10-08T00:59:13Z,B,"log-reconstructed (no native legs, no ext payouts); not trace-checked",MISSING,0.109297,0_to_lt1,1,0xfba2c4592d32a4e2e6393b8898f9110b4e272983f4bd416b38f81672a17fe3dc,ABSENT_NO_HOOK_ADDRESS,True,UniswapV3,True,UNMATCHED
0x53222bf131bddf506241eefb9fe03cbc0dbae856fd39d84e27b673ca0d5cdad2,191,191,52315908,2026-10-08T00:59:23Z,B,"log-reconstructed (no native legs, no ext payouts); not trace-checked",MISSING,0.155373,0_to_lt1,1,0x7681c00520c26da8d8970c21a65461c726f274068eb08743debc1178e697044e,ABSENT_NO_HOOK_ADDRESS,True,UniswapV3,True,UNMATCHED
0x30ed68ef3f0e8e5802b49e858cd7957819fa09aee405b6bc8929271e08dea151,192,192,52315911,2026-10-08T00:59:29Z,B,"log-reconstructed (no native legs, no ext payouts); not trace-checked",MISSING,0.016883,0_to_lt1,1,0xa7cfa6bac05206b5781d2eacff67f4e8046efe60fba79ccd0b13a8e6d5a9db9d,ABSENT_NO_HOOK_ADDRESS,True,Aerodrome-Slipstream3,True,UNMATCHED
0x0628ac1d1449e9f8e807ca10d1c7c523d916e3dc3fa209a1a691060041756bc6,193,193,52315913,2026-10-08T00:59:33Z,A,trace-verified native flows; all legs priced,INFERRED,0.468553,0_to_lt1,2,0x7681c00520c26da8d8970c21a65461c726f274068eb08743debc1178e697044e|0xbccb573d5ea511ae924c4d1232aeee1a3f9c6b6b0cd5307ab80dfc0ddf9bc8d5,ABSENT_NO_HOOK_ADDRESS,True,UniswapV3,True,PARTIAL_POOL_SET
0x5cbb1f1dc99fe17eceabce1a9f78e7784a524f1522bfcfb63cbfa30d2040fc06,194,194,52315915,2026-10-08T00:59:37Z,B,"log-reconstructed (no native legs, no ext payouts); not trace-checked",MISSING,0.108927,0_to_lt1,1,0xfba2c4592d32a4e2e6393b8898f9110b4e272983f4bd416b38f81672a17fe3dc,ABSENT_NO_HOOK_ADDRESS,True,UniswapV3,True,UNMATCHED
0xa2165af73965237eaf90cc6e7fe41f1ef6efe15c2a530d9625fdf2227f2fedd5,195,195,52315918,2026-10-08T00:59:43Z,B,"log-reconstructed (no native legs, no ext payouts); not trace-checked",MISSING,0.142138,0_to_lt1,1,0xfba2c4592d32a4e2e6393b8898f9110b4e272983f4bd416b38f81672a17fe3dc,ABSENT_NO_HOOK_ADDRESS,True,UniswapV3,True,UNMATCHED
0x30399122e89a5fa4c86b58c23668971fa4e06a0608613258afbc9b09973e1b0b,197,197,52315932,2026-10-08T01:00:11Z,B,"log-reconstructed (no native legs, no ext payouts); not trace-checked",MISSING,0.250119,0_to_lt1,1,0x7681c00520c26da8d8970c21a65461c726f274068eb08743debc1178e697044e,ABSENT_NO_HOOK_ADDRESS,True,UniswapV3,True,UNMATCHED
0x3a61627d7821888198b1aa4fae9f619f4c364c3d28a93f4d979a9f8c57f858f8,198,198,52315937,2026-10-08T01:00:21Z,A,trace-verified native flows; all legs priced,INFERRED,0.446522,0_to_lt1,1,0x7681c00520c26da8d8970c21a65461c726f274068eb08743debc1178e697044e,ABSENT_NO_HOOK_ADDRESS,True,UniswapV3,True,PARTIAL_POOL_SET
0x5c0bb2dec18aa1091844b847129de87b0e65c14d02152fd40e6eec7f02c360df,203,203,52316013,2026-10-08T01:02:53Z,D,cyclic_unknown_venue,VERIFIED,,kept_null,1,0xbb2aefc6c55a0464b944c0478869527ba1a537f05f90a1bb82e1196c6e9403e2,ABSENT_NO_HOOK_ADDRESS,False,Aerodrome-Slipstream2,False,UNMATCHED
0x4c7975c3aa07457a04997d3cab05f4e7b3adfd8a1eb394747fe93816576ba3dc,205,205,52316017,2026-10-08T01:03:01Z,D,cyclic_unknown_venue,MISSING,,kept_null,1,0xbb2aefc6c55a0464b944c0478869527ba1a537f05f90a1bb82e1196c6e9403e2,ABSENT_NO_HOOK_ADDRESS,False,Aerodrome-Slipstream3,False,UNMATCHED
0x05c32fd5f1ae8bce15329c3d9800536d0883c97887c239f1da20fe5158e40960,207,207,52316020,2026-10-08T01:03:07Z,B,"log-reconstructed (no native legs, no ext payouts); not trace-checked",MISSING,0.021358,0_to_lt1,1,0x20041e650e26d7a779da49f225e76cbcb256cd671f2a3014fc6aff605756ec2e,ABSENT_NO_HOOK_ADDRESS,True,Aerodrome-Slipstream|PancakeV3|UniswapV3,True,UNMATCHED
0xb20131b122c9068364a06453ea072816c8b42e38c5b5c620cf8b7102c51ae03d,208,208,52316033,2026-10-08T01:03:33Z,A,trace-verified native flows; all legs priced,MISSING,0.137464,0_to_lt1,1,0x4d949c5b084f94ac206fd4e2700f56d36d0f61cc338f341c4bb24480280252ae,ABSENT_NO_HOOK_ADDRESS,True,Aerodrome-Slipstream,True,UNMATCHED
0xb711b34576892e6a860bf906778db68c71b9f5907163851c92420def09c40425,216,216,52316107,2026-10-08T01:06:01Z,D,cyclic_v4_unresolved,INFERRED,,kept_null,1,0x96d4b53a38337a5733179751781178a2613306063c511b78cd02684739288c0a,ABSENT_NO_HOOK_ADDRESS,True,PancakeV3,False,UNMATCHED
0x85fb4cbbfeaceeccf3be4be5726084e08e576b846d54d193d6d892290ee8648d,221,221,52316182,2026-10-08T01:08:31Z,D,cyclic_unknown_venue,VERIFIED,,kept_null,1,0xbb2aefc6c55a0464b944c0478869527ba1a537f05f90a1bb82e1196c6e9403e2,ABSENT_NO_HOOK_ADDRESS,False,V3-type@0x38015d05,False,UNMATCHED
0x9d956de7d540852e9c4f3efd2da958c075abef62270d3bf47799aa64a49b52bf,223,223,52316205,2026-10-08T01:09:17Z,B,"log-reconstructed (no native legs, no ext payouts); not trace-checked",MISSING,0.127718,0_to_lt1,1,0xbccb573d5ea511ae924c4d1232aeee1a3f9c6b6b0cd5307ab80dfc0ddf9bc8d5,ABSENT_NO_HOOK_ADDRESS,True,UniswapV3,True,UNMATCHED
0x152eca15f43de8f68e71a44971e3a75a39c96e296865f56ac44252e9a4b55928,224,224,52316205,2026-10-08T01:09:17Z,B,"log-reconstructed (no native legs, no ext payouts); not trace-checked",MISSING,0.131977,0_to_lt1,1,0xbccb573d5ea511ae924c4d1232aeee1a3f9c6b6b0cd5307ab80dfc0ddf9bc8d5,ABSENT_NO_HOOK_ADDRESS,True,UniswapV3,True,UNMATCHED
0x083dc8a3c87a701dd086e7d89a3e5a1cf25c6d192d5feee4e0eaf9f8da1dca04,226,226,52316228,2026-10-08T01:10:03Z,B,"log-reconstructed (no native legs, no ext payouts); not trace-checked",MISSING,0.102891,0_to_lt1,1,0xbccb573d5ea511ae924c4d1232aeee1a3f9c6b6b0cd5307ab80dfc0ddf9bc8d5,ABSENT_NO_HOOK_ADDRESS,True,UniswapV3,True,UNMATCHED
0x86d003e55685ac7d070cafb600b7740d438c9f26e8ee216ad0c239d1e7de1638,227,227,52316235,2026-10-08T01:10:17Z,B,"log-reconstructed (no native legs, no ext payouts); not trace-checked",INFERRED,0.101061,0_to_lt1,2,0x69bb25713e21822f9e7edaba191202bdb7a0001bae3f0b9bd9ad07a3ef6dc607|0xfba2c4592d32a4e2e6393b8898f9110b4e272983f4bd416b38f81672a17fe3dc,ABSENT_NO_HOOK_ADDRESS,True,UniswapV3,True,UNMATCHED
0xf9ba6699a31efbd4c3d359d35d20f84ac9fbecc2a60222e6ecc79adb6536c5f2,232,232,52316355,2026-10-08T01:14:17Z,D,cyclic_v4_unresolved,INFERRED,,kept_null,2,0x389ba9e2243b0325f569f7c911d92f908df1ea3136844fc9204fbf8f33ef574d|0x7d84c49fb04c5460de92ac9b7ea24c43bd3271fb87cda1524cb74be773d4857f,ABSENT_NO_HOOK_ADDRESS,True,UniswapV3,True,PARTIAL_POOL_UNSUPPORTED_VENUE
0x30e3c6cf87876b5d81651303d37233fe1872e38fc96cab60280e956ba2d651d9,233,233,52316355,2026-10-08T01:14:17Z,D,cyclic_v4_unresolved,MISSING,,kept_null,2,0x389ba9e2243b0325f569f7c911d92f908df1ea3136844fc9204fbf8f33ef574d|0x8f0b96a48d01336162168e97ec3f44bc97e49947427c0fd5fd7cfca799c7577e,ABSENT_NO_HOOK_ADDRESS,True,,True,UNMATCHABLE
0x4877ff48e5a3ff023cf69498cb325bb5c6449f27225e4507c55818e678bd9acc,235,235,52316355,2026-10-08T01:14:17Z,B,"log-reconstructed (no native legs, no ext payouts); not trace-checked",VERIFIED,0.295816,0_to_lt1,1,0x7d84c49fb04c5460de92ac9b7ea24c43bd3271fb87cda1524cb74be773d4857f,ABSENT_NO_HOOK_ADDRESS,True,UniswapV3|V2-type@0x04c9f118|V3-type@0xdc323d16,True,UNMATCHED
0x09c39fd533b6029d11477d77c52ac949c2202434dc3d8041129efbd56425314e,239,239,52316383,2026-10-08T01:15:13Z,A,trace-verified native flows; all legs priced,MISSING,0.370022,0_to_lt1,1,0x83f95026fb17cbb252b5861baca45b1ef6b175e9b494250cc1202655431987c9,ABSENT_NO_HOOK_ADDRESS,True,Aerodrome-Slipstream3,True,UNMATCHED
0x1362d402344c774bb40a54bc859211963835e1e199841d1aceca0ffafa5d2108,244,244,52316401,2026-10-08T01:15:49Z,A,trace-verified native flows; all legs priced,MISSING,3.82393,1_to_lt25,1,0x83f95026fb17cbb252b5861baca45b1ef6b175e9b494250cc1202655431987c9,ABSENT_NO_HOOK_ADDRESS,True,Aerodrome-Slipstream3,True,UNMATCHED
0xa35966671c8f0d7b2bed8e365b1e72c801a4663a35e8f7ca966fb1bddf6454cd,246,246,52316401,2026-10-08T01:15:49Z,B,"log-reconstructed (no native legs, no ext payouts); not trace-checked",INFERRED,1.558123,1_to_lt25,1,0xaf4982efba30c7f6b183120b970bf414c05c4c7a045e7f9fab11eefc366ca300,ABSENT_NO_HOOK_ADDRESS,True,Aerodrome-Slipstream|Aerodrome-Slipstream3|UniswapV3,True,UNMATCHED
0x86a0dd40b8992942abc620f837d5f69bd850520de05cc462d5c1c3a36a864737,249,249,52316413,2026-10-08T01:16:13Z,B,"log-reconstructed (no native legs, no ext payouts); not trace-checked",INFERRED,0.115173,0_to_lt1,2,0x69bb25713e21822f9e7edaba191202bdb7a0001bae3f0b9bd9ad07a3ef6dc607|0xfba2c4592d32a4e2e6393b8898f9110b4e272983f4bd416b38f81672a17fe3dc,ABSENT_NO_HOOK_ADDRESS,True,UniswapV3,True,UNMATCHED
0x4cdb6ae18deda568b8348e8fee0f7beef230677ec745415a60f1782183c348e3,254,254,52316586,2026-10-08T01:21:59Z,B,"log-reconstructed (no native legs, no ext payouts); not trace-checked",MISSING,0.117629,0_to_lt1,1,0xf13203ddbf2c9816a79b656a1a952521702715d92fea465b84ae2ed6e94a7f22,ABSENT_NO_HOOK_ADDRESS,True,UniswapV3,True,UNMATCHED
0x0f9b40213e29e0a75b5c94064fb7eb4f630269aa04bcc3a346e9235b9583d427,255,255,52316598,2026-10-08T01:22:23Z,B,"log-reconstructed (no native legs, no ext payouts); not trace-checked",INFERRED,0.946982,0_to_lt1,1,0x503a3fa28c66a39cae20fa6858a707c8d1dc8d46456e28808e47517532fe8041,ABSENT_NO_HOOK_ADDRESS,True,PancakeV3,True,UNMATCHED
0x691fa004af640841017828559b3d8537392c2e7845e8c94e44a6fd266a747b5d,256,256,52316599,2026-10-08T01:22:25Z,D,cyclic_unknown_venue,MISSING,,kept_null,1,0xf97db19953c4309b3af2ceb9cce172939e8868321a24656667d44cccb31c9ddc,ABSENT_NO_HOOK_ADDRESS,True,,False,UNMATCHABLE
0x4dde95642588eff2c852b780472103b8720e897b0e950c53ee586c1a010109ec,259,259,52316677,2026-10-08T01:25:01Z,B,"log-reconstructed (no native legs, no ext payouts); not trace-checked",MISSING,0.656831,0_to_lt1,1,0x7681c00520c26da8d8970c21a65461c726f274068eb08743debc1178e697044e,ABSENT_NO_HOOK_ADDRESS,True,UniswapV3,True,UNMATCHED
0x37d4bce9e070a204f6aa352770b0bb3fcf5e06adc59708af79ec7f6165ce7598,261,261,52316688,2026-10-08T01:25:23Z,C,untraced native leg,VERIFIED,,kept_null,1,0x8568d428ccb7abe9503d3006222a94195f73711146dae52cf42f0e8a3c5b811c,ABSENT_NO_HOOK_ADDRESS,False,Aerodrome-Slipstream2|UniswapV3,True,UNMATCHED
0x1e1a2b2b76779ecaa0c8a369a52e1249e6b9ad8f7b176523647bd980dfdc2210,264,264,52316688,2026-10-08T01:25:23Z,D,cyclic_v4_unresolved,MISSING,,kept_null,1,0x8568d428ccb7abe9503d3006222a94195f73711146dae52cf42f0e8a3c5b811c,ABSENT_NO_HOOK_ADDRESS,False,UniswapV3,True,UNMATCHED
0xef215dd008ec21818c0ee30d64e4f9b8fa18e08726c379ba6f49b4611e6883f6,269,269,52316722,2026-10-08T01:26:31Z,C,untraced native leg,VERIFIED,,kept_null,1,0x8568d428ccb7abe9503d3006222a94195f73711146dae52cf42f0e8a3c5b811c,ABSENT_NO_HOOK_ADDRESS,False,UniswapV3,True,UNMATCHED
0x0546a1dec414fd84bcc1e7b380f9c2488e35ea4a44bb44ad83690c30715cb005,270,270,52316722,2026-10-08T01:26:31Z,D,cyclic_v4_unresolved,MISSING,,kept_null,1,0x8568d428ccb7abe9503d3006222a94195f73711146dae52cf42f0e8a3c5b811c,ABSENT_NO_HOOK_ADDRESS,False,AlgebraIntegral@0x36077d39|UniswapV3,True,UNMATCHED
0xfb287bdebf135eb8eb2a9da967637b323a1cec1f4e2e79c6bbe855540e75a770,272,272,52316722,2026-10-08T01:26:31Z,D,cyclic_v4_unresolved,MISSING,,kept_null,1,0x8568d428ccb7abe9503d3006222a94195f73711146dae52cf42f0e8a3c5b811c,ABSENT_NO_HOOK_ADDRESS,False,Aerodrome-Slipstream|Aerodrome-Slipstream2,True,UNMATCHED
0xb9cecd8e2a4d84fd5823479a75aa17afcdec0b8974b5119f2acd597001be3fa5,276,276,52316811,2026-10-08T01:29:29Z,C,implausible return (>50% of trade input) with gain in a non-major token: probable pricing artifact,INFERRED,,kept_null,1,0x96d4b53a38337a5733179751781178a2613306063c511b78cd02684739288c0a,ABSENT_NO_HOOK_ADDRESS,True,PancakeV3,True,UNMATCHED
0xdeca20fd573c7f7acec59d1fbeeb4183f194e69b9ec01575b83d6d779bd98734,277,277,52316881,2026-10-08T01:31:49Z,B,"log-reconstructed (no native legs, no ext payouts); not trace-checked",INFERRED,0.099749,0_to_lt1,1,0xaa3f41df57766197c15679db7db272058137b26b371b285813ecc620428a4c6c,ABSENT_NO_HOOK_ADDRESS,True,UniswapV3,True,UNMATCHED
0xbfe879eecd1a304740a42224b7a53a67cfbe38cb5e2eef2b15b8b5d900d43060,278,278,52316892,2026-10-08T01:32:11Z,C,untraced native leg,VERIFIED,,kept_null,1,0x8568d428ccb7abe9503d3006222a94195f73711146dae52cf42f0e8a3c5b811c,ABSENT_NO_HOOK_ADDRESS,False,Aerodrome-Slipstream2|UniswapV3,True,UNMATCHED
0x3598d2405b1e01fe56c35ba42299bf5170061218e2366831e73012d598db4951,279,279,52316892,2026-10-08T01:32:11Z,D,cyclic_v4_unresolved,MISSING,,kept_null,1,0x8568d428ccb7abe9503d3006222a94195f73711146dae52cf42f0e8a3c5b811c,ABSENT_NO_HOOK_ADDRESS,False,AlgebraIntegral@0x36077d39|UniswapV2,True,UNMATCHED
0x372d29594327796352f041c627509a10f5a79cf3c1e8381ed89928da80856840,285,285,52317052,2026-10-08T01:37:31Z,A,trace-verified native flows; all legs priced,MISSING,0.891779,0_to_lt1,1,0x7681c00520c26da8d8970c21a65461c726f274068eb08743debc1178e697044e,ABSENT_NO_HOOK_ADDRESS,True,UniswapV3,True,UNMATCHED
0x59392dd83a3ddbda710315702730bcf93110cf95ab8a709d2b196d75f3aaed54,287,287,52317087,2026-10-08T01:38:41Z,B,"log-reconstructed (no native legs, no ext payouts); not trace-checked",MISSING,0.155935,0_to_lt1,1,0xfba2c4592d32a4e2e6393b8898f9110b4e272983f4bd416b38f81672a17fe3dc,ABSENT_NO_HOOK_ADDRESS,True,UniswapV3,True,UNMATCHED
0x29c4b5f3931dea811ff3daf6f067f216968685c483380b2e3f9246492a0e14f4,289,289,52317111,2026-10-08T01:39:29Z,B,"log-reconstructed (no native legs, no ext payouts); not trace-checked",MISSING,0.173059,0_to_lt1,1,0xfba2c4592d32a4e2e6393b8898f9110b4e272983f4bd416b38f81672a17fe3dc,ABSENT_NO_HOOK_ADDRESS,True,Aerodrome-Slipstream3|UniswapV3,True,UNMATCHED
0x014465a117bb791373872e5b3aee9ea56817e2c5e3cf27ca239f06cf504b60ac,292,292,52317130,2026-10-08T01:40:07Z,B,"log-reconstructed (no native legs, no ext payouts); not trace-checked",MISSING,0.232977,0_to_lt1,1,0xfba2c4592d32a4e2e6393b8898f9110b4e272983f4bd416b38f81672a17fe3dc,ABSENT_NO_HOOK_ADDRESS,True,Aerodrome-Slipstream3|UniswapV3,True,UNMATCHED
0xd3cbf2cc27144413759ee819523ec9ecb38192d87065a412698ee9cb4bf2baea,293,293,52317130,2026-10-08T01:40:07Z,A,trace-verified native flows; all legs priced,INFERRED,0.459647,0_to_lt1,1,0xfba2c4592d32a4e2e6393b8898f9110b4e272983f4bd416b38f81672a17fe3dc,ABSENT_NO_HOOK_ADDRESS,True,Aerodrome-Slipstream3|UniswapV3,True,PARTIAL_POOL_SET
0x7ce5ca9042ab197f7eadabe9f17a94ae673ebfcf5901e6a4288130df69412c04,297,297,52317148,2026-10-08T01:40:43Z,D,cyclic_unknown_venue,MISSING,,kept_null,1,0x4e7d243e0095037608bef179bc69c1fcd04a3e4d4e723bf2ec75e90bbc186bd0,ABSENT_NO_HOOK_ADDRESS,True,Aerodrome-Slipstream3,True,UNMATCHED
0x4796933c2f707bdeb35d8c8938d6fd126fde35dfcebd2f13b8b932e3094841b6,299,299,52317225,2026-10-08T01:43:17Z,B,"log-reconstructed (no native legs, no ext payouts); not trace-checked",MISSING,0.470572,0_to_lt1,1,0xfba2c4592d32a4e2e6393b8898f9110b4e272983f4bd416b38f81672a17fe3dc,ABSENT_NO_HOOK_ADDRESS,True,UniswapV3,True,UNMATCHED
0x613c32369e21ebc148d1cb1b9aae0543fe342f3e5ad34ed74abf13f11d346770,301,301,52317243,2026-10-08T01:43:53Z,D,cyclic_v4_unresolved,INFERRED,,kept_null,1,0xeb30711810ba69e0286d70c1dec2633966f6c9eaa9be0151dae87b3e6dd4bce6,ABSENT_NO_HOOK_ADDRESS,True,Aerodrome-V2|UniswapV3,True,UNMATCHED
0xfb567721e8816bea3fd082430dabdcad13198ddf1dc7cec9e59765804cec4bf0,302,302,52317243,2026-10-08T01:43:53Z,D,cyclic_v4_unresolved,MISSING,,kept_null,1,0xeb30711810ba69e0286d70c1dec2633966f6c9eaa9be0151dae87b3e6dd4bce6,ABSENT_NO_HOOK_ADDRESS,True,Aerodrome-Slipstream2|Aerodrome-Slipstream3,True,UNMATCHED
0x24fb7fd9d07dbda6b4b5cd37a630969f45c1609046bd01dd89058bd5640e62d0,312,312,52317320,2026-10-08T01:46:27Z,B,"log-reconstructed (no native legs, no ext payouts); not trace-checked",MISSING,0.363668,0_to_lt1,1,0xfba2c4592d32a4e2e6393b8898f9110b4e272983f4bd416b38f81672a17fe3dc,ABSENT_NO_HOOK_ADDRESS,True,UniswapV3,True,UNMATCHED
0xf17d206daa0b59ac3775eb555af12c8a2bc69379926104c4644ab9f646878cfc,313,313,52317322,2026-10-08T01:46:31Z,B,"log-reconstructed (no native legs, no ext payouts); not trace-checked",MISSING,0.01735,0_to_lt1,1,0xaa3f41df57766197c15679db7db272058137b26b371b285813ecc620428a4c6c,ABSENT_NO_HOOK_ADDRESS,True,UniswapV3,True,UNMATCHED
0xc35b7e7b9a5e7db2340162f926bee3dbbc50bd2eaae78f9ae6456a4dfefb584d,315,315,52317347,2026-10-08T01:47:21Z,B,"log-reconstructed (no native legs, no ext payouts); not trace-checked",MISSING,0.01503,0_to_lt1,1,0xaa3f41df57766197c15679db7db272058137b26b371b285813ecc620428a4c6c,ABSENT_NO_HOOK_ADDRESS,True,UniswapV3,True,UNMATCHED
0x648aa723af51f8fd6d0b20650103e4ca5195116a44d0a35f2383fe09b1951d01,318,318,52317396,2026-10-08T01:48:59Z,A,trace-verified native flows; all legs priced,INFERRED,3.285726,1_to_lt25,1,0xfba2c4592d32a4e2e6393b8898f9110b4e272983f4bd416b38f81672a17fe3dc,ABSENT_NO_HOOK_ADDRESS,True,UniswapV3,True,PARTIAL_POOL_SET
0xc1ce53da927e3191ee84b2b7afef076593709ee3bb8b8a45cf063b310bba62fa,319,319,52317396,2026-10-08T01:48:59Z,A,trace-verified native flows; all legs priced,INFERRED,0.403744,0_to_lt1,1,0xfba2c4592d32a4e2e6393b8898f9110b4e272983f4bd416b38f81672a17fe3dc,ABSENT_NO_HOOK_ADDRESS,True,UniswapV3,True,PARTIAL_POOL_SET
0x1692c56f935f8323651cfa4bcd033cc18989d74c187993e3a5ab655bf14857f6,320,320,52317396,2026-10-08T01:48:59Z,A,trace-verified native flows; all legs priced,INFERRED,0.410393,0_to_lt1,1,0xfba2c4592d32a4e2e6393b8898f9110b4e272983f4bd416b38f81672a17fe3dc,ABSENT_NO_HOOK_ADDRESS,True,UniswapV3,True,PARTIAL_POOL_SET
0x081e4a87d83d18b04dcb3ba73658e353f97f79ea08341cfdda2d4eca96fa6e3f,337,337,52317429,2026-10-08T01:50:05Z,B,"log-reconstructed (no native legs, no ext payouts); not trace-checked",MISSING,0.148818,0_to_lt1,1,0xf13203ddbf2c9816a79b656a1a952521702715d92fea465b84ae2ed6e94a7f22,ABSENT_NO_HOOK_ADDRESS,True,UniswapV3,True,UNMATCHED
0x54043c64c1cfb50a3b1f2c73ad3711e29cae3c78ea9bcf47ae970491efe30f00,339,339,52317441,2026-10-08T01:50:29Z,D,cyclic_v4_unresolved,MISSING,,kept_null,1,0x8568d428ccb7abe9503d3006222a94195f73711146dae52cf42f0e8a3c5b811c,ABSENT_NO_HOOK_ADDRESS,False,Aerodrome-Slipstream|Aerodrome-Slipstream2,True,UNMATCHED
0xa926af15151fe08678be8dd4538ae9b534eb12627c34c2feafcca52ba8a02571,343,343,52317500,2026-10-08T01:52:27Z,B,"log-reconstructed (no native legs, no ext payouts); not trace-checked",MISSING,0.241126,0_to_lt1,1,0xfba2c4592d32a4e2e6393b8898f9110b4e272983f4bd416b38f81672a17fe3dc,ABSENT_NO_HOOK_ADDRESS,True,UniswapV3,True,UNMATCHED
0xeb2ac22a5627293c3e01e2d428603df78488c0f41c5c52b823f9b364df39770d,352,352,52317625,2026-10-08T01:56:37Z,B,"log-reconstructed (no native legs, no ext payouts); not trace-checked",MISSING,0.02191,0_to_lt1,2,0x1d8c55f347727c0fb4f5e1b65cdb93639e0c7102580a7d345e1144cd5a718f54|0xef6c8bc66d71b2e3c4f95fd8d033eb1d941fac1bc1183f43ef9304f7e58ee8c5,ABSENT_NO_HOOK_ADDRESS,True,UniswapV2,True,UNMATCHED
0x55f2c11fa846ad54827507b932cac3c9790351a4b5835f9898049a29a8a6ca42,354,354,52317640,2026-10-08T01:57:07Z,B,"log-reconstructed (no native legs, no ext payouts); not trace-checked",MISSING,0.015797,0_to_lt1,2,0x1d8c55f347727c0fb4f5e1b65cdb93639e0c7102580a7d345e1144cd5a718f54|0xef6c8bc66d71b2e3c4f95fd8d033eb1d941fac1bc1183f43ef9304f7e58ee8c5,ABSENT_NO_HOOK_ADDRESS,True,UniswapV2,True,UNMATCHED
0xdbaa7a2b7054af0d74c7894eb02932cb8eae72f5772e4a369266cc5c061d6c0a,355,355,52317651,2026-10-08T01:57:29Z,B,"log-reconstructed (no native legs, no ext payouts); not trace-checked",MISSING,0.098947,0_to_lt1,1,0xf13203ddbf2c9816a79b656a1a952521702715d92fea465b84ae2ed6e94a7f22,ABSENT_NO_HOOK_ADDRESS,True,UniswapV3,True,UNMATCHED
0xc43ee84f25307f974a95d60a3de946a790768990a4c1bd05844a55976f7a28ab,358,358,52317661,2026-10-08T01:57:49Z,B,"log-reconstructed (no native legs, no ext payouts); not trace-checked",MISSING,0.060809,0_to_lt1,1,0xfba2c4592d32a4e2e6393b8898f9110b4e272983f4bd416b38f81672a17fe3dc,ABSENT_NO_HOOK_ADDRESS,True,Aerodrome-Slipstream|UniswapV3,False,UNMATCHED
0xe4666f5678415611407de43c6f6298bc402ccccf45d3d02026065e9b89e7e332,360,360,52317739,2026-10-08T02:00:25Z,A,trace-verified native flows; all legs priced,MISSING,0.612681,0_to_lt1,1,0x381c95740e3e5a23d66b9757ade02d85e8810e3711f20aaa15c37e06963ab747,ABSENT_NO_HOOK_ADDRESS,True,Aerodrome-V2,True,UNMATCHED
0xefe310114693ac0e3e51a3f4c00637117da8641a8568d9a23facfdd494e6ce25,364,364,52317868,2026-10-08T02:04:43Z,A,trace-verified native flows; all legs priced,MISSING,0.915094,0_to_lt1,1,0xfba2c4592d32a4e2e6393b8898f9110b4e272983f4bd416b38f81672a17fe3dc,ABSENT_NO_HOOK_ADDRESS,True,Aerodrome-Slipstream3|UniswapV3,True,UNMATCHED
0xc49bfee91925de4b4f3aeebcc8ac0fdafc20489d900b20bff4209febc7decab6,366,366,52317895,2026-10-08T02:05:37Z,A,trace-verified native flows; all legs priced,MISSING,0.99617,0_to_lt1,1,0xfba2c4592d32a4e2e6393b8898f9110b4e272983f4bd416b38f81672a17fe3dc,ABSENT_NO_HOOK_ADDRESS,True,UniswapV3,True,UNMATCHED
0x44984e54b89ac714e0f6ea429c79f74dc01b65e7ffa41fd7c41dc42faafbf815,367,367,52317896,2026-10-08T02:05:39Z,B,"log-reconstructed (no native legs, no ext payouts); not trace-checked",MISSING,0.137192,0_to_lt1,1,0xfba2c4592d32a4e2e6393b8898f9110b4e272983f4bd416b38f81672a17fe3dc,ABSENT_NO_HOOK_ADDRESS,True,Aerodrome-Slipstream3|UniswapV3,True,UNMATCHED
0x974a4ed6a470e7998030f503ff40024dae6e9954e7c898fedc9ecc1bb73022ec,368,368,52317899,2026-10-08T02:05:45Z,B,"log-reconstructed (no native legs, no ext payouts); not trace-checked",INFERRED,0.116669,0_to_lt1,2,0x7326e76e12ddcd44ac571aab0f63179738a433ac78ceecd8352514099e44a56d|0xb5cd6e82b8fca463b1708af6fec2073c7c107f3e6c750a817c8f8885fb835748,ABSENT_NO_HOOK_ADDRESS,True,UniswapV3,True,UNMATCHED
0x577e07cffca27c4ba7930fa803de33854d90168d603c402ca66f2d8173cfd8e5,369,369,52317933,2026-10-08T02:06:53Z,B,"log-reconstructed (no native legs, no ext payouts); not trace-checked",MISSING,0.482706,0_to_lt1,1,0xfba2c4592d32a4e2e6393b8898f9110b4e272983f4bd416b38f81672a17fe3dc,ABSENT_NO_HOOK_ADDRESS,True,UniswapV3,True,UNMATCHED
0xbd9c631bd10c6698515e716755c25482d656d11c3cd9ab8b1bd382fe218f6f0d,371,371,52317949,2026-10-08T02:07:25Z,B,"log-reconstructed (no native legs, no ext payouts); not trace-checked",MISSING,0.075911,0_to_lt1,1,0x49fff8ec544984d862c0c322c83bc0cfb7a9a953a7d4d4d352a2aff27f7602cf,ABSENT_NO_HOOK_ADDRESS,True,UniswapV3,True,UNMATCHED
0x153427100c6f580583dedf7176012f1801d25eadd35c50541414a39efcacaa93,372,372,52317950,2026-10-08T02:07:27Z,B,"log-reconstructed (no native legs, no ext payouts); not trace-checked",MISSING,0.256225,0_to_lt1,1,0x7681c00520c26da8d8970c21a65461c726f274068eb08743debc1178e697044e,ABSENT_NO_HOOK_ADDRESS,True,UniswapV3,True,UNMATCHED
0x11a9c4c51737e9dbe5ac0f3c842b1ad3f12bdcb1e304d3380bde4815befd24c2,374,374,52317959,2026-10-08T02:07:45Z,D,cyclic_v4_unresolved,INFERRED,,kept_null,2,0x96d4b53a38337a5733179751781178a2613306063c511b78cd02684739288c0a|0x9af570b4cba99acf761a2d7f26f280b57e0db4634ac4452ed543e5e701e6ca3d,ABSENT_NO_HOOK_ADDRESS,True,Aerodrome-Slipstream|Aerodrome-Slipstream2|PancakeV3@0x829ce741|UniswapV3,True,UNMATCHED
0xae2b729d4bb8a65c16fd086cdc612ce97cfac069f11f350a0bc896a3e474982c,378,378,52317987,2026-10-08T02:08:41Z,B,"log-reconstructed (no native legs, no ext payouts); not trace-checked",MISSING,0.509266,0_to_lt1,1,0xfba2c4592d32a4e2e6393b8898f9110b4e272983f4bd416b38f81672a17fe3dc,ABSENT_NO_HOOK_ADDRESS,True,UniswapV3,True,UNMATCHED
0x7839d8a11e4b855e6564d6cb1bfd90a0ef4700f1d193ecfad8f26b24dc37532d,379,379,52317987,2026-10-08T02:08:41Z,A,trace-verified native flows; all legs priced,MISSING,1.12954,1_to_lt25,1,0x7681c00520c26da8d8970c21a65461c726f274068eb08743debc1178e697044e,ABSENT_NO_HOOK_ADDRESS,True,UniswapV3,True,UNMATCHED
0x02c9e88d51d82ba75f2ed4c27f88e72188a147aa771fb5d1cb5b47a5118da8a8,382,382,52318017,2026-10-08T02:09:41Z,B,"log-reconstructed (no native legs, no ext payouts); not trace-checked",MISSING,0.29705,0_to_lt1,1,0x7681c00520c26da8d8970c21a65461c726f274068eb08743debc1178e697044e,ABSENT_NO_HOOK_ADDRESS,True,UniswapV3,True,UNMATCHED
0xf144b45bce8c779621fef0351c6112ba9c779d0ba43b42b59277e810b925073e,383,383,52318022,2026-10-08T02:09:51Z,A,trace-verified native flows; all legs priced,INFERRED,0.420967,0_to_lt1,1,0x7681c00520c26da8d8970c21a65461c726f274068eb08743debc1178e697044e,ABSENT_NO_HOOK_ADDRESS,True,UniswapV3,True,PARTIAL_POOL_SET
0xf074f08eaa98980a82cc195f89cb1b8ecb7d2ac1cb83c050067e75cf07b6d785,393,393,52318215,2026-10-08T02:16:17Z,B,"log-reconstructed (no native legs, no ext payouts); not trace-checked",MISSING,0.094624,0_to_lt1,1,0x49fff8ec544984d862c0c322c83bc0cfb7a9a953a7d4d4d352a2aff27f7602cf,ABSENT_NO_HOOK_ADDRESS,True,UniswapV3,True,UNMATCHED
0x3f2557f15652704e44606819fa6415fe173f1d694eecc9a314e320a79e416fcc,394,394,52318220,2026-10-08T02:16:27Z,A,trace-verified native flows; all legs priced,INFERRED,0.242833,0_to_lt1,2,0x9cd6944d88fdafde3f3d40ebf08df62a4728e54d9a8a59102c69b4bf724db662|0xc2dd131e210679afff1749c7f5d219bf87e9dd436b0bdd48a6bd27075b205ac3,TAGGED_HOOK_NO_ADDRESS,True,AlgebraIntegral@0x36077d39|UniswapV3,True,PARTIAL_POOL_SET
0x7e832e04a42c089a9722a3f901f29a53fc156706590dbed364ea40f43bbfb43c,397,397,52318258,2026-10-08T02:17:43Z,A,trace-verified native flows; all legs priced,MISSING,1.298253,1_to_lt25,1,0xe1d05fe2b899df927bc67e5eedaccb95d06bf7c769ed68469bb773615f2401f8,ABSENT_NO_HOOK_ADDRESS,True,UniswapV3,True,UNMATCHED
0x057a2ad76b1f00708002dee493597c14ce71a6a91a87a9375b23c409c8404047,398,398,52318259,2026-10-08T02:17:45Z,B,"log-reconstructed (no native legs, no ext payouts); not trace-checked",MISSING,0.008129,0_to_lt1,1,0x4b095f294d8efca4b50b948865e68262025a68ba80e759b5b75cddb995c6b43f,ABSENT_NO_HOOK_ADDRESS,True,Aerodrome-Slipstream3,True,UNMATCHED
0xbeda7b407b68fc35658ecc2892345262f79329d390bcafcc74e5451e4784e0ae,399,399,52318266,2026-10-08T02:17:59Z,A,trace-verified native flows; all legs priced,MISSING,0.367023,0_to_lt1,3,0x4d949c5b084f94ac206fd4e2700f56d36d0f61cc338f341c4bb24480280252ae|0x887fc5ac9d6bfd41c5df48e5ec1ede83f6e68ab3b45c096d44fe8ceb12c8bc64|0xfba2c4592d32a4e2e6393b8898f9110b4e272983f4bd416b38f81672a17fe3dc,ABSENT_NO_HOOK_ADDRESS,True,UniswapV3,True,PARTIAL_POOL_UNSUPPORTED_VENUE
0x20996581d76085274e1ea203522674b596ece8e8b82baec22607632a26079b11,403,403,52318271,2026-10-08T02:18:09Z,B,"log-reconstructed (no native legs, no ext payouts); not trace-checked",MISSING,0.086967,0_to_lt1,1,0x4d949c5b084f94ac206fd4e2700f56d36d0f61cc338f341c4bb24480280252ae,ABSENT_NO_HOOK_ADDRESS,True,Aerodrome-Slipstream|PancakeV3,True,UNMATCHED
0x689b71bab58ae15aa442411822e3c6afaf6d51c6eb7ff08f54184f48aaa537b2,404,404,52318271,2026-10-08T02:18:09Z,D,cyclic_v4_unresolved,MISSING,,kept_null,1,0x41084f2d35b54dc0d070fbf76aa52c46f5d9c7e36c163252064b6b184d9429d9,ABSENT_NO_HOOK_ADDRESS,False,Aerodrome-Slipstream3,True,UNMATCHED
0x75e003c33a8b64fb3781adfdd7957a66f37d44df0063e388b7bd98ecf6fcf41e,405,405,52318271,2026-10-08T02:18:09Z,B,"log-reconstructed (no native legs, no ext payouts); not trace-checked",MISSING,0.004846,0_to_lt1,1,0x4b095f294d8efca4b50b948865e68262025a68ba80e759b5b75cddb995c6b43f,ABSENT_NO_HOOK_ADDRESS,True,Aerodrome-Slipstream3,True,UNMATCHED
0xf7123aa9548ac6aecc5f2de2e640c088193330ef624ea8b3048ed8137cd7ec0a,406,406,52318276,2026-10-08T02:18:19Z,A,trace-verified native flows; all legs priced,MISSING,0.641639,0_to_lt1,1,0x4b095f294d8efca4b50b948865e68262025a68ba80e759b5b75cddb995c6b43f,ABSENT_NO_HOOK_ADDRESS,True,Aerodrome-Slipstream3,True,UNMATCHED
0x5ce8a70543ba53b3446da3097076df0db1c2ac5c0ac3b86128fe70f998f23010,407,407,52318280,2026-10-08T02:18:27Z,A,trace-verified native flows; all legs priced,MISSING,-0.15314,below_0,1,0x4b095f294d8efca4b50b948865e68262025a68ba80e759b5b75cddb995c6b43f,ABSENT_NO_HOOK_ADDRESS,True,Aerodrome-Slipstream3,True,UNMATCHED
0xeb2310e2ad1c6e18df29247f06f783e29f0f33171896d59b7fd02fcb6a541986,409,409,52318297,2026-10-08T02:19:01Z,D,cyclic_v4_unresolved,MISSING,,kept_null,1,0x35be06dd865586884e107d15821d591644335ea775de2f1d444e2b9eb39aa514,ABSENT_NO_HOOK_ADDRESS,True,Aerodrome-Slipstream|Aerodrome-Slipstream3,True,UNMATCHED
0x7fc1a02b69b90426ad8a4e6a453a4d1ee12bd92a57e8482254308aa1ce1ec64a,415,415,52318338,2026-10-08T02:20:23Z,B,"log-reconstructed (no native legs, no ext payouts); not trace-checked",MISSING,0.013614,0_to_lt1,2,0x887fc5ac9d6bfd41c5df48e5ec1ede83f6e68ab3b45c096d44fe8ceb12c8bc64|0xfba2c4592d32a4e2e6393b8898f9110b4e272983f4bd416b38f81672a17fe3dc,ABSENT_NO_HOOK_ADDRESS,True,Aerodrome-Slipstream3,True,UNMATCHED
0x5f4a7ed1442c5c32f810feb84297cb1463cc2bcb174d1eba0adb6957f8dd29c4,427,427,52318459,2026-10-08T02:24:25Z,B,"log-reconstructed (no native legs, no ext payouts); not trace-checked",MISSING,0.108688,0_to_lt1,1,0xfba2c4592d32a4e2e6393b8898f9110b4e272983f4bd416b38f81672a17fe3dc,ABSENT_NO_HOOK_ADDRESS,True,UniswapV3,True,UNMATCHED
0xa9e5a7ed03c781c022cf61015c7ca47440c475cce7c937dd2250c4ef554254de,428,428,52318465,2026-10-08T02:24:37Z,D,cyclic_v4_unresolved,MISSING,,kept_null,2,0xb6424e72909ec3473f12ac18dfeb3759c070b6da25606a64705ec3818bb55e6c|0xdb366ce311055bc3e275de10dbc320b4ade74c3ebc0179dd3fbb8efbcdb1b096,ABSENT_NO_HOOK_ADDRESS,True,UniswapV3,True,UNMATCHED
0x7769504dc135c09ebe7493a38fd3cc6f12cac274391a123f707e1dc956a75458,430,430,52318541,2026-10-08T02:27:09Z,B,"log-reconstructed (no native legs, no ext payouts); not trace-checked",MISSING,0.018418,0_to_lt1,1,0xf6c175a40f11dda83bcf403923bc6bb07edadaf6bb161c9188f3c81d1dc960e2,ABSENT_NO_HOOK_ADDRESS,True,Aerodrome-Slipstream3,True,UNMATCHED
0x85872bc133b44fc2aeecd3614019124d1a5ead638869c3a3f7e43c53f75f531d,433,433,52318571,2026-10-08T02:28:09Z,B,"log-reconstructed (no native legs, no ext payouts); not trace-checked",MISSING,0.016888,0_to_lt1,1,0x1a3a5d1c0e7282cfe8be8344c280410c6ddbe0f5ee0e7b17bedd635882b70e9f,ABSENT_NO_HOOK_ADDRESS,True,UniswapV3,True,UNMATCHED
0x401b27fb8adabd4243009d18c18ca40d98205e7dfa37143f383ec378d4df584f,434,434,52318600,2026-10-08T02:29:07Z,B,"log-reconstructed (no native legs, no ext payouts); not trace-checked",MISSING,0.083165,0_to_lt1,1,0x7681c00520c26da8d8970c21a65461c726f274068eb08743debc1178e697044e,ABSENT_NO_HOOK_ADDRESS,True,UniswapV3,True,UNMATCHED
0x102462795d6f72739c876b7ff30982d26d6c4d45560f9e3452d514185847b9cb,437,437,52318694,2026-10-08T02:32:15Z,B,"log-reconstructed (no native legs, no ext payouts); not trace-checked",MISSING,0.003468,0_to_lt1,1,0x80ec46d953635415642f85e132b8c1dfd10788b2a74d3c72a2bf459c8653e89c,ABSENT_NO_HOOK_ADDRESS,True,UniswapV3,True,UNMATCHED
0x7835b802f1f69fcca4db17d9c35824ca005c3dd15f0612ca6f34404972d72556,440,440,52318786,2026-10-08T02:35:19Z,A,trace-verified native flows; all legs priced,INFERRED,0.187126,0_to_lt1,1,0x1a3a5d1c0e7282cfe8be8344c280410c6ddbe0f5ee0e7b17bedd635882b70e9f,ABSENT_NO_HOOK_ADDRESS,True,UniswapV3,True,PARTIAL_POOL_SET
0x13d30715f9dac7f8faf7b6eb8d911d737259247cd793bb388f23126bb9535158,441,441,52318823,2026-10-08T02:36:33Z,B,"log-reconstructed (no native legs, no ext payouts); not trace-checked",MISSING,0.00578,0_to_lt1,3,0x0d7907a60607d885d5d267d70bb1abff723b43cb4ff61f4554803d823a004232|0xbc54f29340d137e830aeb3bb0fe9151c226dc9a09a606f46b97ac0ce310a47de|0xefe9868c626b72cd04dba3c973e17cede28b7e34da5e3815d17196e7a5f5b9c4,ABSENT_NO_HOOK_ADDRESS,True,,True,UNMATCHABLE
0xe64bdf20e90550476e0257cf6ab3eba733390c50284d7093162bfbe2efe4d382,445,445,52318903,2026-10-08T02:39:13Z,A,trace-verified native flows; all legs priced,INFERRED,0.433782,0_to_lt1,2,0x69bb25713e21822f9e7edaba191202bdb7a0001bae3f0b9bd9ad07a3ef6dc607|0x7681c00520c26da8d8970c21a65461c726f274068eb08743debc1178e697044e,ABSENT_NO_HOOK_ADDRESS,True,UniswapV3,True,PARTIAL_POOL_SET
0x83a73409098cedf65d68e9f576caa64d7798aa8901a40fbd6f5c2000adfff69f,447,447,52318989,2026-10-08T02:42:05Z,B,"log-reconstructed (no native legs, no ext payouts); not trace-checked",INFERRED,0.257133,0_to_lt1,1,0x69bb25713e21822f9e7edaba191202bdb7a0001bae3f0b9bd9ad07a3ef6dc607,ABSENT_NO_HOOK_ADDRESS,True,Aerodrome-Slipstream|UniswapV3,True,UNMATCHED
0x382e7b4d27f977e0e1f667934aea6274d64a761e5a59717a0d769b8df35270c9,448,448,52318992,2026-10-08T02:42:11Z,B,"log-reconstructed (no native legs, no ext payouts); not trace-checked",INFERRED,0.18712,0_to_lt1,2,0x69bb25713e21822f9e7edaba191202bdb7a0001bae3f0b9bd9ad07a3ef6dc607|0xfba2c4592d32a4e2e6393b8898f9110b4e272983f4bd416b38f81672a17fe3dc,ABSENT_NO_HOOK_ADDRESS,True,UniswapV3,True,UNMATCHED
0x850fd64dc36900865d027f45db7671ce3699ae47772c16b59f0f8241c1e54688,449,449,52318997,2026-10-08T02:42:21Z,D,cyclic_v4_unresolved,MISSING,,kept_null,1,0x35be06dd865586884e107d15821d591644335ea775de2f1d444e2b9eb39aa514,ABSENT_NO_HOOK_ADDRESS,True,Aerodrome-Slipstream|Aerodrome-Slipstream3,True,UNMATCHED
0x5c7f2376de4035ae34b1d657c617f05495ba9b116dfb60cdab24005828d1b1da,450,450,52318997,2026-10-08T02:42:21Z,B,"log-reconstructed (no native legs, no ext payouts); not trace-checked",INFERRED,2.29005,1_to_lt25,1,0x4d949c5b084f94ac206fd4e2700f56d36d0f61cc338f341c4bb24480280252ae,ABSENT_NO_HOOK_ADDRESS,True,Aerodrome-Slipstream3,True,UNMATCHED
0x745fb28bb835d8193ee0114bd2182340650c0213ef6dd7fa057318384ae6090e,452,452,52319009,2026-10-08T02:42:45Z,A,trace-verified native flows; all legs priced,MISSING,2.757227,1_to_lt25,3,0x49fff8ec544984d862c0c322c83bc0cfb7a9a953a7d4d4d352a2aff27f7602cf|0x4d949c5b084f94ac206fd4e2700f56d36d0f61cc338f341c4bb24480280252ae|0x887fc5ac9d6bfd41c5df48e5ec1ede83f6e68ab3b45c096d44fe8ceb12c8bc64,ABSENT_NO_HOOK_ADDRESS,True,,True,UNMATCHABLE
0x8a4d8e5acaff4c0b30ddad38a667ca87f6fca33f848709fbde775d2b08626f04,453,453,52319009,2026-10-08T02:42:45Z,B,"log-reconstructed (no native legs, no ext payouts); not trace-checked",MISSING,-0.098289,below_0,1,0xcd617e21598cd2532b392fb4aab990568ca00fe0bc3ef69a65aea0e0014fa74e,ABSENT_NO_HOOK_ADDRESS,True,Aerodrome-Slipstream3,True,UNMATCHED
0xc0a343554d6d0ce08e3e8071d40cbab231681853e3cfa5d51a05cde9f3c9884d,454,454,52319009,2026-10-08T02:42:45Z,D,cyclic_v4_unresolved,MISSING,,kept_null,2,0x4d949c5b084f94ac206fd4e2700f56d36d0f61cc338f341c4bb24480280252ae|0x8be5b87ece64619cbe51260db2cd784582b2b5ad72300229656966b99e043494,ABSENT_NO_HOOK_ADDRESS,True,Aerodrome-Slipstream,True,UNMATCHED
0x4d742a0e62828aaa504e78bce38f7919c8228537b0b3c890a0873ba66d0b2adf,455,455,52319010,2026-10-08T02:42:47Z,B,"log-reconstructed (no native legs, no ext payouts); not trace-checked",MISSING,0.002824,0_to_lt1,1,0x4d949c5b084f94ac206fd4e2700f56d36d0f61cc338f341c4bb24480280252ae,ABSENT_NO_HOOK_ADDRESS,True,Aerodrome-Slipstream3,True,UNMATCHED
0x09f5c906fccbd059c0fe43a664599c10b658aed398543e71386a528e1d692e86,457,457,52319037,2026-10-08T02:43:41Z,A,trace-verified native flows; all legs priced,INFERRED,2.147646,1_to_lt25,1,0x4d949c5b084f94ac206fd4e2700f56d36d0f61cc338f341c4bb24480280252ae,ABSENT_NO_HOOK_ADDRESS,True,Aerodrome-Slipstream3|UniswapV3,True,PARTIAL_POOL_SET
0xae804b62f29c41c61e75b143342cfbf316c78bfc2bc669d7818f868832bbae33,461,461,52319084,2026-10-08T02:45:15Z,B,"log-reconstructed (no native legs, no ext payouts); not trace-checked",INFERRED,0.085526,0_to_lt1,2,0x69bb25713e21822f9e7edaba191202bdb7a0001bae3f0b9bd9ad07a3ef6dc607|0xfba2c4592d32a4e2e6393b8898f9110b4e272983f4bd416b38f81672a17fe3dc,ABSENT_NO_HOOK_ADDRESS,True,UniswapV3,True,UNMATCHED
0x598780c8245139ebf1158fae177b6a07ae862a3b5d5421ae3aed6808ed5d74cc,462,462,52319089,2026-10-08T02:45:25Z,B,"log-reconstructed (no native legs, no ext payouts); not trace-checked",INFERRED,0.095657,0_to_lt1,2,0x69bb25713e21822f9e7edaba191202bdb7a0001bae3f0b9bd9ad07a3ef6dc607|0xfba2c4592d32a4e2e6393b8898f9110b4e272983f4bd416b38f81672a17fe3dc,ABSENT_NO_HOOK_ADDRESS,True,UniswapV3,True,UNMATCHED
0x5ff3117eab1ece4a94495890afe66ddf6d144c2e44af8aca68e76baffbe8c4d8,463,463,52319089,2026-10-08T02:45:25Z,B,"log-reconstructed (no native legs, no ext payouts); not trace-checked",MISSING,0.137204,0_to_lt1,1,0x4d949c5b084f94ac206fd4e2700f56d36d0f61cc338f341c4bb24480280252ae,ABSENT_NO_HOOK_ADDRESS,True,Aerodrome-Slipstream3,True,UNMATCHED
0x85c2c4c3081a7342340c6ef5c0a694d242a8ba18383a3107b13e49f4fc61eebd,464,464,52319137,2026-10-08T02:47:01Z,A,trace-verified native flows; all legs priced,INFERRED,0.131896,0_to_lt1,2,0x69bb25713e21822f9e7edaba191202bdb7a0001bae3f0b9bd9ad07a3ef6dc607|0x7681c00520c26da8d8970c21a65461c726f274068eb08743debc1178e697044e,ABSENT_NO_HOOK_ADDRESS,True,UniswapV3,True,PARTIAL_POOL_SET
0x1273d48414dd960a67e29004e3daf328b3effba51fbc4c407ac43bc876e26fbc,465,465,52319163,2026-10-08T02:47:53Z,B,"log-reconstructed (no native legs, no ext payouts); not trace-checked",INFERRED,0.139447,0_to_lt1,2,0x69bb25713e21822f9e7edaba191202bdb7a0001bae3f0b9bd9ad07a3ef6dc607|0xfba2c4592d32a4e2e6393b8898f9110b4e272983f4bd416b38f81672a17fe3dc,ABSENT_NO_HOOK_ADDRESS,True,UniswapV3,True,UNMATCHED
0x6935aa332415326b7011a940d1ae734b5d7d5959cc5a588872b98acfa07f0a0b,466,466,52319172,2026-10-08T02:48:11Z,B,"log-reconstructed (no native legs, no ext payouts); not trace-checked",INFERRED,0.082146,0_to_lt1,2,0x69bb25713e21822f9e7edaba191202bdb7a0001bae3f0b9bd9ad07a3ef6dc607|0xfba2c4592d32a4e2e6393b8898f9110b4e272983f4bd416b38f81672a17fe3dc,ABSENT_NO_HOOK_ADDRESS,True,UniswapV3,True,UNMATCHED
0x26bcd5cbaf6e98147df85c2e9291a9113cb3a954f19d2e8b7532d08634e3cc76,467,467,52319180,2026-10-08T02:48:27Z,A,trace-verified native flows; all legs priced,INFERRED,1.06487,1_to_lt25,1,0x4d949c5b084f94ac206fd4e2700f56d36d0f61cc338f341c4bb24480280252ae,ABSENT_NO_HOOK_ADDRESS,True,Aerodrome-Slipstream3|UniswapV3,True,PARTIAL_POOL_SET
0xa18a3b57ae72186b6fb3be2b6b291cfd5a0b6a5fa893e848c21ed92905531246,468,468,52319189,2026-10-08T02:48:45Z,B,"log-reconstructed (no native legs, no ext payouts); not trace-checked",INFERRED,0.113825,0_to_lt1,2,0x69bb25713e21822f9e7edaba191202bdb7a0001bae3f0b9bd9ad07a3ef6dc607|0xfba2c4592d32a4e2e6393b8898f9110b4e272983f4bd416b38f81672a17fe3dc,ABSENT_NO_HOOK_ADDRESS,True,UniswapV3,True,UNMATCHED
0xfda9d5504a54cab223e66f8c2717100316ff8fe031adb83147b7a68eb2ed8fe5,473,473,52319233,2026-10-08T02:50:13Z,B,"log-reconstructed (no native legs, no ext payouts); not trace-checked",MISSING,0.161769,0_to_lt1,1,0x4d949c5b084f94ac206fd4e2700f56d36d0f61cc338f341c4bb24480280252ae,ABSENT_NO_HOOK_ADDRESS,True,Aerodrome-Slipstream3,True,UNMATCHED
0xbfa91b46096e5955ccee9292a8e54726b99d1cf0c9633ef284f6d478e8f1d63f,474,474,52319233,2026-10-08T02:50:13Z,B,"log-reconstructed (no native legs, no ext payouts); not trace-checked",INFERRED,0.100612,0_to_lt1,1,0x7ab499964cc9de0b7e390afba5778291baf6f9881d1a0f4a8cf3b13fefd22522,ABSENT_NO_HOOK_ADDRESS,True,UniswapV3,True,UNMATCHED
0x7542e3d9e8cfa048931591def8c84a6e221fc09a6abe0c3a39dee339ee85362b,477,477,52319244,2026-10-08T02:50:35Z,A,trace-verified native flows; all legs priced,INFERRED,0.180514,0_to_lt1,2,0x7326e76e12ddcd44ac571aab0f63179738a433ac78ceecd8352514099e44a56d|0xc9786476d2492eb8ddb2ebf8b4b69e227e1f31397c790d877541ab0ed5cf5ee2,TAGGED_HOOK_NO_ADDRESS,True,UniswapV3,True,PARTIAL_POOL_SET
0x820512deaf04f5a253f8b53fb926214993d144361702968ba3908d80a503d159,481,481,52319259,2026-10-08T02:51:05Z,A,trace-verified native flows; all legs priced,MISSING,0.029914,0_to_lt1,1,0x4d949c5b084f94ac206fd4e2700f56d36d0f61cc338f341c4bb24480280252ae,ABSENT_NO_HOOK_ADDRESS,True,Aerodrome-Slipstream3,True,UNMATCHED
0xe7ff76758ec640c348ece47fc98093a5de0ea9d739a641852a8008dd0be0815f,484,484,52319323,2026-10-08T02:53:13Z,B,"log-reconstructed (no native legs, no ext payouts); not trace-checked",INFERRED,0.079985,0_to_lt1,2,0x69bb25713e21822f9e7edaba191202bdb7a0001bae3f0b9bd9ad07a3ef6dc607|0xfba2c4592d32a4e2e6393b8898f9110b4e272983f4bd416b38f81672a17fe3dc,ABSENT_NO_HOOK_ADDRESS,True,UniswapV3,True,UNMATCHED
0xb476eb3de959641233e91536c79285e52aaa1eee4a04fb4c3493b89c46b00db9,485,485,52319352,2026-10-08T02:54:11Z,A,trace-verified native flows; all legs priced,INFERRED,1.315534,1_to_lt25,2,0x7326e76e12ddcd44ac571aab0f63179738a433ac78ceecd8352514099e44a56d|0xc9786476d2492eb8ddb2ebf8b4b69e227e1f31397c790d877541ab0ed5cf5ee2,TAGGED_HOOK_NO_ADDRESS,True,UniswapV3,True,PARTIAL_POOL_SET
0xa9211299f4f604c688b93104c692ad40fe6df755de5748aa62e0c5f6b2b1fcbb,486,486,52319357,2026-10-08T02:54:21Z,B,"log-reconstructed (no native legs, no ext payouts); not trace-checked",INFERRED,0.1038,0_to_lt1,2,0x69bb25713e21822f9e7edaba191202bdb7a0001bae3f0b9bd9ad07a3ef6dc607|0xfba2c4592d32a4e2e6393b8898f9110b4e272983f4bd416b38f81672a17fe3dc,ABSENT_NO_HOOK_ADDRESS,True,UniswapV3,True,UNMATCHED
0x243495ce99983fbf97d86237bc7f16b1ff260329a8dd5e06d74e27c886a0cea5,487,487,52319359,2026-10-08T02:54:25Z,D,cyclic_v4_unresolved,MISSING,,kept_null,1,0x96d4b53a38337a5733179751781178a2613306063c511b78cd02684739288c0a,ABSENT_NO_HOOK_ADDRESS,True,PancakeV3,False,UNMATCHED
0x856cdd59b5ec623e57a11fa6f7dcef458f0b3d96ebe7449807cb969a0576595b,489,489,52319368,2026-10-08T02:54:43Z,B,"log-reconstructed (no native legs, no ext payouts); not trace-checked",MISSING,0.018761,0_to_lt1,1,0xc62d09dc7341ceef50b12b869aeafa8f5962c943a7534c7dd001d83363652c4c,ABSENT_NO_HOOK_ADDRESS,True,UniswapV3,True,UNMATCHED
0xfbc81d4ba0f3e369167574b6e8ee56e370d4c8f0b4066f2744301593bed8613d,491,491,52319454,2026-10-08T02:57:35Z,B,"log-reconstructed (no native legs, no ext payouts); not trace-checked",MISSING,0.025055,0_to_lt1,3,0x5dac93ce0d7365518d3a41ec853ad32e9577cf16e287367cb0fb9bdc848c3e1e|0x6f3741139e087324fb023a1d5a1e038a343de15edba4409d6bf9c4b54db443ed|0x851f65bcdf6485f15047d4dea1cf8cb60ad1a815bbed7d2e8373a32b954045e4,TAGGED_HOOK_NO_ADDRESS,True,,True,UNMATCHABLE
0xc4b6a20d418c98748232d53ed91b5cc0efa18bb94c5c1a413d56acd4919271a1,492,492,52319467,2026-10-08T02:58:01Z,B,"log-reconstructed (no native legs, no ext payouts); not trace-checked",MISSING,0.05671,0_to_lt1,3,0x5dac93ce0d7365518d3a41ec853ad32e9577cf16e287367cb0fb9bdc848c3e1e|0x6f3741139e087324fb023a1d5a1e038a343de15edba4409d6bf9c4b54db443ed|0x851f65bcdf6485f15047d4dea1cf8cb60ad1a815bbed7d2e8373a32b954045e4,TAGGED_HOOK_NO_ADDRESS,True,,True,UNMATCHABLE
0x0b99471830f2d6882b62978a27117c85c5988534190273a472e903f17c54f839,498,498,52319579,2026-10-08T03:01:45Z,B,"log-reconstructed (no native legs, no ext payouts); not trace-checked",INFERRED,0.091853,0_to_lt1,2,0x69bb25713e21822f9e7edaba191202bdb7a0001bae3f0b9bd9ad07a3ef6dc607|0xfba2c4592d32a4e2e6393b8898f9110b4e272983f4bd416b38f81672a17fe3dc,ABSENT_NO_HOOK_ADDRESS,True,UniswapV3,True,UNMATCHED
0x4a365ed4c76d908afce94c96a289d7aad09aad64c672fb85e6422a746a567b54,501,501,52319630,2026-10-08T03:03:27Z,A,trace-verified native flows; all legs priced,INFERRED,0.216549,0_to_lt1,1,0x4d949c5b084f94ac206fd4e2700f56d36d0f61cc338f341c4bb24480280252ae,ABSENT_NO_HOOK_ADDRESS,True,Aerodrome-Slipstream3|UniswapV3,True,PARTIAL_POOL_SET
0xa7ea0047386ad5dbc8686bdcd1132de02a8c10e10f1e1badc1854756aad463df,502,502,52319634,2026-10-08T03:03:35Z,B,"log-reconstructed (no native legs, no ext payouts); not trace-checked",MISSING,0.010314,0_to_lt1,1,0x3afaa268ce88d2a1973c02e304d18c592da38e38232101727c7c158b62aaac58,ABSENT_NO_HOOK_ADDRESS,True,AlgebraIntegral@0x36077d39,True,UNMATCHED
0x39b810eca56936cc59722367b09be7345c613fb52b45d58d8cad49f4b01f9c57,505,505,52319649,2026-10-08T03:04:05Z,D,cyclic_unknown_venue,MISSING,,kept_null,1,0xe2654cc01616e962fbfcc4277c23062e59e70e39f87221d77b6d438705a5f286,ABSENT_NO_HOOK_ADDRESS,True,,True,UNMATCHABLE
0x364da832f44245630125db229dc9b7bc3e4ef0a692ac9eeaf15aa62a4ec169de,509,509,52319696,2026-10-08T03:05:39Z,D,cyclic_v4_unresolved,MISSING,,kept_null,1,0x35be06dd865586884e107d15821d591644335ea775de2f1d444e2b9eb39aa514,ABSENT_NO_HOOK_ADDRESS,True,Aerodrome-Slipstream|Aerodrome-Slipstream3,True,UNMATCHED
0x4bb8f8ab3a1c959b0c53a02fb2c3e24b0ff405ea1e0f78c9ea3272c1f413469e,519,519,52319786,2026-10-08T03:08:39Z,A,trace-verified native flows; all legs priced,INFERRED,0.710521,0_to_lt1,2,0x7681c00520c26da8d8970c21a65461c726f274068eb08743debc1178e697044e|0xeee714a165308eb97efa05fb9243a55bdc5501f39408dc214e6f91e61eaa4a0e,ABSENT_NO_HOOK_ADDRESS,True,UniswapV3,True,PARTIAL_POOL_SET
0xd9e9c8c78671ac6a3949fbbc2902d37871beb29e945eb8160b9a32973ebd102a,520,520,52319821,2026-10-08T03:09:49Z,A,trace-verified native flows; all legs priced,INFERRED,0.251334,0_to_lt1,2,0x69bb25713e21822f9e7edaba191202bdb7a0001bae3f0b9bd9ad07a3ef6dc607|0x7681c00520c26da8d8970c21a65461c726f274068eb08743debc1178e697044e,ABSENT_NO_HOOK_ADDRESS,True,UniswapV3,True,PARTIAL_POOL_SET
0xcdb33aa448a60a58d3d3b38c907266d032634b8cfa2eaebaca0cbb2f8dfcd10c,523,523,52319851,2026-10-08T03:10:49Z,A,trace-verified native flows; all legs priced,INFERRED,0.191976,0_to_lt1,2,0x7326e76e12ddcd44ac571aab0f63179738a433ac78ceecd8352514099e44a56d|0xc9786476d2492eb8ddb2ebf8b4b69e227e1f31397c790d877541ab0ed5cf5ee2,TAGGED_HOOK_NO_ADDRESS,True,UniswapV3,True,PARTIAL_POOL_SET
0x1225518613271e3c711b78178c7658c3e5c171bc03751063e27b820428731644,524,524,52319873,2026-10-08T03:11:33Z,B,"log-reconstructed (no native legs, no ext payouts); not trace-checked",INFERRED,0.102142,0_to_lt1,2,0xeee714a165308eb97efa05fb9243a55bdc5501f39408dc214e6f91e61eaa4a0e|0xfba2c4592d32a4e2e6393b8898f9110b4e272983f4bd416b38f81672a17fe3dc,ABSENT_NO_HOOK_ADDRESS,True,UniswapV3,True,UNMATCHED
0xc6f056f1b644a57ef693cf8a708cd3513641191eb12dfbbd2f6922541d90b953,525,525,52319901,2026-10-08T03:12:29Z,B,"log-reconstructed (no native legs, no ext payouts); not trace-checked",INFERRED,0.135016,0_to_lt1,2,0xeee714a165308eb97efa05fb9243a55bdc5501f39408dc214e6f91e61eaa4a0e|0xfba2c4592d32a4e2e6393b8898f9110b4e272983f4bd416b38f81672a17fe3dc,ABSENT_NO_HOOK_ADDRESS,True,UniswapV3,True,UNMATCHED
0x51799dcbf9d6da82524963442c89fd5f7d92bf82a49b42a0f26bd803a85e55bc,530,530,52320056,2026-10-08T03:17:39Z,A,trace-verified native flows; all legs priced,MISSING,0.71247,0_to_lt1,2,0x69bb25713e21822f9e7edaba191202bdb7a0001bae3f0b9bd9ad07a3ef6dc607|0xe1d05fe2b899df927bc67e5eedaccb95d06bf7c769ed68469bb773615f2401f8,ABSENT_NO_HOOK_ADDRESS,True,UniswapV3,True,UNMATCHED
0xd55ebf4b46e41d1be57c0547aa472bc4f05fab6cbc39fb9151d37b8ccdf7e9d8,532,532,52320057,2026-10-08T03:17:41Z,B,"log-reconstructed (no native legs, no ext payouts); not trace-checked",INFERRED,1.220956,1_to_lt25,1,0x1a3a5d1c0e7282cfe8be8344c280410c6ddbe0f5ee0e7b17bedd635882b70e9f,ABSENT_NO_HOOK_ADDRESS,True,UniswapV3,True,UNMATCHED
0xa6c581d9416beca7f320617f35761efdf872f10d0570c1cdc529f96edb4f4572,533,533,52320058,2026-10-08T03:17:43Z,A,trace-verified native flows; all legs priced,INFERRED,1.378845,1_to_lt25,2,0x69bb25713e21822f9e7edaba191202bdb7a0001bae3f0b9bd9ad07a3ef6dc607|0x7681c00520c26da8d8970c21a65461c726f274068eb08743debc1178e697044e,ABSENT_NO_HOOK_ADDRESS,True,UniswapV3,True,PARTIAL_POOL_SET
0x72211dde6e21cf2f5dd1a8a0d8059181db184bcf985c4953fb8948933e1ef5ab,535,535,52320061,2026-10-08T03:17:49Z,A,trace-verified native flows; all legs priced,INFERRED,0.873372,0_to_lt1,1,0x1a3a5d1c0e7282cfe8be8344c280410c6ddbe0f5ee0e7b17bedd635882b70e9f,ABSENT_NO_HOOK_ADDRESS,True,UniswapV3,True,PARTIAL_POOL_SET
0x6d69e443611f5814c83205e96fd7d8cb8f57d4a603a57c16973c37d1d2327ee0,536,536,52320063,2026-10-08T03:17:53Z,A,trace-verified native flows; all legs priced,MISSING,0.629993,0_to_lt1,1,0xfba2c4592d32a4e2e6393b8898f9110b4e272983f4bd416b38f81672a17fe3dc,ABSENT_NO_HOOK_ADDRESS,True,UniswapV3,True,UNMATCHED
0x0244f9f41e4543ebd29d951725c5fe6a3fcdd356a7370ea7062f0ae1bd1228b1,538,538,52320063,2026-10-08T03:17:53Z,B,"log-reconstructed (no native legs, no ext payouts); not trace-checked",MISSING,0.015854,0_to_lt1,2,0x69bb25713e21822f9e7edaba191202bdb7a0001bae3f0b9bd9ad07a3ef6dc607|0xfba2c4592d32a4e2e6393b8898f9110b4e272983f4bd416b38f81672a17fe3dc,ABSENT_NO_HOOK_ADDRESS,True,UniswapV3,True,UNMATCHED
0xab1f7b38547e5454c160a94ea4737e2ee2d69740d097c713c069a837ba2c5731,539,539,52320063,2026-10-08T03:17:53Z,B,"log-reconstructed (no native legs, no ext payouts); not trace-checked",MISSING,0.032828,0_to_lt1,1,0x7681c00520c26da8d8970c21a65461c726f274068eb08743debc1178e697044e,ABSENT_NO_HOOK_ADDRESS,True,UniswapV3,True,UNMATCHED
0xba2a636713820c73e7fc592d27dce2457855735a108e04ca6cfca7207d539e9d,540,540,52320064,2026-10-08T03:17:55Z,B,"log-reconstructed (no native legs, no ext payouts); not trace-checked",INFERRED,0.140329,0_to_lt1,2,0x69bb25713e21822f9e7edaba191202bdb7a0001bae3f0b9bd9ad07a3ef6dc607|0xfba2c4592d32a4e2e6393b8898f9110b4e272983f4bd416b38f81672a17fe3dc,ABSENT_NO_HOOK_ADDRESS,True,UniswapV3,True,UNMATCHED
0x657530c6aa8080c189ee9cb3c959162b69846fcaf0cb79c6535fb0738c6e41f8,541,541,52320068,2026-10-08T03:18:03Z,B,"log-reconstructed (no native legs, no ext payouts); not trace-checked",MISSING,0.021742,0_to_lt1,1,0xaa3f41df57766197c15679db7db272058137b26b371b285813ecc620428a4c6c,ABSENT_NO_HOOK_ADDRESS,True,UniswapV3,True,UNMATCHED
0x549ebba912c622220fad6ee29c1455a7fffb359d077d364f4c2649a6a6c55cae,544,544,52320085,2026-10-08T03:18:37Z,A,trace-verified native flows; all legs priced,MISSING,0.064321,0_to_lt1,1,0xaa3f41df57766197c15679db7db272058137b26b371b285813ecc620428a4c6c,ABSENT_NO_HOOK_ADDRESS,True,UniswapV3,True,UNMATCHED
0x0e525b04219e8afd58e40fb02e34cbc3a6bef53820a3123e086d497fbf5aa72d,546,546,52320096,2026-10-08T03:18:59Z,B,"log-reconstructed (no native legs, no ext payouts); not trace-checked",MISSING,0.025829,0_to_lt1,1,0xaa3f41df57766197c15679db7db272058137b26b371b285813ecc620428a4c6c,ABSENT_NO_HOOK_ADDRESS,True,UniswapV3,True,UNMATCHED
0x5caad3c9b5534b4ab3b44ef29bfff020f79c7d0946463a5f38708b2a34a79457,547,547,52320098,2026-10-08T03:19:03Z,B,"log-reconstructed (no native legs, no ext payouts); not trace-checked",MISSING,0.691815,0_to_lt1,1,0xfba2c4592d32a4e2e6393b8898f9110b4e272983f4bd416b38f81672a17fe3dc,ABSENT_NO_HOOK_ADDRESS,True,UniswapV3,True,UNMATCHED
0x7c4cb0e1153f9a032dbe161733141486131cb8d0166ab9701813a71ac5a917a1,550,550,52320114,2026-10-08T03:19:35Z,B,"log-reconstructed (no native legs, no ext payouts); not trace-checked",MISSING,0.096827,0_to_lt1,1,0xfba2c4592d32a4e2e6393b8898f9110b4e272983f4bd416b38f81672a17fe3dc,ABSENT_NO_HOOK_ADDRESS,True,UniswapV3,True,UNMATCHED
0x52f93b6e7d9f93721dc5749132396ba3e4b227b57488b481232759b62aff758b,551,551,52320130,2026-10-08T03:20:07Z,B,"log-reconstructed (no native legs, no ext payouts); not trace-checked",MISSING,0.105341,0_to_lt1,1,0xf13203ddbf2c9816a79b656a1a952521702715d92fea465b84ae2ed6e94a7f22,ABSENT_NO_HOOK_ADDRESS,True,UniswapV3,True,UNMATCHED
0xa5f98bd99063771db7d3c90fda6db4284f0b653097014822cb2d5ca6fe547377,553,553,52320170,2026-10-08T03:21:27Z,B,"log-reconstructed (no native legs, no ext payouts); not trace-checked",MISSING,0.0477,0_to_lt1,1,0xb24f7fcd75c3a001b74be4c60f181c024154c4d7c33097777e3950979042b073,ABSENT_NO_HOOK_ADDRESS,True,PancakeV3|UniswapV3,True,UNMATCHED
0xcaa806b83ef7a69013d01424632c8b4e7386ed6cfa7ba08120075d185ca2f5c0,556,556,52320172,2026-10-08T03:21:31Z,B,"log-reconstructed (no native legs, no ext payouts); not trace-checked",MISSING,0.368662,0_to_lt1,1,0xf97db19953c4309b3af2ceb9cce172939e8868321a24656667d44cccb31c9ddc,ABSENT_NO_HOOK_ADDRESS,True,PancakeV3,False,UNMATCHED
0x054d74925e321f8cb40e8e958dfc478ab242e1fdce41637f2764455ba2c86b30,557,557,52320172,2026-10-08T03:21:31Z,A,trace-verified native flows; all legs priced,MISSING,1.363525,1_to_lt25,1,0xb24f7fcd75c3a001b74be4c60f181c024154c4d7c33097777e3950979042b073,ABSENT_NO_HOOK_ADDRESS,True,PancakeV3|UniswapV3,True,UNMATCHED
0x53992e5d7ce8545ffacd6613ddf30cb296cb9513ade0aa26aa0349ef5b71a0ab,561,561,52320173,2026-10-08T03:21:33Z,B,"log-reconstructed (no native legs, no ext payouts); not trace-checked",MISSING,0.044303,0_to_lt1,1,0xb24f7fcd75c3a001b74be4c60f181c024154c4d7c33097777e3950979042b073,ABSENT_NO_HOOK_ADDRESS,True,PancakeV3|UniswapV3,True,UNMATCHED
0xf39a6915bfb6799e7ade35c239febc6759c7bcd088a5453b5f480f7a8bb322c6,564,564,52320176,2026-10-08T03:21:39Z,D,cyclic_unknown_venue,VERIFIED,,kept_null,1,0xbb2aefc6c55a0464b944c0478869527ba1a537f05f90a1bb82e1196c6e9403e2,ABSENT_NO_HOOK_ADDRESS,False,UniswapV3,False,UNMATCHED
0x3b06d7439e3c9b100120dd7e5c555595223e15a2a36bfe25997d48df02bdae89,570,570,52320253,2026-10-08T03:24:13Z,B,"log-reconstructed (no native legs, no ext payouts); not trace-checked",MISSING,0.111718,0_to_lt1,1,0xf13203ddbf2c9816a79b656a1a952521702715d92fea465b84ae2ed6e94a7f22,ABSENT_NO_HOOK_ADDRESS,True,UniswapV3,True,UNMATCHED
0xd473bdfc5c82b3585ff9f1b03d82f9a220543ac5fa5f135372a7506bb077bd4a,574,574,52320324,2026-10-08T03:26:35Z,A,trace-verified native flows; all legs priced,MISSING,0.305145,0_to_lt1,2,0xeee714a165308eb97efa05fb9243a55bdc5501f39408dc214e6f91e61eaa4a0e|0xfba2c4592d32a4e2e6393b8898f9110b4e272983f4bd416b38f81672a17fe3dc,ABSENT_NO_HOOK_ADDRESS,True,UniswapV3,True,UNMATCHED
0xba3d764aa78f8c82c86c9320dc89f7763ef47b329c74d1bc80d83ed8d752947a,575,575,52320365,2026-10-08T03:27:57Z,B,"log-reconstructed (no native legs, no ext payouts); not trace-checked",MISSING,0.015559,0_to_lt1,2,0xeee714a165308eb97efa05fb9243a55bdc5501f39408dc214e6f91e61eaa4a0e|0xfba2c4592d32a4e2e6393b8898f9110b4e272983f4bd416b38f81672a17fe3dc,ABSENT_NO_HOOK_ADDRESS,True,UniswapV3,True,UNMATCHED
0xf975dff3612309df2809930806294fd6508ffb44799fe350f942f7f7ecd42a30,576,576,52320371,2026-10-08T03:28:09Z,A,trace-verified native flows; all legs priced,INFERRED,0.262676,0_to_lt1,2,0x49fff8ec544984d862c0c322c83bc0cfb7a9a953a7d4d4d352a2aff27f7602cf|0xeee714a165308eb97efa05fb9243a55bdc5501f39408dc214e6f91e61eaa4a0e,ABSENT_NO_HOOK_ADDRESS,True,UniswapV3,True,PARTIAL_POOL_SET
0xcbeb59820c747ae8fafcf8ce5c9a299dd5a618141a1427081d45d819c3e1dcbf,577,577,52320377,2026-10-08T03:28:21Z,B,"log-reconstructed (no native legs, no ext payouts); not trace-checked",MISSING,0.012159,0_to_lt1,3,0x1a3a5d1c0e7282cfe8be8344c280410c6ddbe0f5ee0e7b17bedd635882b70e9f|0xeee714a165308eb97efa05fb9243a55bdc5501f39408dc214e6f91e61eaa4a0e|0xfba2c4592d32a4e2e6393b8898f9110b4e272983f4bd416b38f81672a17fe3dc,ABSENT_NO_HOOK_ADDRESS,True,,True,UNMATCHABLE
0x339d0c6cc82c771abafde694bad94c1d8d61d7868648a9151671a5f74ea5936c,579,579,52320398,2026-10-08T03:29:03Z,B,"log-reconstructed (no native legs, no ext payouts); not trace-checked",MISSING,0.112375,0_to_lt1,1,0x7681c00520c26da8d8970c21a65461c726f274068eb08743debc1178e697044e,ABSENT_NO_HOOK_ADDRESS,True,UniswapV3,True,UNMATCHED
0x2f0e54e7342b7a6c6cd0ac2ca0b952c68646fc560fcf2c85e8d2646ddbaa2878,582,582,52320418,2026-10-08T03:29:43Z,A,trace-verified native flows; all legs priced,INFERRED,4.404097,1_to_lt25,1,0xeee714a165308eb97efa05fb9243a55bdc5501f39408dc214e6f91e61eaa4a0e,ABSENT_NO_HOOK_ADDRESS,True,Aerodrome-Slipstream|UniswapV3,True,PARTIAL_POOL_SET
0xea511eb6fd215b025e692cf249e69947222400da0e19973848c062d91968715e,583,583,52320427,2026-10-08T03:30:01Z,B,"log-reconstructed (no native legs, no ext payouts); not trace-checked",MISSING,0.100859,0_to_lt1,1,0xf13203ddbf2c9816a79b656a1a952521702715d92fea465b84ae2ed6e94a7f22,ABSENT_NO_HOOK_ADDRESS,True,UniswapV3,True,UNMATCHED
0x09bd0e04fe1ad1928263eac9d6400d6457155f190e33e5e1f52f74aaa3b09d97,584,584,52320433,2026-10-08T03:30:13Z,B,"log-reconstructed (no native legs, no ext payouts); not trace-checked",MISSING,0.167367,0_to_lt1,2,0xeee714a165308eb97efa05fb9243a55bdc5501f39408dc214e6f91e61eaa4a0e|0xfba2c4592d32a4e2e6393b8898f9110b4e272983f4bd416b38f81672a17fe3dc,ABSENT_NO_HOOK_ADDRESS,True,UniswapV3,True,UNMATCHED
0x9e6d5b5a5f0ab865ff9a470b68320315a3ea47e6f9478ced4aac329ed63eb613,585,585,52320433,2026-10-08T03:30:13Z,B,"log-reconstructed (no native legs, no ext payouts); not trace-checked",MISSING,0.03161,0_to_lt1,2,0xeee714a165308eb97efa05fb9243a55bdc5501f39408dc214e6f91e61eaa4a0e|0xfba2c4592d32a4e2e6393b8898f9110b4e272983f4bd416b38f81672a17fe3dc,ABSENT_NO_HOOK_ADDRESS,True,UniswapV3,True,UNMATCHED
0xc35960f6178045f149e8f405f80e4f4b13c4685dc61127e7529539241622d92c,594,594,52320521,2026-10-08T03:33:09Z,B,"log-reconstructed (no native legs, no ext payouts); not trace-checked",MISSING,0.203016,0_to_lt1,1,0xfba2c4592d32a4e2e6393b8898f9110b4e272983f4bd416b38f81672a17fe3dc,ABSENT_NO_HOOK_ADDRESS,True,UniswapV3,True,UNMATCHED
0xa0aa75861a1211da73fb520aebd3713ec4794b0c16940fcd4febddeba31769f0,596,596,52320522,2026-10-08T03:33:11Z,A,trace-verified native flows; all legs priced,MISSING,4.940018,1_to_lt25,1,0xf13203ddbf2c9816a79b656a1a952521702715d92fea465b84ae2ed6e94a7f22,ABSENT_NO_HOOK_ADDRESS,True,UniswapV3,True,UNMATCHED
0x6009258690d1c07e5538aa0eaef60c7f53848c52639df272584bc35eab2dcd62,597,597,52320522,2026-10-08T03:33:11Z,B,"log-reconstructed (no native legs, no ext payouts); not trace-checked",MISSING,0.397976,0_to_lt1,1,0xe1d05fe2b899df927bc67e5eedaccb95d06bf7c769ed68469bb773615f2401f8,ABSENT_NO_HOOK_ADDRESS,True,UniswapV3,True,UNMATCHED
0x96771a19e6fc436d0cb534964ea9a1273ab83251105f29bc99c257c3984a5c51,609,609,52320805,2026-10-08T03:42:37Z,D,cyclic_v4_unresolved,INFERRED,,kept_null,1,0x215b2146c3164aba3f5b18e8619b737c7f7dd11e5ba693646dcd9a336c5a30ba,ABSENT_NO_HOOK_ADDRESS,False,UniswapV3,True,UNMATCHED
0x7149f4afe06c78ff4e913c7eef9b2fa22badfb746fd583f64bc6a3f1d5b85364,611,611,52320824,2026-10-08T03:43:15Z,B,"log-reconstructed (no native legs, no ext payouts); not trace-checked",MISSING,0.093275,0_to_lt1,1,0xfba2c4592d32a4e2e6393b8898f9110b4e272983f4bd416b38f81672a17fe3dc,ABSENT_NO_HOOK_ADDRESS,True,UniswapV3,True,UNMATCHED
0x8b0685d95977341a8a413ba4016659c6ff9ad29d65e2e3071b8188baa2d8924b,612,612,52320829,2026-10-08T03:43:25Z,D,cyclic_v4_unresolved,INFERRED,,kept_null,1,0x215b2146c3164aba3f5b18e8619b737c7f7dd11e5ba693646dcd9a336c5a30ba,ABSENT_NO_HOOK_ADDRESS,False,Aerodrome-Slipstream3|UniswapV3,True,UNMATCHED
0x72ccf1beb0565865f2d4bf621e886a993ffc9f9f713c4c9b87d681235ff31d20,613,613,52320829,2026-10-08T03:43:25Z,D,cyclic_v4_unresolved,INFERRED,,kept_null,2,0x215b2146c3164aba3f5b18e8619b737c7f7dd11e5ba693646dcd9a336c5a30ba|0x8930762cccc36040f25fc29db58a8ec22e872a347260d992f39666a3cdce7e5a,ABSENT_NO_HOOK_ADDRESS,True,Aerodrome-Slipstream3|UniswapV3,True,UNMATCHED
0xbf271d217042fab9b9a61347527751ea753438df8f8af828800bc933d1e561e2,614,614,52320829,2026-10-08T03:43:25Z,B,"log-reconstructed (no native legs, no ext payouts); not trace-checked",MISSING,0.162534,0_to_lt1,1,0x8930762cccc36040f25fc29db58a8ec22e872a347260d992f39666a3cdce7e5a,ABSENT_NO_HOOK_ADDRESS,True,UniswapV3,True,UNMATCHED
0x3dd0469e566da223846024ecfd1c9db55894ada3e53cb5adb3a01f76350392d3,615,615,52320829,2026-10-08T03:43:25Z,B,"log-reconstructed (no native legs, no ext payouts); not trace-checked",MISSING,0.206196,0_to_lt1,2,0x3b3de6fc1075213491c6e2d5c5939c7d5a01a294904ab3d08c538feec0ae546a|0xae578ef9a1acacbe88a61495b1fa21ac3c36494548c9496c90266aac10af1ca5,ABSENT_NO_HOOK_ADDRESS,True,UniswapV3,True,UNMATCHED
0xa2834353a2e944468c62080e390e73f6c71b3c4b99a9bac783f6eb7121e79e41,617,617,52320830,2026-10-08T03:43:27Z,D,cyclic_unknown_venue,MISSING,,kept_null,1,0x215b2146c3164aba3f5b18e8619b737c7f7dd11e5ba693646dcd9a336c5a30ba,ABSENT_NO_HOOK_ADDRESS,False,,False,UNMATCHABLE
0x5b82af95723a3f24c2d2e82c9da51ad0b4b01c3d6d059f0b734f9a82bb9597db,618,618,52320835,2026-10-08T03:43:37Z,B,"log-reconstructed (no native legs, no ext payouts); not trace-checked",MISSING,0.285422,0_to_lt1,1,0xfba2c4592d32a4e2e6393b8898f9110b4e272983f4bd416b38f81672a17fe3dc,ABSENT_NO_HOOK_ADDRESS,True,UniswapV3,True,UNMATCHED
0x5a490d1eababa1515dd45a62fa757468732f7d0de2b2d8af51438062b98a454f,619,619,52320839,2026-10-08T03:43:45Z,A,trace-verified native flows; all legs priced,INFERRED,0.107628,0_to_lt1,1,0xfba2c4592d32a4e2e6393b8898f9110b4e272983f4bd416b38f81672a17fe3dc,ABSENT_NO_HOOK_ADDRESS,True,UniswapV3,True,PARTIAL_POOL_SET
0x06e36f29c902f35e403a4e2096e736c2dce40004b366647fb2eb9b2608df8fcf,620,620,52320845,2026-10-08T03:43:57Z,A,trace-verified native flows; all legs priced,INFERRED,0.647155,0_to_lt1,1,0x8b087025967a0df23c0a3f93fbdf1eb15c7226bf14a09f680b733761647d7d60,ABSENT_NO_HOOK_ADDRESS,True,UniswapV3,True,PARTIAL_POOL_SET
0x3d99b3bc189b70003b6a4da536d5c2bdb846675e3c8569e576039d8df315d13a,626,626,52320954,2026-10-08T03:47:35Z,B,"log-reconstructed (no native legs, no ext payouts); not trace-checked",MISSING,0.129151,0_to_lt1,1,0x381c95740e3e5a23d66b9757ade02d85e8810e3711f20aaa15c37e06963ab747,ABSENT_NO_HOOK_ADDRESS,True,Aerodrome-V2|UniswapV3,True,UNMATCHED
0xcc189f760e0d77f4a9263d08d01aec1edeaa7da32c8112646c472ee884a9b031,630,630,52321008,2026-10-08T03:49:23Z,B,"log-reconstructed (no native legs, no ext payouts); not trace-checked",MISSING,0.011257,0_to_lt1,1,0xfba2c4592d32a4e2e6393b8898f9110b4e272983f4bd416b38f81672a17fe3dc,ABSENT_NO_HOOK_ADDRESS,True,Aerodrome-Slipstream3|UniswapV3,True,UNMATCHED
0x059d4c670a79abe025cbb792f836473cec868542369b0b0d7ebe2e783dfe699f,631,631,52321026,2026-10-08T03:49:59Z,B,"log-reconstructed (no native legs, no ext payouts); not trace-checked",MISSING,0.016539,0_to_lt1,1,0x1a3a5d1c0e7282cfe8be8344c280410c6ddbe0f5ee0e7b17bedd635882b70e9f,ABSENT_NO_HOOK_ADDRESS,True,UniswapV3,True,UNMATCHED
0x123991bf3c703446dc4401b9196301723fd79c86a5708fefd4ac0f491260a35f,634,634,52321080,2026-10-08T03:51:47Z,A,trace-verified native flows; all legs priced,MISSING,0.864946,0_to_lt1,1,0xfba2c4592d32a4e2e6393b8898f9110b4e272983f4bd416b38f81672a17fe3dc,ABSENT_NO_HOOK_ADDRESS,True,UniswapV3,True,UNMATCHED
0xd1596444889539a7e9efb5003b1c8aceacf70b7ec7d2ce16417202cff48fb474,636,636,52321088,2026-10-08T03:52:03Z,A,trace-verified native flows; all legs priced,MISSING,0.67589,0_to_lt1,1,0xfba2c4592d32a4e2e6393b8898f9110b4e272983f4bd416b38f81672a17fe3dc,ABSENT_NO_HOOK_ADDRESS,True,UniswapV3,True,UNMATCHED
0x8a3fccc7ee66f322145cd7b53d735b7e9310854d8a76e403d179b4df8918d95c,639,639,52321123,2026-10-08T03:53:13Z,A,trace-verified native flows; all legs priced,INFERRED,0.323194,0_to_lt1,1,0xa7b77a07ec321aaf50bac4126bb85a742c9b87d3ec0665246549f8307385a842,ABSENT_NO_HOOK_ADDRESS,True,AlgebraIntegral@0x36077d39|UniswapV3,True,PARTIAL_POOL_SET
0x7a9787ee5490c2765e74ed8a53812394c07f8beb5b7883a5a1c3a8136292d7fd,641,641,52321169,2026-10-08T03:54:45Z,B,"log-reconstructed (no native legs, no ext payouts); not trace-checked",MISSING,0.007868,0_to_lt1,1,0x50bed21d99bfbf86f004663c1c9a73d17dc420340170a3baa1d76c5464d4b932,ABSENT_NO_HOOK_ADDRESS,True,PancakeV3,True,UNMATCHED
0x89be7c3de55362261102a5b4b04bd7d03da0a3f52b1cd58b6d7ed014875d7126,643,643,52321257,2026-10-08T03:57:41Z,B,"log-reconstructed (no native legs, no ext payouts); not trace-checked",MISSING,0.15741,0_to_lt1,2,0x81e649abe0dd9b2208fec3cc40ff0ca5cb5b71b27d4ad75b5437419ded71cb83|0xf13203ddbf2c9816a79b656a1a952521702715d92fea465b84ae2ed6e94a7f22,ABSENT_NO_HOOK_ADDRESS,True,Aerodrome-Slipstream3,True,UNMATCHED
0x7a3743c2b2304b6145c966d95fa3e8ffd42675a5f328ae6e346ac97a0723d2b6,645,645,52321279,2026-10-08T03:58:25Z,B,"log-reconstructed (no native legs, no ext payouts); not trace-checked",MISSING,0.001796,0_to_lt1,3,0x1a3a5d1c0e7282cfe8be8344c280410c6ddbe0f5ee0e7b17bedd635882b70e9f|0x69bb25713e21822f9e7edaba191202bdb7a0001bae3f0b9bd9ad07a3ef6dc607|0xfba2c4592d32a4e2e6393b8898f9110b4e272983f4bd416b38f81672a17fe3dc,ABSENT_NO_HOOK_ADDRESS,True,,True,UNMATCHABLE
0x93e176c0aa43f0e00fc306c76d749d4e9e2e5cd081322d9ffba79baa034d2426,646,646,52321284,2026-10-08T03:58:35Z,B,"log-reconstructed (no native legs, no ext payouts); not trace-checked",MISSING,0.003215,0_to_lt1,3,0x1a3a5d1c0e7282cfe8be8344c280410c6ddbe0f5ee0e7b17bedd635882b70e9f|0x69bb25713e21822f9e7edaba191202bdb7a0001bae3f0b9bd9ad07a3ef6dc607|0xfba2c4592d32a4e2e6393b8898f9110b4e272983f4bd416b38f81672a17fe3dc,ABSENT_NO_HOOK_ADDRESS,True,,True,UNMATCHABLE
0xe5276e6b06989554927c9aa28c0b321dc04b4be91eefdaf2ea0f1b357678ef57,648,648,52321328,2026-10-08T04:00:03Z,B,"log-reconstructed (no native legs, no ext payouts); not trace-checked",MISSING,0.005962,0_to_lt1,3,0x1a3a5d1c0e7282cfe8be8344c280410c6ddbe0f5ee0e7b17bedd635882b70e9f|0x7681c00520c26da8d8970c21a65461c726f274068eb08743debc1178e697044e|0xeee714a165308eb97efa05fb9243a55bdc5501f39408dc214e6f91e61eaa4a0e,ABSENT_NO_HOOK_ADDRESS,True,,True,UNMATCHABLE
0xb02b681a87ccbba8e12fb517b628a690734198c11ce115c46e8e563e13f988c9,650,650,52321362,2026-10-08T04:01:11Z,B,"log-reconstructed (no native legs, no ext payouts); not trace-checked",INFERRED,0.028149,0_to_lt1,2,0x7681c00520c26da8d8970c21a65461c726f274068eb08743debc1178e697044e|0xeee714a165308eb97efa05fb9243a55bdc5501f39408dc214e6f91e61eaa4a0e,ABSENT_NO_HOOK_ADDRESS,True,UniswapV3,True,UNMATCHED
0x14fc48e46b7d15dc7e6e8ee22dbf54c631c832f42c6d97a71caf77979157dd4e,654,654,52321423,2026-10-08T04:03:13Z,B,"log-reconstructed (no native legs, no ext payouts); not trace-checked",INFERRED,0.076831,0_to_lt1,2,0xeee714a165308eb97efa05fb9243a55bdc5501f39408dc214e6f91e61eaa4a0e|0xfba2c4592d32a4e2e6393b8898f9110b4e272983f4bd416b38f81672a17fe3dc,ABSENT_NO_HOOK_ADDRESS,True,UniswapV3,True,UNMATCHED
0x42da58bc9cb68857c0ea10a257d616311586977096de1abeb66e4678754ec95a,658,658,52321519,2026-10-08T04:06:25Z,B,"log-reconstructed (no native legs, no ext payouts); not trace-checked",INFERRED,0.089648,0_to_lt1,2,0xeee714a165308eb97efa05fb9243a55bdc5501f39408dc214e6f91e61eaa4a0e|0xfba2c4592d32a4e2e6393b8898f9110b4e272983f4bd416b38f81672a17fe3dc,ABSENT_NO_HOOK_ADDRESS,True,UniswapV3,True,UNMATCHED
0x8f479bfcef77334337d2a6deb53c6583177b918949362c8e47d3b9161e8a4402,662,662,52321597,2026-10-08T04:09:01Z,A,trace-verified native flows; all legs priced,MISSING,0.665463,0_to_lt1,1,0x1c3e6f0044d8ef5d1daa52e7427efedb9e25aa55ecde047917213bb15b8bcebf,ABSENT_NO_HOOK_ADDRESS,True,Aerodrome-Slipstream3,True,UNMATCHED
0x1361dedfa1ddd7e42ab42dee0a9fcf185cd0aa2fedf3411884423cc9d807745a,663,663,52321605,2026-10-08T04:09:17Z,A,trace-verified native flows; all legs priced,INFERRED,33.666309,ge25,2,0x4faa9e94181e8c44bc7a46c5dd669be313043e191783b32de36ac05536cfd05b|0x51142b371789a787241c246b3a2655c0ca74a289146b63ae6ecbb3e6d7f15cb5,ABSENT_NO_HOOK_ADDRESS,True,Aerodrome-Slipstream|UniswapV3,True,PARTIAL_POOL_SET
0xf6d3796540fd200124f8bc1158166304e9024c590053ecf809c89c25bf8ff504,665,665,52321629,2026-10-08T04:10:05Z,B,"log-reconstructed (no native legs, no ext payouts); not trace-checked",MISSING,0.003843,0_to_lt1,2,0x69bb25713e21822f9e7edaba191202bdb7a0001bae3f0b9bd9ad07a3ef6dc607|0x7681c00520c26da8d8970c21a65461c726f274068eb08743debc1178e697044e,ABSENT_NO_HOOK_ADDRESS,True,UniswapV3,True,UNMATCHED
0xbf044337d24a7225b916b60bfef803ea6d33b5d528d8c7f3d178f25f4a9f124d,667,667,52321629,2026-10-08T04:10:05Z,B,"log-reconstructed (no native legs, no ext payouts); not trace-checked",MISSING,0.00207,0_to_lt1,2,0x69bb25713e21822f9e7edaba191202bdb7a0001bae3f0b9bd9ad07a3ef6dc607|0x7681c00520c26da8d8970c21a65461c726f274068eb08743debc1178e697044e,ABSENT_NO_HOOK_ADDRESS,True,UniswapV3,True,UNMATCHED
0xc835577382e054d7dbf23bd2ea982f4a9dcd52198babde483e1c3fef093a098b,668,668,52321631,2026-10-08T04:10:09Z,B,"log-reconstructed (no native legs, no ext payouts); not trace-checked",MISSING,0.006041,0_to_lt1,2,0x69bb25713e21822f9e7edaba191202bdb7a0001bae3f0b9bd9ad07a3ef6dc607|0xfba2c4592d32a4e2e6393b8898f9110b4e272983f4bd416b38f81672a17fe3dc,ABSENT_NO_HOOK_ADDRESS,True,UniswapV3,True,UNMATCHED
0x4aa5fa6578f51416c6fb9e0cd2864cbdef10923da0900e10876b06bbf7011e8b,669,669,52321632,2026-10-08T04:10:11Z,A,trace-verified native flows; all legs priced,MISSING,1.798397,1_to_lt25,1,0xfba2c4592d32a4e2e6393b8898f9110b4e272983f4bd416b38f81672a17fe3dc,ABSENT_NO_HOOK_ADDRESS,True,UniswapV3,True,UNMATCHED
0xf861ad931bfdbf6948f27abadbb3f35d12492076a61dee40efa98ab91989e971,670,670,52321632,2026-10-08T04:10:11Z,B,"log-reconstructed (no native legs, no ext payouts); not trace-checked",MISSING,0.012659,0_to_lt1,2,0x69bb25713e21822f9e7edaba191202bdb7a0001bae3f0b9bd9ad07a3ef6dc607|0xfba2c4592d32a4e2e6393b8898f9110b4e272983f4bd416b38f81672a17fe3dc,ABSENT_NO_HOOK_ADDRESS,True,UniswapV3,True,UNMATCHED
0xc0f622796191575a21c18849626ad8666d829ff1753a78c0e2892a8381237111,672,672,52321633,2026-10-08T04:10:13Z,A,trace-verified native flows; all legs priced,MISSING,5.017293,1_to_lt25,1,0x7681c00520c26da8d8970c21a65461c726f274068eb08743debc1178e697044e,ABSENT_NO_HOOK_ADDRESS,True,UniswapV3,True,UNMATCHED
0x1e48b371b7227e7bf18ab8114927838658962a89697be52af07c62ecb58a1094,673,673,52321634,2026-10-08T04:10:15Z,A,trace-verified native flows; all legs priced,INFERRED,0.135789,0_to_lt1,2,0x69bb25713e21822f9e7edaba191202bdb7a0001bae3f0b9bd9ad07a3ef6dc607|0x7681c00520c26da8d8970c21a65461c726f274068eb08743debc1178e697044e,ABSENT_NO_HOOK_ADDRESS,True,UniswapV3,True,PARTIAL_POOL_SET
0xf46ca8a0f16f795d9b191ace9574d2771859faaaaba5db2ff2ac760d7144ccbc,674,674,52321634,2026-10-08T04:10:15Z,A,trace-verified native flows; all legs priced,INFERRED,15.231967,1_to_lt25,2,0x49fff8ec544984d862c0c322c83bc0cfb7a9a953a7d4d4d352a2aff27f7602cf|0xeee714a165308eb97efa05fb9243a55bdc5501f39408dc214e6f91e61eaa4a0e,ABSENT_NO_HOOK_ADDRESS,True,UniswapV3,True,PARTIAL_POOL_SET
0x20fc83b7cb2c6eb38c37937c3131110c519691779fe119ed841fbaf70155c3c3,675,675,52321634,2026-10-08T04:10:15Z,B,"log-reconstructed (no native legs, no ext payouts); not trace-checked",INFERRED,-0.043512,below_0,1,0x7681c00520c26da8d8970c21a65461c726f274068eb08743debc1178e697044e,ABSENT_NO_HOOK_ADDRESS,True,Aerodrome-Slipstream3|UniswapV3,True,UNMATCHED
0x4bdc9b3484a604eb62efc957fb34869e5f5b56bbec2da5ec2cb82238e26ab66e,676,676,52321634,2026-10-08T04:10:15Z,B,"log-reconstructed (no native legs, no ext payouts); not trace-checked",MISSING,0.327527,0_to_lt1,1,0xfba2c4592d32a4e2e6393b8898f9110b4e272983f4bd416b38f81672a17fe3dc,ABSENT_NO_HOOK_ADDRESS,True,UniswapV3,True,UNMATCHED
0x33e5ad0094d01a4309bc473c9d50c990772ca5807e9bc65895351868769adc1f,678,678,52321635,2026-10-08T04:10:17Z,A,trace-verified native flows; all legs priced,INFERRED,0.264608,0_to_lt1,1,0xf13203ddbf2c9816a79b656a1a952521702715d92fea465b84ae2ed6e94a7f22,ABSENT_NO_HOOK_ADDRESS,True,UniswapV3,True,PARTIAL_POOL_SET
0x6512e152467998c0b12a0f865488016b46240984148414630b630bf90b4d9223,684,684,52321648,2026-10-08T04:10:43Z,B,"log-reconstructed (no native legs, no ext payouts); not trace-checked",MISSING,0.002985,0_to_lt1,1,0xaa3f41df57766197c15679db7db272058137b26b371b285813ecc620428a4c6c,ABSENT_NO_HOOK_ADDRESS,True,UniswapV3,True,UNMATCHED
0xe43575519438081fa5bbf15f02e352b9f725fd85fabbd2bed890a6779953459a,686,686,52321674,2026-10-08T04:11:35Z,B,"log-reconstructed (no native legs, no ext payouts); not trace-checked",MISSING,0.011988,0_to_lt1,1,0xaa3f41df57766197c15679db7db272058137b26b371b285813ecc620428a4c6c,ABSENT_NO_HOOK_ADDRESS,True,UniswapV3,True,UNMATCHED
0xf1907f1adf0bdb39de583ac46e28512e8605ac140cfb72bfab7616c28ec1df54,689,689,52321733,2026-10-08T04:13:33Z,D,cyclic_v4_unresolved,INFERRED,,kept_null,2,0xa3cdb1ec5d539de448fd0eee603acc808159a83e69e56a0c158c543049762482|0xe7d26ece4839636ab7c0281d4df5446304eca45ab7f257cdf648bd8036996320,ABSENT_NO_HOOK_ADDRESS,True,,True,UNMATCHABLE
0xae4b42d9f4855b55ba88e58a71cc9c48bb792c9246bd88d6f433cfcb748bc3e0,694,694,52321868,2026-10-08T04:18:03Z,B,"log-reconstructed (no native legs, no ext payouts); not trace-checked",INFERRED,0.231802,0_to_lt1,1,0xa158f17456688662960aa599c762f3772bc838f124a9b8d9cf77ca52e21c1696,ABSENT_NO_HOOK_ADDRESS,True,UniswapV3,True,UNMATCHED
0xf77ca015ba7362b933af9143e62f21e428ef21d2d5f3fd54990ccef3de1c4e9b,699,699,52321921,2026-10-08T04:19:49Z,B,"log-reconstructed (no native legs, no ext payouts); not trace-checked",MISSING,0.78552,0_to_lt1,1,0xe4a1407210e5edfd381e6343fbf8daff3daa0ecbfa9121e3118898baa0601200,ABSENT_NO_HOOK_ADDRESS,True,Aerodrome-Slipstream3,True,UNMATCHED
0xa90334361f5961e825c2a6c86d889684ed2ef356df983690f419e04d36a7ed39,702,702,52321922,2026-10-08T04:19:51Z,B,"log-reconstructed (no native legs, no ext payouts); not trace-checked",MISSING,0.894807,0_to_lt1,1,0xe4a1407210e5edfd381e6343fbf8daff3daa0ecbfa9121e3118898baa0601200,ABSENT_NO_HOOK_ADDRESS,True,Aerodrome-Slipstream3,True,UNMATCHED
0x8f22c5a5fbb41224c8500f25e2a86a433abf26b976bd6384c65f9b6945678516,714,714,52321933,2026-10-08T04:20:13Z,B,"log-reconstructed (no native legs, no ext payouts); not trace-checked",INFERRED,1.549307,1_to_lt25,1,0xb24f7fcd75c3a001b74be4c60f181c024154c4d7c33097777e3950979042b073,ABSENT_NO_HOOK_ADDRESS,True,Aerodrome-Slipstream|PancakeV3,True,UNMATCHED
0xcb32ca218aa8d210d8ca4209a8a76698c4eb8e91d26984eb5c8938e5acbb09be,720,720,52321933,2026-10-08T04:20:13Z,B,"log-reconstructed (no native legs, no ext payouts); not trace-checked",VERIFIED,0.09283,0_to_lt1,1,0x7681c00520c26da8d8970c21a65461c726f274068eb08743debc1178e697044e,ABSENT_NO_HOOK_ADDRESS,True,UniswapV3,False,UNMATCHED
0xb097b1e137ea76ef8a2219bfea1070852422818c8e226916234343c6c729a096,730,730,52321935,2026-10-08T04:20:17Z,A,trace-verified native flows; all legs priced,MISSING,0.270484,0_to_lt1,1,0x95efd5e29c569a5d04132e893fa6471757a531bc5655d60f81cc933c9f242b97,ABSENT_NO_HOOK_ADDRESS,True,Aerodrome-Slipstream|Aerodrome-Slipstream3,True,UNMATCHED
0x670af6bae582213410ded04e6622da322d3758396cbb34d725bab12d0025dd3e,734,734,52321936,2026-10-08T04:20:19Z,B,"log-reconstructed (no native legs, no ext payouts); not trace-checked",MISSING,0.447178,0_to_lt1,1,0xe0bd164bed669a7aff3a7a42637f81bf2af6aef6892c841b9e60733ab8cbed25,ABSENT_NO_HOOK_ADDRESS,True,Aerodrome-Slipstream,True,UNMATCHED
0x7921b3de851589a29a45e92e31118406af36ee73ffd0249ba0ebf08e1a3e609f,741,741,52321938,2026-10-08T04:20:23Z,A,trace-verified native flows; all legs priced,INFERRED,0.223361,0_to_lt1,1,0xa158f17456688662960aa599c762f3772bc838f124a9b8d9cf77ca52e21c1696,ABSENT_NO_HOOK_ADDRESS,True,UniswapV3,True,PARTIAL_POOL_SET
0xb9d4c20bd7a01d4d68ed237b4cdd5b297c2cb67e133e36c1d14c98de1b02a033,753,753,52321947,2026-10-08T04:20:41Z,B,"log-reconstructed (no native legs, no ext payouts); not trace-checked",MISSING,0.111887,0_to_lt1,1,0xb24f7fcd75c3a001b74be4c60f181c024154c4d7c33097777e3950979042b073,ABSENT_NO_HOOK_ADDRESS,True,Aerodrome-Slipstream|PancakeV3,True,UNMATCHED
0x514a0ab40e84fcc758390063b8292b57169805bbacc16fae3192598f49e41bb6,754,754,52321948,2026-10-08T04:20:43Z,B,"log-reconstructed (no native legs, no ext payouts); not trace-checked",MISSING,0.036145,0_to_lt1,1,0xb24f7fcd75c3a001b74be4c60f181c024154c4d7c33097777e3950979042b073,ABSENT_NO_HOOK_ADDRESS,True,Aerodrome-Slipstream3|PancakeV3|UniswapV3,True,UNMATCHED
0x42baf544f974d01208f77d048c4e02aa49825d6c3559d0dc9202223dcb55f0c3,758,758,52321949,2026-10-08T04:20:45Z,B,"log-reconstructed (no native legs, no ext payouts); not trace-checked",INFERRED,0.136649,0_to_lt1,1,0xb24f7fcd75c3a001b74be4c60f181c024154c4d7c33097777e3950979042b073,ABSENT_NO_HOOK_ADDRESS,True,Aerodrome-Slipstream|Aerodrome-Slipstream3|PancakeV3|UniswapV3,True,UNMATCHED
0xc2361774870ca423783bd338d96ee8b403b5554b1e11514d7ae71d30847c62af,759,759,52321949,2026-10-08T04:20:45Z,B,"log-reconstructed (no native legs, no ext payouts); not trace-checked",INFERRED,0.092786,0_to_lt1,1,0xb24f7fcd75c3a001b74be4c60f181c024154c4d7c33097777e3950979042b073,ABSENT_NO_HOOK_ADDRESS,True,Aerodrome-Slipstream|Aerodrome-Slipstream3|PancakeV3,True,UNMATCHED
0xb7bdc65898264867bcf828716204c5542d449f25ae3ea2d014f427136bf8410a,761,761,52321949,2026-10-08T04:20:45Z,B,"log-reconstructed (no native legs, no ext payouts); not trace-checked",MISSING,0.124312,0_to_lt1,1,0xf97db19953c4309b3af2ceb9cce172939e8868321a24656667d44cccb31c9ddc,ABSENT_NO_HOOK_ADDRESS,True,PancakeV3,False,UNMATCHED
0x5feea26883f9e4703c694024c2ba8a37f40a52d3d0a29cd46848537847b65896,763,763,52321949,2026-10-08T04:20:45Z,B,"log-reconstructed (no native legs, no ext payouts); not trace-checked",INFERRED,0.579374,0_to_lt1,1,0xb24f7fcd75c3a001b74be4c60f181c024154c4d7c33097777e3950979042b073,ABSENT_NO_HOOK_ADDRESS,True,Aerodrome-Slipstream|Aerodrome-Slipstream3|PancakeV3|UniswapV3,True,UNMATCHED
0x1a12495d316b0d17ab663f90ed6afb103bb9bae6703b5cbd923476431880ac46,765,765,52321950,2026-10-08T04:20:47Z,B,"log-reconstructed (no native legs, no ext payouts); not trace-checked",MISSING,0.066468,0_to_lt1,1,0xf13203ddbf2c9816a79b656a1a952521702715d92fea465b84ae2ed6e94a7f22,ABSENT_NO_HOOK_ADDRESS,True,Aerodrome-Slipstream|PancakeV3,False,UNMATCHED
0x94b31efe6105322c700dc8ea6be5fc6016463c1b3390a469f865a22205666ac4,790,790,52321992,2026-10-08T04:22:11Z,D,cyclic_v4_unresolved,INFERRED,,kept_null,1,0x96d4b53a38337a5733179751781178a2613306063c511b78cd02684739288c0a,ABSENT_NO_HOOK_ADDRESS,True,PancakeV3,False,UNMATCHED
0x85b0223161501892fed4b4531c2b81b4afc296c390940889d1c82234cf199b71,796,796,52322046,2026-10-08T04:23:59Z,B,"log-reconstructed (no native legs, no ext payouts); not trace-checked",MISSING,0.064478,0_to_lt1,1,0xe0bd164bed669a7aff3a7a42637f81bf2af6aef6892c841b9e60733ab8cbed25,ABSENT_NO_HOOK_ADDRESS,True,Aerodrome-Slipstream,True,UNMATCHED
0x2bf207a2b1317c3bcc8c8b1de2ce3f21196c8ad7677321f43450604b414f7575,799,799,52322068,2026-10-08T04:24:43Z,A,trace-verified native flows; all legs priced,INFERRED,0.474456,0_to_lt1,1,0xfba2c4592d32a4e2e6393b8898f9110b4e272983f4bd416b38f81672a17fe3dc,ABSENT_NO_HOOK_ADDRESS,True,UniswapV3,True,PARTIAL_POOL_SET
0x195d5bbb990123e244c9834b8c4fdc84c1ec0fed4327dcaca213bae75765d0f0,817,817,52322203,2026-10-08T04:29:13Z,B,"log-reconstructed (no native legs, no ext payouts); not trace-checked",MISSING,0.143843,0_to_lt1,1,0xf13203ddbf2c9816a79b656a1a952521702715d92fea465b84ae2ed6e94a7f22,ABSENT_NO_HOOK_ADDRESS,True,UniswapV3,True,UNMATCHED
0xbcfe5666d83005dedc047bb06bf08f5f8023420f960219d56b5c9b82469dbf4b,820,820,52322246,2026-10-08T04:30:39Z,D,cyclic_v4_unresolved,MISSING,,kept_null,3,0x1237270e8e6e25080989dc008a8863f248a2ac261862a6934b54bb3724c6eed5|0x18b1013ca5d3eb578d1ab7a1dd45ff3a9a2d3f8fbfa3006a545a6dadc958f5e1|0xbedfdb1c91ccfd3269d5aec696c95e96457205ab9cab1ebe6be608e295a3a0a5,ABSENT_NO_HOOK_ADDRESS,True,,True,UNMATCHABLE
0xd5fd814a677b17145bdedbf2a0ef13b22406c619dda9ef3e80defd50c3abf857,821,821,52322246,2026-10-08T04:30:39Z,D,cyclic_v4_unresolved,INFERRED,,kept_null,2,0x7f1840135a1621ddad16636cb8ed4a9f6581384154372991e5c8bd5fd7fadd4f|0xbedfdb1c91ccfd3269d5aec696c95e96457205ab9cab1ebe6be608e295a3a0a5,ABSENT_NO_HOOK_ADDRESS,True,Aerodrome-Slipstream3,True,UNMATCHED
0xe6e440e63313aad30ae399416e2c111433cab4fe98fff62d9289dca3135b54bf,825,825,52322347,2026-10-08T04:34:01Z,B,"log-reconstructed (no native legs, no ext payouts); not trace-checked",INFERRED,0.086587,0_to_lt1,1,0xfba2c4592d32a4e2e6393b8898f9110b4e272983f4bd416b38f81672a17fe3dc,ABSENT_NO_HOOK_ADDRESS,True,UniswapV3,True,UNMATCHED
0xfe89df2049ed2319cdcc5a69242fdd13276cf9a1f25a22fb2c0e505a83b3093e,828,828,52322371,2026-10-08T04:34:49Z,B,"log-reconstructed (no native legs, no ext payouts); not trace-checked",MISSING,0.10788,0_to_lt1,1,0xfba2c4592d32a4e2e6393b8898f9110b4e272983f4bd416b38f81672a17fe3dc,ABSENT_NO_HOOK_ADDRESS,True,UniswapV3,True,UNMATCHED
0x89f7f4af34d38166b0db9a3f12d6a1e550f566848f7cc1fcc1fa464ff5426761,829,829,52322377,2026-10-08T04:35:01Z,B,"log-reconstructed (no native legs, no ext payouts); not trace-checked",MISSING,0.077952,0_to_lt1,1,0x12d76c5c8ec8edffd3c143995b0aa43fe44a6d71eb9113796272909e54b8e078,ABSENT_NO_HOOK_ADDRESS,True,Aerodrome-Slipstream,True,UNMATCHED
0x2b9682e326e66fc8e6777e6f4dcc1ba60479f6aecb9bd6eafa01d56ed8b64ca8,831,831,52322381,2026-10-08T04:35:09Z,A,trace-verified native flows; all legs priced,MISSING,0.074021,0_to_lt1,1,0xfba2c4592d32a4e2e6393b8898f9110b4e272983f4bd416b38f81672a17fe3dc,ABSENT_NO_HOOK_ADDRESS,True,Aerodrome-Slipstream3|UniswapV3,True,UNMATCHED
0xe71bbf7efbd312c58fb67a0ee7f6a56983384c274ed41390f53b43ad9010631f,834,834,52322393,2026-10-08T04:35:33Z,A,trace-verified native flows; all legs priced,MISSING,0.116537,0_to_lt1,1,0xfba2c4592d32a4e2e6393b8898f9110b4e272983f4bd416b38f81672a17fe3dc,ABSENT_NO_HOOK_ADDRESS,True,UniswapV3,True,UNMATCHED
0xf6d68abb9e719710d4d5adf6515472b5b245be6f63d771b1da874b11769b8f68,835,835,52322424,2026-10-08T04:36:35Z,B,"log-reconstructed (no native legs, no ext payouts); not trace-checked",MISSING,0.129475,0_to_lt1,1,0x7681c00520c26da8d8970c21a65461c726f274068eb08743debc1178e697044e,ABSENT_NO_HOOK_ADDRESS,True,UniswapV3,True,UNMATCHED
0x32ae00a7ebc79e97bdfbb099bfedf102279812b87df39f3783c2c0dd739eb111,837,837,52322429,2026-10-08T04:36:45Z,B,"log-reconstructed (no native legs, no ext payouts); not trace-checked",INFERRED,0.141502,0_to_lt1,1,0xfba2c4592d32a4e2e6393b8898f9110b4e272983f4bd416b38f81672a17fe3dc,ABSENT_NO_HOOK_ADDRESS,True,UniswapV3,True,UNMATCHED
0xb17a831e5557d190fad39dd2575476fe537c1bd00281b3e106f8c6050f7741f1,844,844,52322503,2026-10-08T04:39:13Z,B,"log-reconstructed (no native legs, no ext payouts); not trace-checked",INFERRED,0.147037,0_to_lt1,1,0xa158f17456688662960aa599c762f3772bc838f124a9b8d9cf77ca52e21c1696,ABSENT_NO_HOOK_ADDRESS,True,UniswapV3,True,UNMATCHED
0x9a446acb2ef9794ff794de386dcb84f51670665b4ab5838f5bed235b96849ce8,855,855,52322579,2026-10-08T04:41:45Z,B,"log-reconstructed (no native legs, no ext payouts); not trace-checked",MISSING,0.131807,0_to_lt1,2,0x6efe8847be3c760aa1b4acceecc652edb12b0b7c3ab4192c97874b868092148a|0xa158f17456688662960aa599c762f3772bc838f124a9b8d9cf77ca52e21c1696,ABSENT_NO_HOOK_ADDRESS,True,,True,UNMATCHABLE
0xd2e0a8a87c94191a646177e17ca25bb4c61a43dc5f0920fdc9fbb7fcb18e08c5,856,856,52322587,2026-10-08T04:42:01Z,B,"log-reconstructed (no native legs, no ext payouts); not trace-checked",MISSING,0.029834,0_to_lt1,1,0xf97db19953c4309b3af2ceb9cce172939e8868321a24656667d44cccb31c9ddc,ABSENT_NO_HOOK_ADDRESS,True,UniswapV3,False,UNMATCHED
0x9f80d413becd920954bb6f2c598a8196be7460d1a2ddd21addbd8a8a16e5536d,866,866,52322683,2026-10-08T04:45:13Z,B,"log-reconstructed (no native legs, no ext payouts); not trace-checked",MISSING,0.105635,0_to_lt1,1,0x95efd5e29c569a5d04132e893fa6471757a531bc5655d60f81cc933c9f242b97,ABSENT_NO_HOOK_ADDRESS,True,Aerodrome-Slipstream,False,UNMATCHED
0xe9c0d0eb4856fa4de06b854ecd15142301d541dd8ebc66fd4770ec42067a4d87,867,867,52322704,2026-10-08T04:45:55Z,A,trace-verified native flows; all legs priced,INFERRED,0.323017,0_to_lt1,3,0x3dd26c114a0bce106954c12d8584b3b91d5d72a960c20a49dabd79c0619785c5|0xa158f17456688662960aa599c762f3772bc838f124a9b8d9cf77ca52e21c1696|0xfba2c4592d32a4e2e6393b8898f9110b4e272983f4bd416b38f81672a17fe3dc,ABSENT_NO_HOOK_ADDRESS,True,UniswapV3,True,PARTIAL_POOL_UNSUPPORTED_VENUE
0xd681daadbb32a3f61489a35dd49b6852cc479a151cf6f9c21e89d0e232203cd2,868,868,52322728,2026-10-08T04:46:43Z,B,"log-reconstructed (no native legs, no ext payouts); not trace-checked",MISSING,0.047661,0_to_lt1,3,0xa158f17456688662960aa599c762f3772bc838f124a9b8d9cf77ca52e21c1696|0xeee714a165308eb97efa05fb9243a55bdc5501f39408dc214e6f91e61eaa4a0e|0xfba2c4592d32a4e2e6393b8898f9110b4e272983f4bd416b38f81672a17fe3dc,ABSENT_NO_HOOK_ADDRESS,True,,True,UNMATCHABLE
0xdf4c07ca8e28174567e4aa7110b4ffe2bf20ac09c2c4e76d2161f4a136fcaae4,871,871,52322816,2026-10-08T04:49:39Z,B,"log-reconstructed (no native legs, no ext payouts); not trace-checked",MISSING,0.099871,0_to_lt1,1,0x381c95740e3e5a23d66b9757ade02d85e8810e3711f20aaa15c37e06963ab747,ABSENT_NO_HOOK_ADDRESS,True,Aerodrome-V2|UniswapV3,True,UNMATCHED
0x86e40dd0d3681365ff2e63b44e3cf8feb98f19ac93c9c1826a99b80ff20c4b88,872,872,52322820,2026-10-08T04:49:47Z,A,trace-verified native flows; all legs priced,INFERRED,1.688044,1_to_lt25,2,0x62ce835b214d45884fd0c216da014358f423e91b3067e5e1db2d2ca8adf2af8b|0xbe5767f20dd74e79052d29cb5e4b9c3fc8b5c469be473890441f6b94a4a62575,ABSENT_NO_HOOK_ADDRESS,True,AlgebraIntegral@0x36077d39|UniswapV3,True,PARTIAL_POOL_SET
0x599a8ff98fe4fa0a147d03646ff34fac89a7d0671e57b5e22ff2825b301b15b6,874,874,52322834,2026-10-08T04:50:15Z,B,"log-reconstructed (no native legs, no ext payouts); not trace-checked",MISSING,0.183114,0_to_lt1,1,0x381c95740e3e5a23d66b9757ade02d85e8810e3711f20aaa15c37e06963ab747,ABSENT_NO_HOOK_ADDRESS,True,Aerodrome-V2|UniswapV3,True,UNMATCHED
0xf1f4180da191f82a684133db8445e6dc6cc707cba8d947ed683ddfdf65d6e50c,877,877,52322846,2026-10-08T04:50:39Z,D,cyclic_v4_unresolved,INFERRED,,kept_null,2,0x62ce835b214d45884fd0c216da014358f423e91b3067e5e1db2d2ca8adf2af8b|0xf93d0e582206baee5e74da6d89a35f68b27119c7e52fe0712361a719f19eebec,ABSENT_NO_HOOK_ADDRESS,True,AlgebraIntegral@0x36077d39,True,UNMATCHED
0x85d1b16cb77e88579d30a9e5e2ddb41a4e4a349605250279cbcda0b8936e2538,879,879,52322890,2026-10-08T04:52:07Z,A,trace-verified native flows; all legs priced,MISSING,0.033394,0_to_lt1,2,0xa158f17456688662960aa599c762f3772bc838f124a9b8d9cf77ca52e21c1696|0xeee714a165308eb97efa05fb9243a55bdc5501f39408dc214e6f91e61eaa4a0e,ABSENT_NO_HOOK_ADDRESS,True,V3-type@0x70fe4a44,True,UNMATCHED
0x7f6f5ff1dedc379a73db4b263d641a8d1e63bd450952205c85eb8a78e7d5f380,883,883,52322984,2026-10-08T04:55:15Z,B,"log-reconstructed (no native legs, no ext payouts); not trace-checked",MISSING,0.039273,0_to_lt1,3,0xa158f17456688662960aa599c762f3772bc838f124a9b8d9cf77ca52e21c1696|0xeee714a165308eb97efa05fb9243a55bdc5501f39408dc214e6f91e61eaa4a0e|0xfba2c4592d32a4e2e6393b8898f9110b4e272983f4bd416b38f81672a17fe3dc,ABSENT_NO_HOOK_ADDRESS,True,,True,UNMATCHABLE
0xea00bc9579151b4bad9c54341d827334e7f4d502e6de4fae94c13860eda2484f,884,884,52323013,2026-10-08T04:56:13Z,B,"log-reconstructed (no native legs, no ext payouts); not trace-checked",INFERRED,-0.036244,below_0,1,0xa158f17456688662960aa599c762f3772bc838f124a9b8d9cf77ca52e21c1696,ABSENT_NO_HOOK_ADDRESS,True,UniswapV3,True,UNMATCHED
0x8884606cd1fae47e9fc2804cc6935da00df7dc5f551814cb6f87dd50873412c0,887,887,52323040,2026-10-08T04:57:07Z,B,"log-reconstructed (no native legs, no ext payouts); not trace-checked",MISSING,0.011565,0_to_lt1,2,0xeee714a165308eb97efa05fb9243a55bdc5501f39408dc214e6f91e61eaa4a0e|0xfba2c4592d32a4e2e6393b8898f9110b4e272983f4bd416b38f81672a17fe3dc,ABSENT_NO_HOOK_ADDRESS,True,UniswapV3,True,UNMATCHED
0x15066e4d39f8f99020550181ccab273bc3fb744510bcf8031be2284b395cfa96,888,888,52323044,2026-10-08T04:57:15Z,A,trace-verified native flows; all legs priced,INFERRED,2.865137,1_to_lt25,2,0x9867afca41b34486e0991817c3583d4b173f0421f921142046c68ab617bca634|0xa158f17456688662960aa599c762f3772bc838f124a9b8d9cf77ca52e21c1696,ABSENT_NO_HOOK_ADDRESS,True,UniswapV3,True,PARTIAL_POOL_UNSUPPORTED_VENUE
0xce809891e3d943a041ececd4ee3618966484b755d41f98782c6c3843c7b68673,895,895,52323154,2026-10-08T05:00:55Z,B,"log-reconstructed (no native legs, no ext payouts); not trace-checked",INFERRED,0.09449,0_to_lt1,1,0x6efe8847be3c760aa1b4acceecc652edb12b0b7c3ab4192c97874b868092148a,ABSENT_NO_HOOK_ADDRESS,True,UniswapV3,True,UNMATCHED
0xad2da7a865eb09bdf8474ad061c93bceb82a92905d39ffbc994111557680a107,899,899,52323183,2026-10-08T05:01:53Z,B,"log-reconstructed (no native legs, no ext payouts); not trace-checked",MISSING,0.041806,0_to_lt1,3,0xa158f17456688662960aa599c762f3772bc838f124a9b8d9cf77ca52e21c1696|0xeee714a165308eb97efa05fb9243a55bdc5501f39408dc214e6f91e61eaa4a0e|0xfba2c4592d32a4e2e6393b8898f9110b4e272983f4bd416b38f81672a17fe3dc,ABSENT_NO_HOOK_ADDRESS,True,,True,UNMATCHABLE
0x461af4c7991c4255d675061e3b1024b8a29e4e5886da23475fa6ee624bd0b2ba,903,903,52323237,2026-10-08T05:03:41Z,B,"log-reconstructed (no native legs, no ext payouts); not trace-checked",INFERRED,0.172718,0_to_lt1,1,0xa158f17456688662960aa599c762f3772bc838f124a9b8d9cf77ca52e21c1696,ABSENT_NO_HOOK_ADDRESS,True,UniswapV3,True,UNMATCHED
0x4adfb93959146dd336197961d391649c459b2c2fe96d49327953c516c229956f,904,904,52323261,2026-10-08T05:04:29Z,B,"log-reconstructed (no native legs, no ext payouts); not trace-checked",MISSING,0.008276,0_to_lt1,1,0xa158f17456688662960aa599c762f3772bc838f124a9b8d9cf77ca52e21c1696,ABSENT_NO_HOOK_ADDRESS,True,UniswapV3,True,UNMATCHED
0xa80336d157a4e84de41f190f05ff3bc9f5cd08eb8dadff6a7621998a378596b0,906,906,52323262,2026-10-08T05:04:31Z,A,trace-verified native flows; all legs priced,INFERRED,3.732883,1_to_lt25,1,0xa158f17456688662960aa599c762f3772bc838f124a9b8d9cf77ca52e21c1696,ABSENT_NO_HOOK_ADDRESS,True,UniswapV3,True,PARTIAL_POOL_SET
0x4e5f22e78b73f475f3a4e3952dc4689aa9b7aab076b5bd27510a5c5cd31b1043,908,908,52323294,2026-10-08T05:05:35Z,A,trace-verified native flows; all legs priced,MISSING,0.10454,0_to_lt1,1,0x6efe8847be3c760aa1b4acceecc652edb12b0b7c3ab4192c97874b868092148a,ABSENT_NO_HOOK_ADDRESS,True,UniswapV3,True,UNMATCHED
0xdce4fa89ad9c34cea3fedf1632146a05b73a5dfaf731d6248ed533db83197e42,909,909,52323302,2026-10-08T05:05:51Z,B,"log-reconstructed (no native legs, no ext payouts); not trace-checked",INFERRED,0.126458,0_to_lt1,1,0x6efe8847be3c760aa1b4acceecc652edb12b0b7c3ab4192c97874b868092148a,ABSENT_NO_HOOK_ADDRESS,True,UniswapV3,True,UNMATCHED
0x46cfefc2857b064cfb3e36ffa90834ea31e7adf1fbdedabaa2cf6e629fa89caa,914,914,52323373,2026-10-08T05:08:13Z,B,"log-reconstructed (no native legs, no ext payouts); not trace-checked",MISSING,0.125699,0_to_lt1,1,0x6efe8847be3c760aa1b4acceecc652edb12b0b7c3ab4192c97874b868092148a,ABSENT_NO_HOOK_ADDRESS,True,UniswapV3,True,UNMATCHED
0x69d9f673375d13afaedde042d61cd37101331a3260d55631e3b4e8f20f29a358,915,915,52323386,2026-10-08T05:08:39Z,A,trace-verified native flows; all legs priced,MISSING,0.101602,0_to_lt1,1,0x6efe8847be3c760aa1b4acceecc652edb12b0b7c3ab4192c97874b868092148a,ABSENT_NO_HOOK_ADDRESS,True,UniswapV3,True,UNMATCHED
0xe75416758c6a4034e6e0806a2089f3d4b07e0c4d7588984cfbcdf169d737d45e,916,916,52323391,2026-10-08T05:08:49Z,B,"log-reconstructed (no native legs, no ext payouts); not trace-checked",MISSING,0.122014,0_to_lt1,1,0xfba2c4592d32a4e2e6393b8898f9110b4e272983f4bd416b38f81672a17fe3dc,ABSENT_NO_HOOK_ADDRESS,True,UniswapV3,True,UNMATCHED
0x54d0764f5f825a20722fd261223178ddb9dd305f11313ea13b46d39ba47a4b6f,918,918,52323391,2026-10-08T05:08:49Z,B,"log-reconstructed (no native legs, no ext payouts); not trace-checked",MISSING,0.133291,0_to_lt1,1,0x6efe8847be3c760aa1b4acceecc652edb12b0b7c3ab4192c97874b868092148a,ABSENT_NO_HOOK_ADDRESS,True,UniswapV3,True,UNMATCHED
0x99b1cf38dd0d8bb489ed342d1ee32ce0c732b51952a2f94a67a028c203c5ea4a,919,919,52323394,2026-10-08T05:08:55Z,B,"log-reconstructed (no native legs, no ext payouts); not trace-checked",MISSING,0.014662,0_to_lt1,2,0x6efe8847be3c760aa1b4acceecc652edb12b0b7c3ab4192c97874b868092148a|0xfba2c4592d32a4e2e6393b8898f9110b4e272983f4bd416b38f81672a17fe3dc,ABSENT_NO_HOOK_ADDRESS,True,UniswapV3,True,UNMATCHED
0x67471b74d1a5c9321071fdde159cececbdb35250a14af2f085722604eb0790cd,920,920,52323396,2026-10-08T05:08:59Z,A,trace-verified native flows; all legs priced,INFERRED,0.173052,0_to_lt1,2,0x6efe8847be3c760aa1b4acceecc652edb12b0b7c3ab4192c97874b868092148a|0x7681c00520c26da8d8970c21a65461c726f274068eb08743debc1178e697044e,ABSENT_NO_HOOK_ADDRESS,True,UniswapV3,True,PARTIAL_POOL_SET
0xa5d9a9758288c3b7d7493ffa5af5678a4efc492b378f8daffbcc9ebe24bc84b3,921,921,52323397,2026-10-08T05:09:01Z,A,trace-verified native flows; all legs priced,INFERRED,0.242346,0_to_lt1,1,0x6efe8847be3c760aa1b4acceecc652edb12b0b7c3ab4192c97874b868092148a,ABSENT_NO_HOOK_ADDRESS,True,UniswapV3,True,PARTIAL_POOL_SET
0xc0a9fd6fe54941d5443499f1aaf9ccd6acd4238daad9b3457573a9f5a892634a,922,922,52323398,2026-10-08T05:09:03Z,A,trace-verified native flows; all legs priced,INFERRED,0.300423,0_to_lt1,1,0x6efe8847be3c760aa1b4acceecc652edb12b0b7c3ab4192c97874b868092148a,ABSENT_NO_HOOK_ADDRESS,True,UniswapV3,True,PARTIAL_POOL_SET
0x8aafa73bb803466f36383d95fac320abd0d64d0516c5cb128a2128cdad1ab559,923,923,52323398,2026-10-08T05:09:03Z,B,"log-reconstructed (no native legs, no ext payouts); not trace-checked",MISSING,0.118497,0_to_lt1,1,0x6efe8847be3c760aa1b4acceecc652edb12b0b7c3ab4192c97874b868092148a,ABSENT_NO_HOOK_ADDRESS,True,UniswapV3,True,UNMATCHED
0x1f7e82c7a2da6aeaaa165dd6da208289dea985176908b42f47fbcff1336dab90,924,924,52323399,2026-10-08T05:09:05Z,B,"log-reconstructed (no native legs, no ext payouts); not trace-checked",MISSING,0.151866,0_to_lt1,1,0x6efe8847be3c760aa1b4acceecc652edb12b0b7c3ab4192c97874b868092148a,ABSENT_NO_HOOK_ADDRESS,True,UniswapV3,True,UNMATCHED
0xdf2c02b5f20000d9fcb96150330d8ab97e06de81800d8fc59c79ce93ad6cc050,925,925,52323403,2026-10-08T05:09:13Z,B,"log-reconstructed (no native legs, no ext payouts); not trace-checked",MISSING,0.111792,0_to_lt1,2,0x6efe8847be3c760aa1b4acceecc652edb12b0b7c3ab4192c97874b868092148a|0xfba2c4592d32a4e2e6393b8898f9110b4e272983f4bd416b38f81672a17fe3dc,ABSENT_NO_HOOK_ADDRESS,True,UniswapV3,True,UNMATCHED
0x8c6dae8c5d436ce9bb4b6ada77f565c637cda405c23a8e81307556618bcbbf14,929,929,52323418,2026-10-08T05:09:43Z,A,trace-verified native flows; all legs priced,INFERRED,0.16277,0_to_lt1,1,0xfba2c4592d32a4e2e6393b8898f9110b4e272983f4bd416b38f81672a17fe3dc,ABSENT_NO_HOOK_ADDRESS,True,UniswapV3,True,PARTIAL_POOL_SET
0x9af9c37067f86ca3baa06ce6862346d4c6c6039ca22e99d14ca72bde54c2b839,931,931,52323425,2026-10-08T05:09:57Z,B,"log-reconstructed (no native legs, no ext payouts); not trace-checked",MISSING,0.019131,0_to_lt1,2,0x49fff8ec544984d862c0c322c83bc0cfb7a9a953a7d4d4d352a2aff27f7602cf|0x6efe8847be3c760aa1b4acceecc652edb12b0b7c3ab4192c97874b868092148a,ABSENT_NO_HOOK_ADDRESS,True,UniswapV3,True,UNMATCHED
0x5904e030e2e5741914684d6c25ffaf7c695cbc4de1371cc137c100135c65c080,935,935,52323438,2026-10-08T05:10:23Z,B,"log-reconstructed (no native legs, no ext payouts); not trace-checked",MISSING,0.100432,0_to_lt1,1,0xf13203ddbf2c9816a79b656a1a952521702715d92fea465b84ae2ed6e94a7f22,ABSENT_NO_HOOK_ADDRESS,True,UniswapV3,True,UNMATCHED
0xac45af6efa8c6fe1636d3f62e45bc0b61e52bbf938a74391194a975e9fbfeabc,936,936,52323441,2026-10-08T05:10:29Z,B,"log-reconstructed (no native legs, no ext payouts); not trace-checked",MISSING,0.159853,0_to_lt1,1,0xf13203ddbf2c9816a79b656a1a952521702715d92fea465b84ae2ed6e94a7f22,ABSENT_NO_HOOK_ADDRESS,True,UniswapV3,True,UNMATCHED
0x941c0bd396aa364af7c5b0be8eb5104196c89553b46edd8ad38b5786ed9cb78d,937,937,52323451,2026-10-08T05:10:49Z,B,"log-reconstructed (no native legs, no ext payouts); not trace-checked",MISSING,0.105074,0_to_lt1,1,0xf13203ddbf2c9816a79b656a1a952521702715d92fea465b84ae2ed6e94a7f22,ABSENT_NO_HOOK_ADDRESS,True,UniswapV3,True,UNMATCHED
0x883294696cbc6c8154b9b45cd9a0fc87284274c8d7453b53c9f9f962b617a664,938,938,52323473,2026-10-08T05:11:33Z,B,"log-reconstructed (no native legs, no ext payouts); not trace-checked",MISSING,0.094267,0_to_lt1,1,0xfba2c4592d32a4e2e6393b8898f9110b4e272983f4bd416b38f81672a17fe3dc,ABSENT_NO_HOOK_ADDRESS,True,UniswapV3,True,UNMATCHED
0x1018d110b4b2574663e2db32ed0a6a1ed1c890583792ce80a8c2120adaf214c3,940,940,52323480,2026-10-08T05:11:47Z,B,"log-reconstructed (no native legs, no ext payouts); not trace-checked",MISSING,0.11543,0_to_lt1,1,0xfba2c4592d32a4e2e6393b8898f9110b4e272983f4bd416b38f81672a17fe3dc,ABSENT_NO_HOOK_ADDRESS,True,UniswapV3,True,UNMATCHED
0xcf2eed37542f883671ca3b56961d5adb17650458815b0754ccd20ab20f283a49,956,956,52323645,2026-10-08T05:17:17Z,B,"log-reconstructed (no native legs, no ext payouts); not trace-checked",MISSING,0.008535,0_to_lt1,3,0x3dd26c114a0bce106954c12d8584b3b91d5d72a960c20a49dabd79c0619785c5|0x6efe8847be3c760aa1b4acceecc652edb12b0b7c3ab4192c97874b868092148a|0xfba2c4592d32a4e2e6393b8898f9110b4e272983f4bd416b38f81672a17fe3dc,ABSENT_NO_HOOK_ADDRESS,True,,True,UNMATCHABLE
0x2df8f4e90c3589154ca8610c9f9503fbe10be377ce9887bf50e011b28fc8e61c,957,957,52323652,2026-10-08T05:17:31Z,A,trace-verified native flows; all legs priced,INFERRED,1.228462,1_to_lt25,3,0x49fff8ec544984d862c0c322c83bc0cfb7a9a953a7d4d4d352a2aff27f7602cf|0x6efe8847be3c760aa1b4acceecc652edb12b0b7c3ab4192c97874b868092148a|0xeee714a165308eb97efa05fb9243a55bdc5501f39408dc214e6f91e61eaa4a0e,ABSENT_NO_HOOK_ADDRESS,True,UniswapV3,True,PARTIAL_POOL_UNSUPPORTED_VENUE
0xfda2f934b1d0bef4f9743d26cd2da9db8ab30db115b26c0c056049e5533f52d9,958,958,52323653,2026-10-08T05:17:33Z,A,trace-verified native flows; all legs priced,MISSING,0.055141,0_to_lt1,2,0x060acec380a49cd0f6ebd34ad1263052f95a84679a1127801daf3d0dd8e567ac|0xbc94a571767139984504676ec9347f57ca5f9ad10e917f235ef2c88fb1df79bf,TAGGED_HOOK_NO_ADDRESS,True,UniswapV3,True,UNMATCHED
0x84304c4e118f9ff8ea79713e72662b4ee51a39a832e0d660d2739780678d6aad,959,959,52323671,2026-10-08T05:18:09Z,B,"log-reconstructed (no native legs, no ext payouts); not trace-checked",MISSING,0.013555,0_to_lt1,3,0x3dd26c114a0bce106954c12d8584b3b91d5d72a960c20a49dabd79c0619785c5|0x6efe8847be3c760aa1b4acceecc652edb12b0b7c3ab4192c97874b868092148a|0xe1d05fe2b899df927bc67e5eedaccb95d06bf7c769ed68469bb773615f2401f8,ABSENT_NO_HOOK_ADDRESS,True,,True,UNMATCHABLE
0x1d07592be09ab1caf62dbe781cd2d16463fae2449c5ba7f4740c9ca915ecf563,960,960,52323671,2026-10-08T05:18:09Z,B,"log-reconstructed (no native legs, no ext payouts); not trace-checked",MISSING,0.01289,0_to_lt1,3,0x3dd26c114a0bce106954c12d8584b3b91d5d72a960c20a49dabd79c0619785c5|0x6efe8847be3c760aa1b4acceecc652edb12b0b7c3ab4192c97874b868092148a|0xe1d05fe2b899df927bc67e5eedaccb95d06bf7c769ed68469bb773615f2401f8,ABSENT_NO_HOOK_ADDRESS,True,,True,UNMATCHABLE
0x2674303d6ac0a948aeb721f25b28a40e314da92b8600b23c6009d71f8f2f162e,961,961,52323672,2026-10-08T05:18:11Z,B,"log-reconstructed (no native legs, no ext payouts); not trace-checked",MISSING,0.011328,0_to_lt1,3,0x3dd26c114a0bce106954c12d8584b3b91d5d72a960c20a49dabd79c0619785c5|0x6efe8847be3c760aa1b4acceecc652edb12b0b7c3ab4192c97874b868092148a|0xe1d05fe2b899df927bc67e5eedaccb95d06bf7c769ed68469bb773615f2401f8,ABSENT_NO_HOOK_ADDRESS,True,,True,UNMATCHABLE
0x7f4fdd10c6daebf144e0498857e64f7d5456629e75921b87f61a785715a7a4eb,962,962,52323679,2026-10-08T05:18:25Z,A,trace-verified native flows; all legs priced,INFERRED,0.242128,0_to_lt1,1,0x6efe8847be3c760aa1b4acceecc652edb12b0b7c3ab4192c97874b868092148a,ABSENT_NO_HOOK_ADDRESS,True,UniswapV3,True,PARTIAL_POOL_SET
0xca76008bf68d78bbffd9a7ea236e8dcd0cca0566563f144096b2b3a76d3ed25a,963,963,52323682,2026-10-08T05:18:31Z,B,"log-reconstructed (no native legs, no ext payouts); not trace-checked",MISSING,0.00333,0_to_lt1,1,0x6efe8847be3c760aa1b4acceecc652edb12b0b7c3ab4192c97874b868092148a,ABSENT_NO_HOOK_ADDRESS,True,UniswapV3,True,UNMATCHED
0xf795acaf8537d187437c269bfdb08861153b9982e1064af4cf5fa8c2a3040d2e,964,964,52323689,2026-10-08T05:18:45Z,B,"log-reconstructed (no native legs, no ext payouts); not trace-checked",MISSING,0.004906,0_to_lt1,1,0x6efe8847be3c760aa1b4acceecc652edb12b0b7c3ab4192c97874b868092148a,ABSENT_NO_HOOK_ADDRESS,True,UniswapV3,True,UNMATCHED
0x4ea0adf46e011f84cc2460d681528fea3d8c2b9db81943baf88db845a0a08d4a,965,965,52323693,2026-10-08T05:18:53Z,B,"log-reconstructed (no native legs, no ext payouts); not trace-checked",MISSING,0.160474,0_to_lt1,1,0x6efe8847be3c760aa1b4acceecc652edb12b0b7c3ab4192c97874b868092148a,ABSENT_NO_HOOK_ADDRESS,True,UniswapV3,True,UNMATCHED
0x81d7c7e094bb5ad539b736dc9f5b59b9dc8975077b82157dad31cd0baf50190b,966,966,52323693,2026-10-08T05:18:53Z,B,"log-reconstructed (no native legs, no ext payouts); not trace-checked",MISSING,0.104242,0_to_lt1,1,0x6efe8847be3c760aa1b4acceecc652edb12b0b7c3ab4192c97874b868092148a,ABSENT_NO_HOOK_ADDRESS,True,UniswapV3,True,UNMATCHED
0x3b77a39f822041d4e099d56fca31ae418ad102044404461eafdbb66d121b7d9c,967,967,52323694,2026-10-08T05:18:55Z,B,"log-reconstructed (no native legs, no ext payouts); not trace-checked",MISSING,0.130202,0_to_lt1,1,0x6efe8847be3c760aa1b4acceecc652edb12b0b7c3ab4192c97874b868092148a,ABSENT_NO_HOOK_ADDRESS,True,UniswapV3,True,UNMATCHED
0xd91a39b819f975dd21874c18acb2650e50d6ac32bca3af835732a7c6e3ece03c,968,968,52323694,2026-10-08T05:18:55Z,B,"log-reconstructed (no native legs, no ext payouts); not trace-checked",MISSING,0.120417,0_to_lt1,1,0x6efe8847be3c760aa1b4acceecc652edb12b0b7c3ab4192c97874b868092148a,ABSENT_NO_HOOK_ADDRESS,True,UniswapV3,True,UNMATCHED
0x3621cc9555b548472e90e1e205f77a9189f9b6c87d7ded24f9c0a06070964648,969,969,52323695,2026-10-08T05:18:57Z,A,trace-verified native flows; all legs priced,MISSING,0.122431,0_to_lt1,1,0x6efe8847be3c760aa1b4acceecc652edb12b0b7c3ab4192c97874b868092148a,ABSENT_NO_HOOK_ADDRESS,True,UniswapV3,True,UNMATCHED
0xa3692d590bb2ee28f0c2a4846b77b8fe5eecb1b1ceffc6cb2b1292af0e504f3a,970,970,52323699,2026-10-08T05:19:05Z,B,"log-reconstructed (no native legs, no ext payouts); not trace-checked",MISSING,0.078445,0_to_lt1,1,0x6efe8847be3c760aa1b4acceecc652edb12b0b7c3ab4192c97874b868092148a,ABSENT_NO_HOOK_ADDRESS,True,UniswapV3,True,UNMATCHED
0x89f4828e592119a8ff9cb6d14b2699c0ac50458e15e0c3cd3daa105606fcd410,971,971,52323701,2026-10-08T05:19:09Z,A,trace-verified native flows; all legs priced,INFERRED,0.210809,0_to_lt1,1,0x6efe8847be3c760aa1b4acceecc652edb12b0b7c3ab4192c97874b868092148a,ABSENT_NO_HOOK_ADDRESS,True,UniswapV3,True,PARTIAL_POOL_SET
0x8b3e9e09cfb47ddf2306acc6996339598bc97cf7ccd6b5b6f07c44efbd75486c,973,973,52323703,2026-10-08T05:19:13Z,B,"log-reconstructed (no native legs, no ext payouts); not trace-checked",MISSING,0.285836,0_to_lt1,1,0xfba2c4592d32a4e2e6393b8898f9110b4e272983f4bd416b38f81672a17fe3dc,ABSENT_NO_HOOK_ADDRESS,True,UniswapV3,True,UNMATCHED
0x6f35bb729374ae935fcc2a1703e28a90413ab660cecd4f32648138abd0269795,975,975,52323704,2026-10-08T05:19:15Z,B,"log-reconstructed (no native legs, no ext payouts); not trace-checked",MISSING,0.115615,0_to_lt1,1,0x6efe8847be3c760aa1b4acceecc652edb12b0b7c3ab4192c97874b868092148a,ABSENT_NO_HOOK_ADDRESS,True,UniswapV3,True,UNMATCHED
0xd92c6ad6607f91cdac1805d4967350f2b4277fbe85291b78e381e61211a57332,976,976,52323706,2026-10-08T05:19:19Z,B,"log-reconstructed (no native legs, no ext payouts); not trace-checked",MISSING,0.327836,0_to_lt1,1,0x6efe8847be3c760aa1b4acceecc652edb12b0b7c3ab4192c97874b868092148a,ABSENT_NO_HOOK_ADDRESS,True,UniswapV3,True,UNMATCHED
0x0702401e34f5b34a171d16814baed85f5821d7ab9b997e2ec0959440880b6119,977,977,52323709,2026-10-08T05:19:25Z,B,"log-reconstructed (no native legs, no ext payouts); not trace-checked",MISSING,0.076737,0_to_lt1,1,0x49fff8ec544984d862c0c322c83bc0cfb7a9a953a7d4d4d352a2aff27f7602cf,ABSENT_NO_HOOK_ADDRESS,True,UniswapV3,True,UNMATCHED
0xdec355dab94a644d05b32f087309919faaf4cd2658d77a2deee7974244c01f12,979,979,52323725,2026-10-08T05:19:57Z,A,trace-verified native flows; all legs priced,INFERRED,0.577091,0_to_lt1,1,0xfba2c4592d32a4e2e6393b8898f9110b4e272983f4bd416b38f81672a17fe3dc,ABSENT_NO_HOOK_ADDRESS,True,UniswapV3,True,PARTIAL_POOL_SET
0x4636f27de3ada19f846e9e2d66d91ea3a617c69f80eb109c2e96c6f40527bb2b,982,982,52323752,2026-10-08T05:20:51Z,B,"log-reconstructed (no native legs, no ext payouts); not trace-checked",MISSING,0.076216,0_to_lt1,1,0x7681c00520c26da8d8970c21a65461c726f274068eb08743debc1178e697044e,ABSENT_NO_HOOK_ADDRESS,True,UniswapV3,True,UNMATCHED
0x1625093b063b55b072260103cf52ad96aa18c3ca83e2da9f4fcfce924ab2c29e,984,984,52323759,2026-10-08T05:21:05Z,A,trace-verified native flows; all legs priced,MISSING,0.025145,0_to_lt1,1,0x1a3a5d1c0e7282cfe8be8344c280410c6ddbe0f5ee0e7b17bedd635882b70e9f,ABSENT_NO_HOOK_ADDRESS,True,UniswapV3,True,UNMATCHED
0x9c8f8f2922e78719c58aff45ca54325b3d213106cbbfae3b1141352cfddb6344,986,986,52323798,2026-10-08T05:22:23Z,B,"log-reconstructed (no native legs, no ext payouts); not trace-checked",MISSING,0.009879,0_to_lt1,1,0x1a3a5d1c0e7282cfe8be8344c280410c6ddbe0f5ee0e7b17bedd635882b70e9f,ABSENT_NO_HOOK_ADDRESS,True,UniswapV3,True,UNMATCHED
0x0e6c4dfd5485b808a78b2e9c4aee89a925bebc26259df65d15af92136ad4edfd,987,987,52323836,2026-10-08T05:23:39Z,B,"log-reconstructed (no native legs, no ext payouts); not trace-checked",MISSING,0.140118,0_to_lt1,1,0xfba2c4592d32a4e2e6393b8898f9110b4e272983f4bd416b38f81672a17fe3dc,ABSENT_NO_HOOK_ADDRESS,True,UniswapV3,True,UNMATCHED
0x9ae75d1b49d1dfbc7eb7e60a994e519ee2547afd9dd34c2f9dfe4e40ff310385,988,988,52323837,2026-10-08T05:23:41Z,B,"log-reconstructed (no native legs, no ext payouts); not trace-checked",MISSING,0.067496,0_to_lt1,2,0x6efe8847be3c760aa1b4acceecc652edb12b0b7c3ab4192c97874b868092148a|0xfba2c4592d32a4e2e6393b8898f9110b4e272983f4bd416b38f81672a17fe3dc,ABSENT_NO_HOOK_ADDRESS,True,UniswapV3,True,UNMATCHED
0xac6d56d88e7144e6ecce57528e3b3ee2b609562da3d2aa8767068ca897fec068,989,989,52323838,2026-10-08T05:23:43Z,A,trace-verified native flows; all legs priced,INFERRED,0.826174,0_to_lt1,1,0x6efe8847be3c760aa1b4acceecc652edb12b0b7c3ab4192c97874b868092148a,ABSENT_NO_HOOK_ADDRESS,True,UniswapV3,True,PARTIAL_POOL_SET
0x32bde6f439a8c5aa9271724e1547217ec9ac6b95e9e5f55846b51d532bcca1c4,990,990,52323842,2026-10-08T05:23:51Z,A,trace-verified native flows; all legs priced,MISSING,0.036509,0_to_lt1,1,0x1a3a5d1c0e7282cfe8be8344c280410c6ddbe0f5ee0e7b17bedd635882b70e9f,ABSENT_NO_HOOK_ADDRESS,True,UniswapV3,True,UNMATCHED
0x4b6c546df1280cafa7c965537a491ee2c4c6902ae24506c4c4e503fb607b81ba,991,991,52323844,2026-10-08T05:23:55Z,A,trace-verified native flows; all legs priced,MISSING,1.88833,1_to_lt25,1,0xfba2c4592d32a4e2e6393b8898f9110b4e272983f4bd416b38f81672a17fe3dc,ABSENT_NO_HOOK_ADDRESS,True,UniswapV3,True,UNMATCHED
0x8a2beb69d9415abfa68cd193852ba9af520cb9cf0ed3b5e8a828cb328fd30bf4,992,992,52323845,2026-10-08T05:23:57Z,A,trace-verified native flows; all legs priced,INFERRED,0.625284,0_to_lt1,2,0x6efe8847be3c760aa1b4acceecc652edb12b0b7c3ab4192c97874b868092148a|0x7681c00520c26da8d8970c21a65461c726f274068eb08743debc1178e697044e,ABSENT_NO_HOOK_ADDRESS,True,UniswapV3,True,PARTIAL_POOL_SET
0x8a0bfb8205c2dd20937eff2fa3c5f8259511f09a030b1eedf199ebf16a312f25,994,994,52323858,2026-10-08T05:24:23Z,A,trace-verified native flows; all legs priced,INFERRED,0.537973,0_to_lt1,2,0x1a3a5d1c0e7282cfe8be8344c280410c6ddbe0f5ee0e7b17bedd635882b70e9f|0x49fff8ec544984d862c0c322c83bc0cfb7a9a953a7d4d4d352a2aff27f7602cf,ABSENT_NO_HOOK_ADDRESS,True,UniswapV3,True,PARTIAL_POOL_SET
0xe36aa52e845d696a19504b0e81e81fbfd917d14b165f7454bd28de0dc783295f,996,996,52323864,2026-10-08T05:24:35Z,B,"log-reconstructed (no native legs, no ext payouts); not trace-checked",INFERRED,0.110268,0_to_lt1,1,0x6efe8847be3c760aa1b4acceecc652edb12b0b7c3ab4192c97874b868092148a,ABSENT_NO_HOOK_ADDRESS,True,UniswapV3,True,UNMATCHED
0x444e3bacefbdb89455440361167c964db6faa75647e57ecc51c1589ef8a75f32,997,997,52323866,2026-10-08T05:24:39Z,A,trace-verified native flows; all legs priced,INFERRED,0.622194,0_to_lt1,2,0x1a3a5d1c0e7282cfe8be8344c280410c6ddbe0f5ee0e7b17bedd635882b70e9f|0xfba2c4592d32a4e2e6393b8898f9110b4e272983f4bd416b38f81672a17fe3dc,ABSENT_NO_HOOK_ADDRESS,True,UniswapV3,True,PARTIAL_POOL_SET
0xc117cf6237a4cda8c8a204cdfb75d33c0d026f4de02ec231a69cb66aa8cecc4a,1001,1001,52323999,2026-10-08T05:29:05Z,B,"log-reconstructed (no native legs, no ext payouts); not trace-checked",MISSING,0.077208,0_to_lt1,1,0xfba2c4592d32a4e2e6393b8898f9110b4e272983f4bd416b38f81672a17fe3dc,ABSENT_NO_HOOK_ADDRESS,True,UniswapV3,True,UNMATCHED
0x538e388876e142f5c6072f50191d7a3213c77973da162784f253698b63ab9953,1002,1002,52324004,2026-10-08T05:29:15Z,B,"log-reconstructed (no native legs, no ext payouts); not trace-checked",MISSING,0.003311,0_to_lt1,1,0x1a3a5d1c0e7282cfe8be8344c280410c6ddbe0f5ee0e7b17bedd635882b70e9f,ABSENT_NO_HOOK_ADDRESS,True,UniswapV3,True,UNMATCHED
0x98358f4f9e94a3afef4b10e48f36e56fb097581dbe8eaf390de1ff20fb871d33,1004,1004,52324023,2026-10-08T05:29:53Z,B,"log-reconstructed (no native legs, no ext payouts); not trace-checked",MISSING,0.079541,0_to_lt1,1,0xfba2c4592d32a4e2e6393b8898f9110b4e272983f4bd416b38f81672a17fe3dc,ABSENT_NO_HOOK_ADDRESS,True,UniswapV3,True,UNMATCHED
0x588b1732ae4ae62134eda8086ce08723d8fcb131fb738b0288c2b3c8cb36bacc,1018,1018,52324256,2026-10-08T05:37:39Z,A,trace-verified native flows; all legs priced,INFERRED,0.283263,0_to_lt1,1,0xeee714a165308eb97efa05fb9243a55bdc5501f39408dc214e6f91e61eaa4a0e,ABSENT_NO_HOOK_ADDRESS,True,Aerodrome-Slipstream|UniswapV3,True,PARTIAL_POOL_SET
0x79e194571a7db04838ca99eef3b87abc2ded1b48337e251dc302982600c2e948,1021,1021,52324288,2026-10-08T05:38:43Z,B,"log-reconstructed (no native legs, no ext payouts); not trace-checked",MISSING,0.091637,0_to_lt1,1,0xeee714a165308eb97efa05fb9243a55bdc5501f39408dc214e6f91e61eaa4a0e,ABSENT_NO_HOOK_ADDRESS,True,Aerodrome-Slipstream|UniswapV3,True,UNMATCHED
0x9edec3a106fee912a6f104d2df23f312e58c08f9c3c4289605a228a76a870b3b,1024,1024,52324329,2026-10-08T05:40:05Z,A,trace-verified native flows; all legs priced,MISSING,1.696532,1_to_lt25,2,0xeee714a165308eb97efa05fb9243a55bdc5501f39408dc214e6f91e61eaa4a0e|0xf13203ddbf2c9816a79b656a1a952521702715d92fea465b84ae2ed6e94a7f22,ABSENT_NO_HOOK_ADDRESS,True,UniswapV3,True,UNMATCHED
0x9e0700fae43af2be30f9a195d445b9570958593f98342d0bb3a9e4b6e70a2f24,1025,1025,52324366,2026-10-08T05:41:19Z,B,"log-reconstructed (no native legs, no ext payouts); not trace-checked",MISSING,0.413957,0_to_lt1,2,0x7681c00520c26da8d8970c21a65461c726f274068eb08743debc1178e697044e|0xeee714a165308eb97efa05fb9243a55bdc5501f39408dc214e6f91e61eaa4a0e,ABSENT_NO_HOOK_ADDRESS,True,UniswapV3,True,UNMATCHED
0xc24cd2452976443f7f46cb04046adf8d6578a90499ef1ee6928655fb826bc255,1030,1030,52324416,2026-10-08T05:42:59Z,A,trace-verified native flows; all legs priced,MISSING,0.081892,0_to_lt1,1,0x7681c00520c26da8d8970c21a65461c726f274068eb08743debc1178e697044e,ABSENT_NO_HOOK_ADDRESS,True,UniswapV3,True,UNMATCHED
0x0c64c250c639bba6d5a7523ab10ad75f036a197d95f1faa50837521598e30f01,1032,1032,52324432,2026-10-08T05:43:31Z,B,"log-reconstructed (no native legs, no ext payouts); not trace-checked",MISSING,0.093046,0_to_lt1,1,0xfba2c4592d32a4e2e6393b8898f9110b4e272983f4bd416b38f81672a17fe3dc,ABSENT_NO_HOOK_ADDRESS,True,UniswapV3,True,UNMATCHED
0x0b1e02be079955dc9c5ea212130a61b1a35506fea734ab934be7a8a582167e85,1033,1033,52324437,2026-10-08T05:43:41Z,B,"log-reconstructed (no native legs, no ext payouts); not trace-checked",MISSING,0.043328,0_to_lt1,1,0xfba2c4592d32a4e2e6393b8898f9110b4e272983f4bd416b38f81672a17fe3dc,ABSENT_NO_HOOK_ADDRESS,True,Aerodrome-Slipstream3|UniswapV3,True,UNMATCHED
0xe7d2ce8e7fde8cf984cdc4688ef98e488738aaa7f417807647c4c4f74fe9aa25,1034,1034,52324449,2026-10-08T05:44:05Z,B,"log-reconstructed (no native legs, no ext payouts); not trace-checked",MISSING,0.388584,0_to_lt1,1,0x7681c00520c26da8d8970c21a65461c726f274068eb08743debc1178e697044e,ABSENT_NO_HOOK_ADDRESS,True,UniswapV3,True,UNMATCHED
0xfd886cc37a7a722030ee937fcf74e6fb6ea2a7d856715b72ef66aed6cf3ad404,1036,1036,52324452,2026-10-08T05:44:11Z,A,trace-verified native flows; all legs priced,INFERRED,2.814319,1_to_lt25,1,0x7681c00520c26da8d8970c21a65461c726f274068eb08743debc1178e697044e,ABSENT_NO_HOOK_ADDRESS,True,Aerodrome-Slipstream3|UniswapV3,True,PARTIAL_POOL_SET
0x74a38074521c5ea325e133fa5f09752ba8522c2d206e2922422318f43d9cd4ec,1037,1037,52324452,2026-10-08T05:44:11Z,A,trace-verified native flows; all legs priced,INFERRED,0.502071,0_to_lt1,1,0x7681c00520c26da8d8970c21a65461c726f274068eb08743debc1178e697044e,ABSENT_NO_HOOK_ADDRESS,True,UniswapV3,True,PARTIAL_POOL_SET
0x917da4be3b81b138cada3f89d1dad594ef0197616701fc75b76949b2c411c9fa,1038,1038,52324452,2026-10-08T05:44:11Z,B,"log-reconstructed (no native legs, no ext payouts); not trace-checked",MISSING,0.07718,0_to_lt1,1,0x7681c00520c26da8d8970c21a65461c726f274068eb08743debc1178e697044e,ABSENT_NO_HOOK_ADDRESS,True,Aerodrome-Slipstream3|UniswapV3,True,UNMATCHED
0xc3be18f259c4d7de6713255e5d2d36220e3cae4bdb8158e829c6131e4495ca75,1040,1040,52324453,2026-10-08T05:44:13Z,B,"log-reconstructed (no native legs, no ext payouts); not trace-checked",MISSING,0.071572,0_to_lt1,1,0xfba2c4592d32a4e2e6393b8898f9110b4e272983f4bd416b38f81672a17fe3dc,ABSENT_NO_HOOK_ADDRESS,True,UniswapV3,True,UNMATCHED
0x56b1d0e0f8f12e8899c9c71f8fe7db37c62c1c5ba96d0f5cbf0d2772d2b6221b,1043,1043,52324533,2026-10-08T05:46:53Z,B,"log-reconstructed (no native legs, no ext payouts); not trace-checked",MISSING,0.560217,0_to_lt1,1,0xfba2c4592d32a4e2e6393b8898f9110b4e272983f4bd416b38f81672a17fe3dc,ABSENT_NO_HOOK_ADDRESS,True,UniswapV3,True,UNMATCHED
0x5bf8b7d538f8532cf291c1c59e3099acd5afbb0ac3c0747a79cd0cd1171d0101,1045,1045,52324534,2026-10-08T05:46:55Z,B,"log-reconstructed (no native legs, no ext payouts); not trace-checked",MISSING,0.239869,0_to_lt1,1,0x49fff8ec544984d862c0c322c83bc0cfb7a9a953a7d4d4d352a2aff27f7602cf,ABSENT_NO_HOOK_ADDRESS,True,Aerodrome-Slipstream3|UniswapV3,True,UNMATCHED
0x226fe15d3879b19a8294003877efb9fe0b40b2f0a640857472dd3c3a2b1e4d59,1048,1048,52324543,2026-10-08T05:47:13Z,B,"log-reconstructed (no native legs, no ext payouts); not trace-checked",MISSING,0.013521,0_to_lt1,1,0xaa3f41df57766197c15679db7db272058137b26b371b285813ecc620428a4c6c,ABSENT_NO_HOOK_ADDRESS,True,UniswapV3,True,UNMATCHED
0xfd71a84a59b8ecb9cf9d270b9af48cd94fac49466ea1cd94656e77013065a70e,1050,1050,52324567,2026-10-08T05:48:01Z,B,"log-reconstructed (no native legs, no ext payouts); not trace-checked",MISSING,0.274711,0_to_lt1,1,0x7681c00520c26da8d8970c21a65461c726f274068eb08743debc1178e697044e,ABSENT_NO_HOOK_ADDRESS,True,UniswapV3,True,UNMATCHED
0x35ea113cfe76305168452aa97dc59981489f9ed8558c911e9637bdff5b1d8142,1051,1051,52324568,2026-10-08T05:48:03Z,B,"log-reconstructed (no native legs, no ext payouts); not trace-checked",MISSING,0.414235,0_to_lt1,1,0x7681c00520c26da8d8970c21a65461c726f274068eb08743debc1178e697044e,ABSENT_NO_HOOK_ADDRESS,True,UniswapV3,True,UNMATCHED
0xab9846d364c8211aa754cb398dfb35f6689657b96ade9d3c7d94524f2e9a44de,1054,1054,52324571,2026-10-08T05:48:09Z,A,trace-verified native flows; all legs priced,INFERRED,0.247963,0_to_lt1,1,0xaa3f41df57766197c15679db7db272058137b26b371b285813ecc620428a4c6c,ABSENT_NO_HOOK_ADDRESS,True,AlgebraIntegral@0xc5396866|UniswapV3,True,PARTIAL_POOL_SET
0xfb3efa22445d7d912591c0d4b16400a1579ff559c7ae726cbc898bf8757dc985,1056,1056,52324588,2026-10-08T05:48:43Z,B,"log-reconstructed (no native legs, no ext payouts); not trace-checked",MISSING,0.418641,0_to_lt1,1,0xfba2c4592d32a4e2e6393b8898f9110b4e272983f4bd416b38f81672a17fe3dc,ABSENT_NO_HOOK_ADDRESS,True,UniswapV3,True,UNMATCHED
0x00b71598e05cff98d47b21426050a8b5003cb95b6cda6ef463763128880a4fe4,1067,1067,52324697,2026-10-08T05:52:21Z,B,"log-reconstructed (no native legs, no ext payouts); not trace-checked",MISSING,0.103863,0_to_lt1,1,0xf13203ddbf2c9816a79b656a1a952521702715d92fea465b84ae2ed6e94a7f22,ABSENT_NO_HOOK_ADDRESS,True,UniswapV3,True,UNMATCHED
0xe2d19359d7ae72119e62b2fe235cb73105e4d45dc02db40276878f5f251f7af2,1077,1077,52324869,2026-10-08T05:58:05Z,B,"log-reconstructed (no native legs, no ext payouts); not trace-checked",MISSING,0.375382,0_to_lt1,1,0xf13203ddbf2c9816a79b656a1a952521702715d92fea465b84ae2ed6e94a7f22,ABSENT_NO_HOOK_ADDRESS,True,UniswapV3,True,UNMATCHED
0xe435dfbc52bf940ee4b1ed613fb4921bca187a52bd15d6cb9fd07df4a62a785d,1079,1079,52324889,2026-10-08T05:58:45Z,C,implausible return (>50% of trade input) with gain in a non-major token: probable pricing artifact,INFERRED,,kept_null,1,0xae51c0fcb0f1efeda60f4121f66b2302952c46d2e9bb22beb134fe6c618be9ed,ABSENT_NO_HOOK_ADDRESS,True,Aerodrome-Slipstream3,True,UNMATCHED
0x4f9d44f7498c1627b57abe181ca2b248d2024cceb77b0418ef276d9ed3fbe8d2,1091,1091,52325008,2026-10-08T06:02:43Z,B,"log-reconstructed (no native legs, no ext payouts); not trace-checked",INFERRED,0.092068,0_to_lt1,1,0xaa3f41df57766197c15679db7db272058137b26b371b285813ecc620428a4c6c,ABSENT_NO_HOOK_ADDRESS,True,UniswapV3,True,UNMATCHED
0xbfe8bbd2f94f87614b57c06445dad51b06d83a27aafc6cea7675ac5ba91a5a6d,1092,1092,52325009,2026-10-08T06:02:45Z,A,trace-verified native flows; all legs priced,MISSING,0.982628,0_to_lt1,1,0xfba2c4592d32a4e2e6393b8898f9110b4e272983f4bd416b38f81672a17fe3dc,ABSENT_NO_HOOK_ADDRESS,True,Aerodrome-Slipstream3|UniswapV3,True,UNMATCHED
0x01dff8caa59e16239a533da6882f28c7e34fa202d2ee95f05f817fba08ec9752,1094,1094,52325032,2026-10-08T06:03:31Z,A,trace-verified native flows; all legs priced,INFERRED,0.549288,0_to_lt1,1,0xfba2c4592d32a4e2e6393b8898f9110b4e272983f4bd416b38f81672a17fe3dc,ABSENT_NO_HOOK_ADDRESS,True,UniswapV3,True,PARTIAL_POOL_SET
0x0711fc449cbbcccbb4387550e29cf6d599e653f67a8b0be595f59462c66eefb8,1095,1095,52325032,2026-10-08T06:03:31Z,A,trace-verified native flows; all legs priced,INFERRED,0.473278,0_to_lt1,1,0xfba2c4592d32a4e2e6393b8898f9110b4e272983f4bd416b38f81672a17fe3dc,ABSENT_NO_HOOK_ADDRESS,True,UniswapV3,True,PARTIAL_POOL_SET
0x012d33046ccdbec220b32ab045d7c2a2ccaa8d91111d2bc5c2d783f8c5ab6887,1096,1096,52325034,2026-10-08T06:03:35Z,B,"log-reconstructed (no native legs, no ext payouts); not trace-checked",INFERRED,0.177598,0_to_lt1,1,0xfba2c4592d32a4e2e6393b8898f9110b4e272983f4bd416b38f81672a17fe3dc,ABSENT_NO_HOOK_ADDRESS,True,UniswapV3,True,UNMATCHED
0xcbb0b5a45d1d65309ca6e57963b75fac2ef62b7f12073bc8eb3e123e81325b43,1098,1098,52325077,2026-10-08T06:05:01Z,D,cyclic_v4_unresolved,MISSING,,kept_null,1,0x96d4b53a38337a5733179751781178a2613306063c511b78cd02684739288c0a,ABSENT_NO_HOOK_ADDRESS,True,PancakeV3,False,UNMATCHED
0xfe474ba99bdfcd9978844de07f5f711ee0ec480711378eca74a623b590fb6478,1101,1101,52325136,2026-10-08T06:06:59Z,D,cyclic_v4_unresolved,MISSING,,kept_null,1,0x96d4b53a38337a5733179751781178a2613306063c511b78cd02684739288c0a,ABSENT_NO_HOOK_ADDRESS,True,PancakeV3,False,UNMATCHED
0xcb56b42c10b6d60091b65e579fa452f7d9f13a4df055c88bcda4e975905f5062,1102,1102,52325143,2026-10-08T06:07:13Z,B,"log-reconstructed (no native legs, no ext payouts); not trace-checked",INFERRED,0.07776,0_to_lt1,1,0xaa3f41df57766197c15679db7db272058137b26b371b285813ecc620428a4c6c,ABSENT_NO_HOOK_ADDRESS,True,UniswapV3,True,UNMATCHED
0xb0379e920a7be43e60357a64527d55085b508ed15f3c77142a3d4dd3ae1f1de0,1105,1105,52325177,2026-10-08T06:08:21Z,B,"log-reconstructed (no native legs, no ext payouts); not trace-checked",MISSING,0.00774,0_to_lt1,1,0xaa3f41df57766197c15679db7db272058137b26b371b285813ecc620428a4c6c,ABSENT_NO_HOOK_ADDRESS,True,UniswapV3,True,UNMATCHED
0x152a3e21b9a5b174f6b327d5bf53f4caf23ef327ac74aed9c4f26f0285d55229,1108,1108,52325179,2026-10-08T06:08:25Z,D,cyclic_v4_unresolved,MISSING,,kept_null,3,0x714277ac1ec2cd71b10eb95b03847ffeeae56edfd33e4787685c7e710bae9260|0x9d8ce6ce5ca2b3621f8cf606eb5ef1a1b85a70a479fe7e25dd66a024fe2aa981|0xa2708620bcce4c211f2f2f38b0fa9a3006826a67ebe9374a3543534842385bad,ABSENT_NO_HOOK_ADDRESS,False,,False,UNMATCHABLE
0xa69bd68e991c86b87dfcd4dc89c09c6c358618a67cc247a8afd78bd0a19b84ee,1112,1112,52325215,2026-10-08T06:09:37Z,B,"log-reconstructed (no native legs, no ext payouts); not trace-checked",MISSING,0.121774,0_to_lt1,3,0x6a0f5830e56c0ad9dd425b3cf97f94e3c15b9a3b692b0bcd361840f262cd27b1|0x6b2acbce1c9189034b07e85b3de8cc6e625740c7597c3b57ea029efa01581de1|0x95475b9b1492cf109969ff25c2862ef38d1a9998c6288f8b9b7d1c99c6443c2e,ABSENT_NO_HOOK_ADDRESS,True,,True,UNMATCHABLE
0x1be0e58a6b78b2f4407e8d6d1e555e055de33ed4699050e88303b3034f5bd06c,1113,1113,52325218,2026-10-08T06:09:43Z,A,trace-verified native flows; all legs priced,INFERRED,0.193297,0_to_lt1,1,0xfba2c4592d32a4e2e6393b8898f9110b4e272983f4bd416b38f81672a17fe3dc,ABSENT_NO_HOOK_ADDRESS,True,UniswapV3,True,PARTIAL_POOL_SET
0xa492a48748ec10155aafc499be3f6cbcee03c33e2555c12f74af9258fd7a7277,1114,1114,52325252,2026-10-08T06:10:51Z,D,cyclic_v4_unresolved,MISSING,,kept_null,1,0x96d4b53a38337a5733179751781178a2613306063c511b78cd02684739288c0a,ABSENT_NO_HOOK_ADDRESS,True,PancakeV3,False,UNMATCHED
0xb81adbe743aab5d59f7ee56a51f070648e7b51d3996dcd702139dc105009b6ec,1119,1119,52325277,2026-10-08T06:11:41Z,A,trace-verified native flows; all legs priced,MISSING,0.361845,0_to_lt1,1,0x12d76c5c8ec8edffd3c143995b0aa43fe44a6d71eb9113796272909e54b8e078,ABSENT_NO_HOOK_ADDRESS,True,Aerodrome-Slipstream|PancakeV3,True,UNMATCHED
0x9369fae429ff9f198b5ad88a7c44cbd8d8328b9f744e80c8af13188527b37267,1144,1144,52325473,2026-10-08T06:18:13Z,B,"log-reconstructed (no native legs, no ext payouts); not trace-checked",INFERRED,0.080273,0_to_lt1,1,0xaa3f41df57766197c15679db7db272058137b26b371b285813ecc620428a4c6c,ABSENT_NO_HOOK_ADDRESS,True,UniswapV3,True,UNMATCHED
0x583b507246d8dfbe0abffead3912b8677a5e2ce1fce199fb75dbde456d1c96e3,1146,1146,52325507,2026-10-08T06:19:21Z,B,"log-reconstructed (no native legs, no ext payouts); not trace-checked",INFERRED,0.126108,0_to_lt1,1,0xaa3f41df57766197c15679db7db272058137b26b371b285813ecc620428a4c6c,ABSENT_NO_HOOK_ADDRESS,True,UniswapV3,True,UNMATCHED
0xdfa8f9a25b8e5b625b1892ab3150ce85c2436b9a68effc4fd053c839a491de94,1150,1150,52325596,2026-10-08T06:22:19Z,A,trace-verified native flows; all legs priced,MISSING,0.410446,0_to_lt1,1,0x1a3a5d1c0e7282cfe8be8344c280410c6ddbe0f5ee0e7b17bedd635882b70e9f,ABSENT_NO_HOOK_ADDRESS,True,UniswapV3,True,UNMATCHED
0xa5cb7ece0c0c946ada0a8f8181bf2a193df04cd47f37e1e9767802d6d3ed1068,1153,1153,52325612,2026-10-08T06:22:51Z,B,"log-reconstructed (no native legs, no ext payouts); not trace-checked",MISSING,0.073866,0_to_lt1,1,0xaa3f41df57766197c15679db7db272058137b26b371b285813ecc620428a4c6c,ABSENT_NO_HOOK_ADDRESS,True,UniswapV3,True,UNMATCHED
0xf3066383f2419c6971230f67bbd22df382d76065eb30a70ef84208703f651400,1156,1156,52325688,2026-10-08T06:25:23Z,B,"log-reconstructed (no native legs, no ext payouts); not trace-checked",INFERRED,0.078572,0_to_lt1,1,0x1a3a5d1c0e7282cfe8be8344c280410c6ddbe0f5ee0e7b17bedd635882b70e9f,ABSENT_NO_HOOK_ADDRESS,True,UniswapV3,True,UNMATCHED
0x71ca857b384796bdc5f147656e88fcc9ec641946e2e795cc03bae11ee46c09fc,1158,1158,52325711,2026-10-08T06:26:09Z,B,"log-reconstructed (no native legs, no ext payouts); not trace-checked",MISSING,0.014294,0_to_lt1,2,0x4a415bdadadc531dbe95226489f50f7b26cc0fefde51acfb9eac4c69eaf6e0b0|0xae53842c7652e63b124086f0466a144e5aaa9b765355eacacb68b2a0ce4cd7fa,ABSENT_NO_HOOK_ADDRESS,True,,True,UNMATCHABLE
0x92c5b28626a4e7159f40e051a241164e2ecaef9992c63cc0e29c3800aa48820d,1163,1163,52325756,2026-10-08T06:27:39Z,B,"log-reconstructed (no native legs, no ext payouts); not trace-checked",MISSING,0.026136,0_to_lt1,3,0x69bb25713e21822f9e7edaba191202bdb7a0001bae3f0b9bd9ad07a3ef6dc607|0xaa3f41df57766197c15679db7db272058137b26b371b285813ecc620428a4c6c|0xfba2c4592d32a4e2e6393b8898f9110b4e272983f4bd416b38f81672a17fe3dc,ABSENT_NO_HOOK_ADDRESS,True,,True,UNMATCHABLE
0xcfbd8df6dbd04721a4eabd39c557cbb7905b7bbff199bd29582108425901c7e4,1165,1165,52325780,2026-10-08T06:28:27Z,B,"log-reconstructed (no native legs, no ext payouts); not trace-checked",MISSING,0.022246,0_to_lt1,3,0x69bb25713e21822f9e7edaba191202bdb7a0001bae3f0b9bd9ad07a3ef6dc607|0xaa3f41df57766197c15679db7db272058137b26b371b285813ecc620428a4c6c|0xfba2c4592d32a4e2e6393b8898f9110b4e272983f4bd416b38f81672a17fe3dc,ABSENT_NO_HOOK_ADDRESS,True,,True,UNMATCHABLE
0xc7257d8a88f85d9860019ed9d5114d42517d9b9830b71cad0674c3ef6e82b482,1166,1166,52325784,2026-10-08T06:28:35Z,B,"log-reconstructed (no native legs, no ext payouts); not trace-checked",MISSING,0.140328,0_to_lt1,1,0xaa3f41df57766197c15679db7db272058137b26b371b285813ecc620428a4c6c,ABSENT_NO_HOOK_ADDRESS,True,UniswapV3,True,UNMATCHED
0x773e9037aa34d229cb0be427733a2b05e570c5d6849068e6c9fa37cb59604821,1168,1168,52325810,2026-10-08T06:29:27Z,B,"log-reconstructed (no native legs, no ext payouts); not trace-checked",MISSING,0.018681,0_to_lt1,3,0x69bb25713e21822f9e7edaba191202bdb7a0001bae3f0b9bd9ad07a3ef6dc607|0x7681c00520c26da8d8970c21a65461c726f274068eb08743debc1178e697044e|0xaa3f41df57766197c15679db7db272058137b26b371b285813ecc620428a4c6c,ABSENT_NO_HOOK_ADDRESS,True,,True,UNMATCHABLE
0x22a80f4d0f5d14a82e4419441e098da6365111365e45b84efed0568b8c3adbfd,1169,1169,52325821,2026-10-08T06:29:49Z,B,"log-reconstructed (no native legs, no ext payouts); not trace-checked",MISSING,0.136883,0_to_lt1,1,0xaa3f41df57766197c15679db7db272058137b26b371b285813ecc620428a4c6c,ABSENT_NO_HOOK_ADDRESS,True,UniswapV3,True,UNMATCHED
0x7f6c45d30c29cc494cad72ae3d4900f7a5cfa7136ff65d0346ad6ed5abf51186,1170,1170,52325821,2026-10-08T06:29:49Z,B,"log-reconstructed (no native legs, no ext payouts); not trace-checked",MISSING,0.207099,0_to_lt1,1,0xaa3f41df57766197c15679db7db272058137b26b371b285813ecc620428a4c6c,ABSENT_NO_HOOK_ADDRESS,True,UniswapV3,True,UNMATCHED
0x5ca7e66055b8de9e5d212f15c815ab4dae869e66726c7072d30a967d69f7b135,1171,1171,52325823,2026-10-08T06:29:53Z,B,"log-reconstructed (no native legs, no ext payouts); not trace-checked",MISSING,0.010924,0_to_lt1,2,0x69bb25713e21822f9e7edaba191202bdb7a0001bae3f0b9bd9ad07a3ef6dc607|0x7681c00520c26da8d8970c21a65461c726f274068eb08743debc1178e697044e,ABSENT_NO_HOOK_ADDRESS,True,UniswapV3,True,UNMATCHED
0xe20f34297c4229aeeee23651eab64c697f7f9862c2e12398cecab8ce78b26f5c,1172,1172,52325828,2026-10-08T06:30:03Z,B,"log-reconstructed (no native legs, no ext payouts); not trace-checked",INFERRED,0.068898,0_to_lt1,1,0xaa3f41df57766197c15679db7db272058137b26b371b285813ecc620428a4c6c,ABSENT_NO_HOOK_ADDRESS,True,UniswapV3,True,UNMATCHED
0x8727f4cb19a1cf817218a88853c6d90b0bfbb5e8e75a4c85807b63ec5ffb4214,1173,1173,52325828,2026-10-08T06:30:03Z,B,"log-reconstructed (no native legs, no ext payouts); not trace-checked",MISSING,0.282786,0_to_lt1,2,0x69bb25713e21822f9e7edaba191202bdb7a0001bae3f0b9bd9ad07a3ef6dc607|0x7681c00520c26da8d8970c21a65461c726f274068eb08743debc1178e697044e,ABSENT_NO_HOOK_ADDRESS,True,UniswapV3,True,UNMATCHED
0xe94862ab52b2f116f7a9f8a8c47a83d488b41df8127d3098223e43532c04c787,1175,1175,52325841,2026-10-08T06:30:29Z,B,"log-reconstructed (no native legs, no ext payouts); not trace-checked",MISSING,0.154147,0_to_lt1,1,0xaa3f41df57766197c15679db7db272058137b26b371b285813ecc620428a4c6c,ABSENT_NO_HOOK_ADDRESS,True,UniswapV3,True,UNMATCHED
0x2ccbd45b1b28f9f1d4e2bfe23cb622c58c405f3a1825ba92103f843419fdd6d0,1176,1176,52325841,2026-10-08T06:30:29Z,A,trace-verified native flows; all legs priced,INFERRED,0.161587,0_to_lt1,1,0xaa3f41df57766197c15679db7db272058137b26b371b285813ecc620428a4c6c,ABSENT_NO_HOOK_ADDRESS,True,UniswapV3,True,PARTIAL_POOL_SET
0xcbcc9a60398cecb2b1d4b0ba5d64a369f618f5743e3ce520403c4f25016cbb74,1179,1179,52325851,2026-10-08T06:30:49Z,B,"log-reconstructed (no native legs, no ext payouts); not trace-checked",MISSING,0.099958,0_to_lt1,1,0xaa3f41df57766197c15679db7db272058137b26b371b285813ecc620428a4c6c,ABSENT_NO_HOOK_ADDRESS,True,UniswapV3,True,UNMATCHED
0x38570b3df03788949fd31f597c377db334b4970a174834bf010b4a75036ba598,1182,1182,52325885,2026-10-08T06:31:57Z,B,"log-reconstructed (no native legs, no ext payouts); not trace-checked",MISSING,0.032699,0_to_lt1,1,0x95efd5e29c569a5d04132e893fa6471757a531bc5655d60f81cc933c9f242b97,ABSENT_NO_HOOK_ADDRESS,True,Aerodrome-Slipstream|Aerodrome-Slipstream3,True,UNMATCHED
0x8676a570f7f0375cd6010ffa0e393c5293cb7ed5a3e12e36403fe245fa75017d,1186,1186,52325896,2026-10-08T06:32:19Z,B,"log-reconstructed (no native legs, no ext payouts); not trace-checked",MISSING,0.01598,0_to_lt1,2,0x1a3a5d1c0e7282cfe8be8344c280410c6ddbe0f5ee0e7b17bedd635882b70e9f|0xaa3f41df57766197c15679db7db272058137b26b371b285813ecc620428a4c6c,ABSENT_NO_HOOK_ADDRESS,True,,True,UNMATCHABLE
0xeb29b4d10233988b68900591042649f6803a32222af8418c22bf4450893a7610,1192,1192,52325933,2026-10-08T06:33:33Z,B,"log-reconstructed (no native legs, no ext payouts); not trace-checked",MISSING,0.235382,0_to_lt1,2,0x69bb25713e21822f9e7edaba191202bdb7a0001bae3f0b9bd9ad07a3ef6dc607|0xfba2c4592d32a4e2e6393b8898f9110b4e272983f4bd416b38f81672a17fe3dc,ABSENT_NO_HOOK_ADDRESS,True,UniswapV3,True,UNMATCHED
0xa27d3e218b584818b574a9c2d395f41f3a58f26020479f745a99fd028cd4b168,1193,1193,52325938,2026-10-08T06:33:43Z,A,trace-verified native flows; all legs priced,INFERRED,0.268103,0_to_lt1,1,0xaa3f41df57766197c15679db7db272058137b26b371b285813ecc620428a4c6c,ABSENT_NO_HOOK_ADDRESS,True,UniswapV3,True,PARTIAL_POOL_SET
0xbae94e95825d40c5175a3bc46fc123c8a04a0975693fc9e7b74f97f1306c29f5,1194,1194,52325940,2026-10-08T06:33:47Z,A,trace-verified native flows; all legs priced,INFERRED,0.312224,0_to_lt1,1,0xaa3f41df57766197c15679db7db272058137b26b371b285813ecc620428a4c6c,ABSENT_NO_HOOK_ADDRESS,True,UniswapV3,True,PARTIAL_POOL_SET
0x9dc4e657f9745c3216edd7590913507cee0a326a3e42eb0e1006bf02609a50b5,1197,1197,52325950,2026-10-08T06:34:07Z,B,"log-reconstructed (no native legs, no ext payouts); not trace-checked",MISSING,0.113676,0_to_lt1,1,0xfba2c4592d32a4e2e6393b8898f9110b4e272983f4bd416b38f81672a17fe3dc,ABSENT_NO_HOOK_ADDRESS,True,UniswapV3,True,UNMATCHED
0x00470ce45024e1fc993caced8ecd815f18a6cab649c867beca40e18f48fe1146,1201,1201,52325962,2026-10-08T06:34:31Z,A,trace-verified native flows; all legs priced,INFERRED,0.141723,0_to_lt1,2,0x69bb25713e21822f9e7edaba191202bdb7a0001bae3f0b9bd9ad07a3ef6dc607|0x7681c00520c26da8d8970c21a65461c726f274068eb08743debc1178e697044e,ABSENT_NO_HOOK_ADDRESS,True,UniswapV3,True,PARTIAL_POOL_SET
0x96d4dd2a8fcfd004a23e11f4df534f9d17a2f43ef21bb59d80111e8bba145dc3,1202,1202,52325971,2026-10-08T06:34:49Z,A,trace-verified native flows; all legs priced,MISSING,0.109365,0_to_lt1,1,0xc74218172a98fd8c3a82551a99ec399344ea2d8585e731febb3e3e51c881c3c8,ABSENT_NO_HOOK_ADDRESS,True,UniswapV3,True,UNMATCHED
0xe4531fae8d58be4bde43211346ac585437d9ba2546e11d0d3db6e7c75f4c0d48,1203,1203,52325972,2026-10-08T06:34:51Z,B,"log-reconstructed (no native legs, no ext payouts); not trace-checked",MISSING,0.020007,0_to_lt1,3,0x69bb25713e21822f9e7edaba191202bdb7a0001bae3f0b9bd9ad07a3ef6dc607|0xc74218172a98fd8c3a82551a99ec399344ea2d8585e731febb3e3e51c881c3c8|0xfba2c4592d32a4e2e6393b8898f9110b4e272983f4bd416b38f81672a17fe3dc,ABSENT_NO_HOOK_ADDRESS,True,,True,UNMATCHABLE
0x21dd7383d49a4825e8d5c46f272decf7cf56e87db5ae23eadb72f1822dc0de26,1205,1205,52325983,2026-10-08T06:35:13Z,B,"log-reconstructed (no native legs, no ext payouts); not trace-checked",MISSING,0.014415,0_to_lt1,1,0xc74218172a98fd8c3a82551a99ec399344ea2d8585e731febb3e3e51c881c3c8,ABSENT_NO_HOOK_ADDRESS,True,UniswapV3,True,UNMATCHED
0x35a6b0e4843d1aad6c6f074a99b7861943bc95982dbaa20e316b9eef11c99da0,1209,1209,52326016,2026-10-08T06:36:19Z,B,"log-reconstructed (no native legs, no ext payouts); not trace-checked",MISSING,0.022125,0_to_lt1,1,0x1a3a5d1c0e7282cfe8be8344c280410c6ddbe0f5ee0e7b17bedd635882b70e9f,ABSENT_NO_HOOK_ADDRESS,True,UniswapV3,True,UNMATCHED
0x02e9efe285b1a310aa46de2f9ce956a65f88ebbba045398a32bc2f410651c4d2,1210,1210,52326016,2026-10-08T06:36:19Z,B,"log-reconstructed (no native legs, no ext payouts); not trace-checked",VERIFIED,0.490459,0_to_lt1,2,0x1a3a5d1c0e7282cfe8be8344c280410c6ddbe0f5ee0e7b17bedd635882b70e9f|0xfba2c4592d32a4e2e6393b8898f9110b4e272983f4bd416b38f81672a17fe3dc,ABSENT_NO_HOOK_ADDRESS,True,UniswapV3,True,UNMATCHED
0x0356e30e5c04fca2b34745254ff9fb30a1962c3546187e9c4af694ce01bce206,1211,1211,52326019,2026-10-08T06:36:25Z,A,trace-verified native flows; all legs priced,MISSING,0.161161,0_to_lt1,1,0xf13203ddbf2c9816a79b656a1a952521702715d92fea465b84ae2ed6e94a7f22,ABSENT_NO_HOOK_ADDRESS,True,UniswapV3,True,UNMATCHED
0x806b0d0df751b444c5d649d94cbf958cd9d8332af27f8cdebd68ea8a32b94435,1212,1212,52326058,2026-10-08T06:37:43Z,B,"log-reconstructed (no native legs, no ext payouts); not trace-checked",MISSING,0.006053,0_to_lt1,1,0x1a3a5d1c0e7282cfe8be8344c280410c6ddbe0f5ee0e7b17bedd635882b70e9f,ABSENT_NO_HOOK_ADDRESS,True,UniswapV3,True,UNMATCHED
0x01bc8a6d3c2f0a89b28b46759af371d7c31fcbd62f1b4a3da62fcd8cdffdcdff,1219,1219,52326096,2026-10-08T06:38:59Z,B,"log-reconstructed (no native legs, no ext payouts); not trace-checked",MISSING,0.077954,0_to_lt1,1,0xfba2c4592d32a4e2e6393b8898f9110b4e272983f4bd416b38f81672a17fe3dc,ABSENT_NO_HOOK_ADDRESS,True,Aerodrome-Slipstream3|UniswapV3,True,UNMATCHED
0x370da408c8f599348aa36055a14d4712af1d2f0d03180e18ceefb40f6a5381a8,1223,1223,52326115,2026-10-08T06:39:37Z,B,"log-reconstructed (no native legs, no ext payouts); not trace-checked",MISSING,0.089193,0_to_lt1,1,0x1a3a5d1c0e7282cfe8be8344c280410c6ddbe0f5ee0e7b17bedd635882b70e9f,ABSENT_NO_HOOK_ADDRESS,True,UniswapV3,True,UNMATCHED
0xa751e31bd4deb1a92af9f7bf50189de995ff9e6a2bfe140dac4c34c8649ddb49,1224,1224,52326121,2026-10-08T06:39:49Z,B,"log-reconstructed (no native legs, no ext payouts); not trace-checked",MISSING,0.015015,0_to_lt1,1,0x1a3a5d1c0e7282cfe8be8344c280410c6ddbe0f5ee0e7b17bedd635882b70e9f,ABSENT_NO_HOOK_ADDRESS,True,UniswapV3,True,UNMATCHED
0x63ef0124895f3c6772d68ab3332e2a4de64eded214ba8bf43fdf97af0cfbee27,1225,1225,52326123,2026-10-08T06:39:53Z,B,"log-reconstructed (no native legs, no ext payouts); not trace-checked",INFERRED,0.089434,0_to_lt1,1,0xfba2c4592d32a4e2e6393b8898f9110b4e272983f4bd416b38f81672a17fe3dc,ABSENT_NO_HOOK_ADDRESS,True,UniswapV3,True,UNMATCHED
0x8a7ed7b76d01adf850f005ca41fb3d671c9a957b8539282dbf61417519006c67,1226,1226,52326132,2026-10-08T06:40:11Z,A,trace-verified native flows; all legs priced,MISSING,0.097287,0_to_lt1,1,0x7681c00520c26da8d8970c21a65461c726f274068eb08743debc1178e697044e,ABSENT_NO_HOOK_ADDRESS,True,UniswapV3,True,UNMATCHED
0xa09b3c66f4bcd719035df34e3e5b8aa72c53201afb674c064a413011258234d4,1231,1231,52326145,2026-10-08T06:40:37Z,B,"log-reconstructed (no native legs, no ext payouts); not trace-checked",MISSING,0.022743,0_to_lt1,1,0x7681c00520c26da8d8970c21a65461c726f274068eb08743debc1178e697044e,ABSENT_NO_HOOK_ADDRESS,True,UniswapV3,True,UNMATCHED
0xa868c2876281710b017768e016bb6aa50b60e5c1071bb941ace148cf49e19e07,1232,1232,52326158,2026-10-08T06:41:03Z,B,"log-reconstructed (no native legs, no ext payouts); not trace-checked",MISSING,0.092864,0_to_lt1,1,0x7681c00520c26da8d8970c21a65461c726f274068eb08743debc1178e697044e,ABSENT_NO_HOOK_ADDRESS,True,UniswapV3,True,UNMATCHED
0x6c8070708821766f53b6899f0cbe1e21c1fe72c5a635c08a579f0db87dc45aa6,1237,1237,52326174,2026-10-08T06:41:35Z,B,"log-reconstructed (no native legs, no ext payouts); not trace-checked",MISSING,0.229816,0_to_lt1,1,0xf13203ddbf2c9816a79b656a1a952521702715d92fea465b84ae2ed6e94a7f22,ABSENT_NO_HOOK_ADDRESS,True,UniswapV3,True,UNMATCHED
0xa7e73c491efc7e92121356706b3682865ed4b9773badcc33cb7c8dfab0f3baba,1241,1241,52326191,2026-10-08T06:42:09Z,A,trace-verified native flows; all legs priced,INFERRED,0.218028,0_to_lt1,2,0x7681c00520c26da8d8970c21a65461c726f274068eb08743debc1178e697044e|0xaa3f41df57766197c15679db7db272058137b26b371b285813ecc620428a4c6c,ABSENT_NO_HOOK_ADDRESS,True,UniswapV3,True,PARTIAL_POOL_SET
0xf9b7f33ff602dc2e8676f8b39821c96cb2ee9be2eeba422c474de136a3c3b889,1245,1245,52326238,2026-10-08T06:43:43Z,B,"log-reconstructed (no native legs, no ext payouts); not trace-checked",MISSING,0.003826,0_to_lt1,1,0xc74218172a98fd8c3a82551a99ec399344ea2d8585e731febb3e3e51c881c3c8,ABSENT_NO_HOOK_ADDRESS,True,UniswapV3,True,UNMATCHED
0x4478a0e91d342ae1260b1a673b116bb4a2b1e74c094dd89340c8f1b4b8358265,1249,1249,52326291,2026-10-08T06:45:29Z,A,trace-verified native flows; all legs priced,MISSING,0.050218,0_to_lt1,3,0x5dac93ce0d7365518d3a41ec853ad32e9577cf16e287367cb0fb9bdc848c3e1e|0x6f3741139e087324fb023a1d5a1e038a343de15edba4409d6bf9c4b54db443ed|0x851f65bcdf6485f15047d4dea1cf8cb60ad1a815bbed7d2e8373a32b954045e4,TAGGED_HOOK_NO_ADDRESS,True,,True,UNMATCHABLE
0x7abd203b9a28d96d7fe1428062772e34ca4b230987423c291862104fb0f68e57,1252,1252,52326347,2026-10-08T06:47:21Z,B,"log-reconstructed (no native legs, no ext payouts); not trace-checked",INFERRED,0.837231,0_to_lt1,1,0x381c95740e3e5a23d66b9757ade02d85e8810e3711f20aaa15c37e06963ab747,ABSENT_NO_HOOK_ADDRESS,True,Aerodrome-V2|AlgebraIntegral@0xc5396866,True,UNMATCHED
0x2d71589cadf493d84a37bda4bd43ff045455486dab8d9ec56b60f856cf3c2e3a,1253,1253,52326349,2026-10-08T06:47:25Z,B,"log-reconstructed (no native legs, no ext payouts); not trace-checked",MISSING,0.016073,0_to_lt1,1,0x1a3a5d1c0e7282cfe8be8344c280410c6ddbe0f5ee0e7b17bedd635882b70e9f,ABSENT_NO_HOOK_ADDRESS,True,UniswapV3,True,UNMATCHED
0xda078891e4621f1550aa646088ff2f030ca7712d4f572535511ebcff294daf36,1255,1255,52326354,2026-10-08T06:47:35Z,B,"log-reconstructed (no native legs, no ext payouts); not trace-checked",MISSING,0.07199,0_to_lt1,1,0x49fff8ec544984d862c0c322c83bc0cfb7a9a953a7d4d4d352a2aff27f7602cf,ABSENT_NO_HOOK_ADDRESS,True,UniswapV3,True,UNMATCHED
0xcfa8c979972e9a7236e85d3bdf167b51e19b5687bb3b0e5578ca03fe3812700c,1256,1256,52326355,2026-10-08T06:47:37Z,B,"log-reconstructed (no native legs, no ext payouts); not trace-checked",MISSING,0.124373,0_to_lt1,1,0x7681c00520c26da8d8970c21a65461c726f274068eb08743debc1178e697044e,ABSENT_NO_HOOK_ADDRESS,True,UniswapV3,True,UNMATCHED
0x70d44bd888621cf611f8f7ad9f2df79c1893cb40ec6102a9d20b87d9b5834a36,1257,1257,52326357,2026-10-08T06:47:41Z,A,trace-verified native flows; all legs priced,INFERRED,0.203874,0_to_lt1,1,0x49fff8ec544984d862c0c322c83bc0cfb7a9a953a7d4d4d352a2aff27f7602cf,ABSENT_NO_HOOK_ADDRESS,True,UniswapV3,True,PARTIAL_POOL_SET
0x807a467e28804e28550f05ca905f4ec1ff3c4d289a35da7f0d2002b0825b7ab6,1258,1258,52326359,2026-10-08T06:47:45Z,A,trace-verified native flows; all legs priced,MISSING,0.16541,0_to_lt1,2,0x69bb25713e21822f9e7edaba191202bdb7a0001bae3f0b9bd9ad07a3ef6dc607|0xfba2c4592d32a4e2e6393b8898f9110b4e272983f4bd416b38f81672a17fe3dc,ABSENT_NO_HOOK_ADDRESS,True,UniswapV3,True,UNMATCHED
0x247f50e993c79e2555b70e07d1bcb19d0f48ce00b876d2cf5b38e31d64f52647,1259,1259,52326414,2026-10-08T06:49:35Z,B,"log-reconstructed (no native legs, no ext payouts); not trace-checked",MISSING,0.595101,0_to_lt1,2,0x69bb25713e21822f9e7edaba191202bdb7a0001bae3f0b9bd9ad07a3ef6dc607|0x7681c00520c26da8d8970c21a65461c726f274068eb08743debc1178e697044e,ABSENT_NO_HOOK_ADDRESS,True,UniswapV3,True,UNMATCHED
0xca0c76f1d9ea3f3ef03b6ef4a2cb68eb70712ff9a5ea60b1a7ebbb89c4d1f7a0,1264,1264,52326455,2026-10-08T06:50:57Z,B,"log-reconstructed (no native legs, no ext payouts); not trace-checked",MISSING,0.345047,0_to_lt1,1,0xfba2c4592d32a4e2e6393b8898f9110b4e272983f4bd416b38f81672a17fe3dc,ABSENT_NO_HOOK_ADDRESS,True,UniswapV3,True,UNMATCHED
0xda5c49e3fa3fd4eb24b30fe3aebf54287bf09f6c07d95a8b02da76fed3059e82,1265,1265,52326464,2026-10-08T06:51:15Z,A,trace-verified native flows; all legs priced,MISSING,0.074639,0_to_lt1,1,0x49fff8ec544984d862c0c322c83bc0cfb7a9a953a7d4d4d352a2aff27f7602cf,ABSENT_NO_HOOK_ADDRESS,True,UniswapV3,True,UNMATCHED
0x8f1debe4481be159cf4726ea3b2126c90cf465a875a088e7eef48c9d51b725f1,1266,1266,52326464,2026-10-08T06:51:15Z,B,"log-reconstructed (no native legs, no ext payouts); not trace-checked",MISSING,0.426003,0_to_lt1,1,0xfba2c4592d32a4e2e6393b8898f9110b4e272983f4bd416b38f81672a17fe3dc,ABSENT_NO_HOOK_ADDRESS,True,UniswapV3,True,UNMATCHED
0xe4fa2a12bc4999d373bd8fcf12e4ff2e84104eb7a9f12d8d1f3bb9973f8be636,1267,1267,52326471,2026-10-08T06:51:29Z,B,"log-reconstructed (no native legs, no ext payouts); not trace-checked",MISSING,0.113158,0_to_lt1,1,0xf13203ddbf2c9816a79b656a1a952521702715d92fea465b84ae2ed6e94a7f22,ABSENT_NO_HOOK_ADDRESS,True,UniswapV3,True,UNMATCHED
0xfb713274a791a0bc18353dd86943eabee6b9de3a84ba4e21c8bffcde149e7a55,1268,1268,52326504,2026-10-08T06:52:35Z,B,"log-reconstructed (no native legs, no ext payouts); not trace-checked",MISSING,0.215301,0_to_lt1,1,0x7681c00520c26da8d8970c21a65461c726f274068eb08743debc1178e697044e,ABSENT_NO_HOOK_ADDRESS,True,UniswapV3,True,UNMATCHED
0x01660c9335a471c916b606d7d9876f7ce352e5fe14c5dfa60c78b8e2ff3e9644,1277,1277,52326557,2026-10-08T06:54:21Z,B,"log-reconstructed (no native legs, no ext payouts); not trace-checked",MISSING,0.088964,0_to_lt1,1,0x158f310e4cdf0215319117db9bb7eb08f8b32c199c736718be7b8520028560e2,ABSENT_NO_HOOK_ADDRESS,True,Aerodrome-Slipstream2,True,UNMATCHED
0x18848fd355fa10039976cdc1ec8838427ec7f4f1617919f5daa48ba79fa8c138,1279,1279,52326601,2026-10-08T06:55:49Z,B,"log-reconstructed (no native legs, no ext payouts); not trace-checked",MISSING,0.243565,0_to_lt1,1,0xfba2c4592d32a4e2e6393b8898f9110b4e272983f4bd416b38f81672a17fe3dc,ABSENT_NO_HOOK_ADDRESS,True,UniswapV3,True,UNMATCHED
0x154cff06aad3a31465ccdf4e379f321d037e92143cff595253439a8c4d9efa8d,1280,1280,52326614,2026-10-08T06:56:15Z,B,"log-reconstructed (no native legs, no ext payouts); not trace-checked",MISSING,0.188577,0_to_lt1,1,0xfba2c4592d32a4e2e6393b8898f9110b4e272983f4bd416b38f81672a17fe3dc,ABSENT_NO_HOOK_ADDRESS,True,UniswapV3,True,UNMATCHED
0x5b614c0d81f3d6a754abea99ba17dff450a2c4f4a1e389403c37ab6d43a3cdd7,1281,1281,52326615,2026-10-08T06:56:17Z,B,"log-reconstructed (no native legs, no ext payouts); not trace-checked",MISSING,0.192606,0_to_lt1,1,0x7681c00520c26da8d8970c21a65461c726f274068eb08743debc1178e697044e,ABSENT_NO_HOOK_ADDRESS,True,UniswapV3,True,UNMATCHED
0x4a74a26f58e2e1549cc888eaaec669ae20b3feb7d59a1d22df61f9c7c8921746,1282,1282,52326616,2026-10-08T06:56:19Z,A,trace-verified native flows; all legs priced,INFERRED,0.074906,0_to_lt1,1,0x7681c00520c26da8d8970c21a65461c726f274068eb08743debc1178e697044e,ABSENT_NO_HOOK_ADDRESS,True,UniswapV3,True,PARTIAL_POOL_SET
0x3fef7c11a774ee794f338162aae35c14174468764e72dba1777d556bc3eca159,1283,1283,52326622,2026-10-08T06:56:31Z,B,"log-reconstructed (no native legs, no ext payouts); not trace-checked",MISSING,0.089265,0_to_lt1,1,0xfba2c4592d32a4e2e6393b8898f9110b4e272983f4bd416b38f81672a17fe3dc,ABSENT_NO_HOOK_ADDRESS,True,UniswapV3,True,UNMATCHED
0xe2ddf31720a47610bb86c9bb8a7c334b7ef91a7ad97327f136290f3a78b677cf,1284,1284,52326622,2026-10-08T06:56:31Z,B,"log-reconstructed (no native legs, no ext payouts); not trace-checked",MISSING,0.105564,0_to_lt1,1,0xfba2c4592d32a4e2e6393b8898f9110b4e272983f4bd416b38f81672a17fe3dc,ABSENT_NO_HOOK_ADDRESS,True,UniswapV3,True,UNMATCHED
0xfbf902f5df0850a2178f9de4fb7eb95b70de82d95f020ae8a216098e7d5a5415,1285,1285,52326628,2026-10-08T06:56:43Z,B,"log-reconstructed (no native legs, no ext payouts); not trace-checked",MISSING,0.182514,0_to_lt1,1,0xfba2c4592d32a4e2e6393b8898f9110b4e272983f4bd416b38f81672a17fe3dc,ABSENT_NO_HOOK_ADDRESS,True,UniswapV3,True,UNMATCHED
0x3521c55cb5baa266f584ffeb6ad479499c04157eaa98314bd21db8db9aa1ec7e,1289,1289,52326688,2026-10-08T06:58:43Z,B,"log-reconstructed (no native legs, no ext payouts); not trace-checked",INFERRED,0.074641,0_to_lt1,1,0xfba2c4592d32a4e2e6393b8898f9110b4e272983f4bd416b38f81672a17fe3dc,ABSENT_NO_HOOK_ADDRESS,True,UniswapV3,True,UNMATCHED
0x19961c4f8eb489d68c2933999fc6c77abecc99dde40333bda551bf1226ba8756,1290,1290,52326692,2026-10-08T06:58:51Z,A,trace-verified native flows; all legs priced,INFERRED,0.23942,0_to_lt1,1,0x7681c00520c26da8d8970c21a65461c726f274068eb08743debc1178e697044e,ABSENT_NO_HOOK_ADDRESS,True,UniswapV3,True,PARTIAL_POOL_SET
0x1f0a20876a6d861562c9b04c2bb96d1dbb4623b948470b68b2fe0be9ca09ffa5,1291,1291,52326692,2026-10-08T06:58:51Z,B,"log-reconstructed (no native legs, no ext payouts); not trace-checked",MISSING,0.189418,0_to_lt1,1,0x7681c00520c26da8d8970c21a65461c726f274068eb08743debc1178e697044e,ABSENT_NO_HOOK_ADDRESS,True,UniswapV3,True,UNMATCHED
0x2caa31a3ab0d5e40dff078c7bf570067ad14d049983d02daa72a3685528c27b9,1292,1292,52326693,2026-10-08T06:58:53Z,A,trace-verified native flows; all legs priced,INFERRED,0.058336,0_to_lt1,1,0x7681c00520c26da8d8970c21a65461c726f274068eb08743debc1178e697044e,ABSENT_NO_HOOK_ADDRESS,True,UniswapV3,True,PARTIAL_POOL_SET
0x371abd0450398d177ea7a5f0aa597d9afdbffe2f709c40e0269f063023e5f9c2,1293,1293,52326704,2026-10-08T06:59:15Z,B,"log-reconstructed (no native legs, no ext payouts); not trace-checked",MISSING,0.08843,0_to_lt1,1,0xfba2c4592d32a4e2e6393b8898f9110b4e272983f4bd416b38f81672a17fe3dc,ABSENT_NO_HOOK_ADDRESS,True,UniswapV3,True,UNMATCHED
0x605ab1bc47356ea2a45cf5b5f88ea9f170f34d40e4220cb2288303d02db99a82,1294,1294,52326710,2026-10-08T06:59:27Z,B,"log-reconstructed (no native legs, no ext payouts); not trace-checked",MISSING,0.130025,0_to_lt1,1,0xf13203ddbf2c9816a79b656a1a952521702715d92fea465b84ae2ed6e94a7f22,ABSENT_NO_HOOK_ADDRESS,True,UniswapV3,True,UNMATCHED
0x20a8c295b69d61193227de07893205e9a774023bec61d8d34a9a739bec91edcf,1295,1295,52326710,2026-10-08T06:59:27Z,A,trace-verified native flows; all legs priced,INFERRED,0.398581,0_to_lt1,1,0xfba2c4592d32a4e2e6393b8898f9110b4e272983f4bd416b38f81672a17fe3dc,ABSENT_NO_HOOK_ADDRESS,True,UniswapV3,True,PARTIAL_POOL_SET
0xbee25549696cb420d2721b6702f7e756ebae808ed71d910d852165e445b774f7,1296,1296,52326711,2026-10-08T06:59:29Z,B,"log-reconstructed (no native legs, no ext payouts); not trace-checked",MISSING,0.267607,0_to_lt1,1,0xfba2c4592d32a4e2e6393b8898f9110b4e272983f4bd416b38f81672a17fe3dc,ABSENT_NO_HOOK_ADDRESS,True,UniswapV3,True,UNMATCHED
0x4c4786ab4baf56d5d3bc7121ef96e393cd4330588f9bf5b0850d854dc9aabe0b,1297,1297,52326716,2026-10-08T06:59:39Z,B,"log-reconstructed (no native legs, no ext payouts); not trace-checked",MISSING,0.085588,0_to_lt1,1,0xfba2c4592d32a4e2e6393b8898f9110b4e272983f4bd416b38f81672a17fe3dc,ABSENT_NO_HOOK_ADDRESS,True,UniswapV3,True,UNMATCHED
0x5c09568c9a0f9f92df35448b75e1fbd619cb5893c772c474fb7fe9fd5ac70571,1298,1298,52326716,2026-10-08T06:59:39Z,A,trace-verified native flows; all legs priced,INFERRED,0.350643,0_to_lt1,1,0x7681c00520c26da8d8970c21a65461c726f274068eb08743debc1178e697044e,ABSENT_NO_HOOK_ADDRESS,True,UniswapV3,True,PARTIAL_POOL_SET
0x477dff27712752ec40e61f907007db0c0ab105d73d651efa778d325e67cc2ff5,1299,1299,52326716,2026-10-08T06:59:39Z,B,"log-reconstructed (no native legs, no ext payouts); not trace-checked",MISSING,0.138336,0_to_lt1,1,0xfba2c4592d32a4e2e6393b8898f9110b4e272983f4bd416b38f81672a17fe3dc,ABSENT_NO_HOOK_ADDRESS,True,UniswapV3,True,UNMATCHED
0x0883cbb4a021dca21986ce0955d297b6311dd8a3534dd2e03a55c6a874a16433,1300,1300,52326729,2026-10-08T07:00:05Z,B,"log-reconstructed (no native legs, no ext payouts); not trace-checked",MISSING,0.47693,0_to_lt1,1,0xfba2c4592d32a4e2e6393b8898f9110b4e272983f4bd416b38f81672a17fe3dc,ABSENT_NO_HOOK_ADDRESS,True,UniswapV3,True,UNMATCHED
0x557cc84bebf9f7b8de534fc045383adb5a0120411044c2b0510988595c8fd39b,1308,1308,52326807,2026-10-08T07:02:41Z,A,trace-verified native flows; all legs priced,INFERRED,0.564705,0_to_lt1,1,0xfba2c4592d32a4e2e6393b8898f9110b4e272983f4bd416b38f81672a17fe3dc,ABSENT_NO_HOOK_ADDRESS,True,Aerodrome-Slipstream3|UniswapV3,True,PARTIAL_POOL_SET
0xc0449a31ec312febcdacee5bb1bb739ac0fdd4d666f71948f0db7899f3696e37,1309,1309,52326843,2026-10-08T07:03:53Z,D,cyclic_v4_unresolved,INFERRED,,kept_null,1,0x52eef2e3d0dad69b59298a65cbe00e38542d230143161360694fd745f097afd4,ABSENT_NO_HOOK_ADDRESS,True,Aerodrome-Slipstream|UniswapV3,True,UNMATCHED
0xeda6bbee9292d624a5e36a0fa648e23c970b0df7ff5729a6487ee678cfa32462,1310,1310,52326845,2026-10-08T07:03:57Z,B,"log-reconstructed (no native legs, no ext payouts); not trace-checked",MISSING,0.076025,0_to_lt1,1,0x7681c00520c26da8d8970c21a65461c726f274068eb08743debc1178e697044e,ABSENT_NO_HOOK_ADDRESS,True,UniswapV3,True,UNMATCHED
0xdcec10175dbde6445d64162a0a5e0de1a2c0d33970cc7e86aa36c3a99e9bfef6,1311,1311,52326846,2026-10-08T07:03:59Z,B,"log-reconstructed (no native legs, no ext payouts); not trace-checked",MISSING,0.248703,0_to_lt1,1,0xfba2c4592d32a4e2e6393b8898f9110b4e272983f4bd416b38f81672a17fe3dc,ABSENT_NO_HOOK_ADDRESS,True,UniswapV3,True,UNMATCHED
0xea26e4488f310800f6989e821e1d564f2bde4030df0154321d3fbea45ed8e1b1,1312,1312,52326847,2026-10-08T07:04:01Z,B,"log-reconstructed (no native legs, no ext payouts); not trace-checked",MISSING,0.25972,0_to_lt1,1,0x7681c00520c26da8d8970c21a65461c726f274068eb08743debc1178e697044e,ABSENT_NO_HOOK_ADDRESS,True,UniswapV3,True,UNMATCHED
0x8458bb5dee72f6e820299f0f17fdf8c87f05d2a7c913934dbedfaca75447d579,1313,1313,52326847,2026-10-08T07:04:01Z,A,trace-verified native flows; all legs priced,INFERRED,0.179896,0_to_lt1,1,0x7681c00520c26da8d8970c21a65461c726f274068eb08743debc1178e697044e,ABSENT_NO_HOOK_ADDRESS,True,UniswapV3,True,PARTIAL_POOL_SET
0x460cdd556a1f6b18ee19cd6402c3c10d76f8c9016533141fa7325eab3eb53f1b,1316,1316,52326884,2026-10-08T07:05:15Z,B,"log-reconstructed (no native legs, no ext payouts); not trace-checked",MISSING,0.29116,0_to_lt1,1,0x7681c00520c26da8d8970c21a65461c726f274068eb08743debc1178e697044e,ABSENT_NO_HOOK_ADDRESS,True,UniswapV3,True,UNMATCHED
0x33ad463879e50463770f86a2fb6d79f6365e25ebac4373241ca22b231c0db4ab,1317,1317,52326913,2026-10-08T07:06:13Z,B,"log-reconstructed (no native legs, no ext payouts); not trace-checked",MISSING,0.419409,0_to_lt1,1,0xfba2c4592d32a4e2e6393b8898f9110b4e272983f4bd416b38f81672a17fe3dc,ABSENT_NO_HOOK_ADDRESS,True,UniswapV3,True,UNMATCHED
0xa60033dfc349cf90f4552a82b87c58b12b1f38753ca3202cc3e12a1416ac7c3d,1318,1318,52326919,2026-10-08T07:06:25Z,B,"log-reconstructed (no native legs, no ext payouts); not trace-checked",MISSING,0.253639,0_to_lt1,1,0xfba2c4592d32a4e2e6393b8898f9110b4e272983f4bd416b38f81672a17fe3dc,ABSENT_NO_HOOK_ADDRESS,True,UniswapV3,True,UNMATCHED
0x1f85073617ab4678e14bd11e13272b9f20396cd34aee29194e58c7b92b8eeb87,1319,1319,52326924,2026-10-08T07:06:35Z,B,"log-reconstructed (no native legs, no ext payouts); not trace-checked",MISSING,0.083537,0_to_lt1,1,0x49fff8ec544984d862c0c322c83bc0cfb7a9a953a7d4d4d352a2aff27f7602cf,ABSENT_NO_HOOK_ADDRESS,True,UniswapV3,True,UNMATCHED
0xabd0e391017197a201bf5ebdccfc147c5797803b321bb44a78231b7f9c08eab6,1320,1320,52326931,2026-10-08T07:06:49Z,B,"log-reconstructed (no native legs, no ext payouts); not trace-checked",MISSING,0.256137,0_to_lt1,1,0xfba2c4592d32a4e2e6393b8898f9110b4e272983f4bd416b38f81672a17fe3dc,ABSENT_NO_HOOK_ADDRESS,True,UniswapV3,True,UNMATCHED
0xd29acdcda3f5928bd48e65874314f87a4c79a032015e131d21067767c59246e2,1325,1325,52326936,2026-10-08T07:06:59Z,B,"log-reconstructed (no native legs, no ext payouts); not trace-checked",MISSING,0.226457,0_to_lt1,1,0xfba2c4592d32a4e2e6393b8898f9110b4e272983f4bd416b38f81672a17fe3dc,ABSENT_NO_HOOK_ADDRESS,True,UniswapV3,True,UNMATCHED
0xff6b1ff4a8b110ee2a16ea851d9c911cac1929352cc8b81374701356431f4e06,1329,1329,52326961,2026-10-08T07:07:49Z,B,"log-reconstructed (no native legs, no ext payouts); not trace-checked",MISSING,0.472769,0_to_lt1,1,0xfba2c4592d32a4e2e6393b8898f9110b4e272983f4bd416b38f81672a17fe3dc,ABSENT_NO_HOOK_ADDRESS,True,UniswapV3,True,UNMATCHED
0xc8171060fb08d1747e945419b1c80e8635e40942edeae65c2997c667c27e7d89,1330,1330,52326976,2026-10-08T07:08:19Z,B,"log-reconstructed (no native legs, no ext payouts); not trace-checked",MISSING,0.165461,0_to_lt1,1,0xfba2c4592d32a4e2e6393b8898f9110b4e272983f4bd416b38f81672a17fe3dc,ABSENT_NO_HOOK_ADDRESS,True,UniswapV3,True,UNMATCHED
0x4c48198a099f2f5e4451cd1c809d93e3a1762645b4fb524c8c97b14119be372b,1331,1331,52326976,2026-10-08T07:08:19Z,B,"log-reconstructed (no native legs, no ext payouts); not trace-checked",MISSING,0.151621,0_to_lt1,1,0xfba2c4592d32a4e2e6393b8898f9110b4e272983f4bd416b38f81672a17fe3dc,ABSENT_NO_HOOK_ADDRESS,True,UniswapV3,True,UNMATCHED
0xc8f35f580ae7bb15ed8d135de908a8e7a7090883d0e7f77299a5034f307fa266,1332,1332,52326976,2026-10-08T07:08:19Z,B,"log-reconstructed (no native legs, no ext payouts); not trace-checked",MISSING,0.133971,0_to_lt1,1,0x49fff8ec544984d862c0c322c83bc0cfb7a9a953a7d4d4d352a2aff27f7602cf,ABSENT_NO_HOOK_ADDRESS,True,UniswapV3,True,UNMATCHED
0x4f468a1c3a41c446879d65ac2fa6498e706b874c278d649aaf337fdf7198f078,1333,1333,52326978,2026-10-08T07:08:23Z,A,trace-verified native flows; all legs priced,INFERRED,0.199011,0_to_lt1,1,0x7681c00520c26da8d8970c21a65461c726f274068eb08743debc1178e697044e,ABSENT_NO_HOOK_ADDRESS,True,UniswapV3,True,PARTIAL_POOL_SET
0xe21e03bc8c7227bc0ef0f3c6b03b3b4561b7144fe9869c2e9de2140f957d711f,1334,1334,52326978,2026-10-08T07:08:23Z,A,trace-verified native flows; all legs priced,INFERRED,0.176568,0_to_lt1,1,0x7681c00520c26da8d8970c21a65461c726f274068eb08743debc1178e697044e,ABSENT_NO_HOOK_ADDRESS,True,UniswapV3,True,PARTIAL_POOL_SET
0x709c3d7a1794f6f35d2f7e670761586d8f0ac3341f19e3036fce5463d271c388,1338,1338,52327008,2026-10-08T07:09:23Z,A,trace-verified native flows; all legs priced,INFERRED,0.173766,0_to_lt1,1,0xf13203ddbf2c9816a79b656a1a952521702715d92fea465b84ae2ed6e94a7f22,ABSENT_NO_HOOK_ADDRESS,True,UniswapV3,True,PARTIAL_POOL_SET
0x1c19f64d0b993e2f904c592ceb4554dbf4cd14c4ead3c3363874dedf79d877ca,1339,1339,52327008,2026-10-08T07:09:23Z,B,"log-reconstructed (no native legs, no ext payouts); not trace-checked",MISSING,0.21822,0_to_lt1,1,0xfba2c4592d32a4e2e6393b8898f9110b4e272983f4bd416b38f81672a17fe3dc,ABSENT_NO_HOOK_ADDRESS,True,UniswapV3,True,UNMATCHED
0x36ee9dde03a20319b9dde5b0098026ff91b7686431db7ec135059732b6dc6eef,1340,1340,52327009,2026-10-08T07:09:25Z,A,trace-verified native flows; all legs priced,INFERRED,0.21653,0_to_lt1,1,0xfba2c4592d32a4e2e6393b8898f9110b4e272983f4bd416b38f81672a17fe3dc,ABSENT_NO_HOOK_ADDRESS,True,UniswapV3,True,PARTIAL_POOL_SET
0x608b9c3e13610bb513f4158ef4d5a4f561ccb71529943f2df37c81a6b8367314,1342,1342,52327012,2026-10-08T07:09:31Z,D,cyclic_v4_unresolved,INFERRED,,kept_null,1,0xeb30711810ba69e0286d70c1dec2633966f6c9eaa9be0151dae87b3e6dd4bce6,ABSENT_NO_HOOK_ADDRESS,True,Aerodrome-Slipstream|Aerodrome-Slipstream2|Aerodrome-V2|UniswapV3,True,UNMATCHED
0xba2d06e8f6b2b134355eb88c109a8b70fd525e4fb84564f83350a64d88ab2e1b,1345,1345,52327020,2026-10-08T07:09:47Z,B,"log-reconstructed (no native legs, no ext payouts); not trace-checked",MISSING,0.204991,0_to_lt1,1,0xfba2c4592d32a4e2e6393b8898f9110b4e272983f4bd416b38f81672a17fe3dc,ABSENT_NO_HOOK_ADDRESS,True,UniswapV3,True,UNMATCHED
0x4fa44909834137a634df654bb5ee8e06e030f778a0712637126310acdcfb4ba6,1346,1346,52327059,2026-10-08T07:11:05Z,B,"log-reconstructed (no native legs, no ext payouts); not trace-checked",MISSING,0.080884,0_to_lt1,1,0xe1d05fe2b899df927bc67e5eedaccb95d06bf7c769ed68469bb773615f2401f8,ABSENT_NO_HOOK_ADDRESS,True,UniswapV3,True,UNMATCHED
0xc5e91784a45628df8c1164d68464ee7350a16d380167673b9e1ea92ec8a589fb,1347,1347,52327060,2026-10-08T07:11:07Z,B,"log-reconstructed (no native legs, no ext payouts); not trace-checked",MISSING,0.143982,0_to_lt1,1,0x7681c00520c26da8d8970c21a65461c726f274068eb08743debc1178e697044e,ABSENT_NO_HOOK_ADDRESS,True,UniswapV3,True,UNMATCHED
0x9b7255eebe377572305350bbc37c5a8815b03215b05d009d384ed1965002ad32,1348,1348,52327062,2026-10-08T07:11:11Z,A,trace-verified native flows; all legs priced,INFERRED,0.201645,0_to_lt1,1,0x7681c00520c26da8d8970c21a65461c726f274068eb08743debc1178e697044e,ABSENT_NO_HOOK_ADDRESS,True,UniswapV3,True,PARTIAL_POOL_SET
0x139a0eb0fdf0e8ac3471b8adb484b55b48e6a9b98f1705f0fc3430bdc81f7304,1349,1349,52327063,2026-10-08T07:11:13Z,D,cyclic_unknown_venue,MISSING,,kept_null,1,0xbb2aefc6c55a0464b944c0478869527ba1a537f05f90a1bb82e1196c6e9403e2,ABSENT_NO_HOOK_ADDRESS,False,PancakeV3,False,UNMATCHED
0x5975228022b31440b838fc849f527c6ca2fbdbd216e8249feee0b291161df55e,1351,1351,52327079,2026-10-08T07:11:45Z,B,"log-reconstructed (no native legs, no ext payouts); not trace-checked",MISSING,0.147154,0_to_lt1,1,0xfba2c4592d32a4e2e6393b8898f9110b4e272983f4bd416b38f81672a17fe3dc,ABSENT_NO_HOOK_ADDRESS,True,UniswapV3,True,UNMATCHED
0x50ebcdd59fd543272d282d7c29754ce2ee081b7fe22e348530d97f2273af5a0c,1352,1352,52327080,2026-10-08T07:11:47Z,A,trace-verified native flows; all legs priced,INFERRED,0.242289,0_to_lt1,1,0x49fff8ec544984d862c0c322c83bc0cfb7a9a953a7d4d4d352a2aff27f7602cf,ABSENT_NO_HOOK_ADDRESS,True,Aerodrome-Slipstream3|UniswapV3,True,PARTIAL_POOL_SET
0x210ff98df95dac23b72a2a4c9414fc536a02b2e65aa4cfc3a1227549e049f2de,1356,1356,52327166,2026-10-08T07:14:39Z,B,"log-reconstructed (no native legs, no ext payouts); not trace-checked",MISSING,0.110762,0_to_lt1,1,0x49fff8ec544984d862c0c322c83bc0cfb7a9a953a7d4d4d352a2aff27f7602cf,ABSENT_NO_HOOK_ADDRESS,True,UniswapV3,True,UNMATCHED
0x7921d387b559b8ed65afeffecedfdfd492c64a3ea8fd206dd018de98323cd440,1365,1365,52327195,2026-10-08T07:15:37Z,A,trace-verified native flows; all legs priced,MISSING,0.080979,0_to_lt1,1,0x49fff8ec544984d862c0c322c83bc0cfb7a9a953a7d4d4d352a2aff27f7602cf,ABSENT_NO_HOOK_ADDRESS,True,UniswapV3,True,UNMATCHED
0x04cf36a7d62ba7d525f021a30677b1827bf9002e4f8967a0644a1a33841781b0,1366,1366,52327197,2026-10-08T07:15:41Z,A,trace-verified native flows; all legs priced,MISSING,0.111595,0_to_lt1,1,0x49fff8ec544984d862c0c322c83bc0cfb7a9a953a7d4d4d352a2aff27f7602cf,ABSENT_NO_HOOK_ADDRESS,True,Aerodrome-Slipstream3|UniswapV3,True,UNMATCHED
0x30c7f0339417ed3fa69ea2b2f7b61561393d84d5db3655dbcaedf04b2bd29336,1368,1368,52327220,2026-10-08T07:16:27Z,B,"log-reconstructed (no native legs, no ext payouts); not trace-checked",MISSING,0.005758,0_to_lt1,1,0xaa3f41df57766197c15679db7db272058137b26b371b285813ecc620428a4c6c,ABSENT_NO_HOOK_ADDRESS,True,UniswapV3,True,UNMATCHED
0x9214edb12a885cf598d338b198ba0b916808a65018a4a41ce894ecd86e17abd6,1370,1370,52327231,2026-10-08T07:16:49Z,B,"log-reconstructed (no native legs, no ext payouts); not trace-checked",MISSING,0.208203,0_to_lt1,1,0xaa3f41df57766197c15679db7db272058137b26b371b285813ecc620428a4c6c,ABSENT_NO_HOOK_ADDRESS,True,Aerodrome-Slipstream3,True,UNMATCHED
0x029a5d79db3e0b0e46019e9707c61beeeefe3e750bcaa234d0d64a543628f3c5,1371,1371,52327245,2026-10-08T07:17:17Z,A,trace-verified native flows; all legs priced,INFERRED,0.225685,0_to_lt1,1,0xaa3f41df57766197c15679db7db272058137b26b371b285813ecc620428a4c6c,ABSENT_NO_HOOK_ADDRESS,True,UniswapV3,True,PARTIAL_POOL_SET
0x7d84c77f41b80eed69fdd22da30c6bb9f325d0610a680290849fede8b9e11f95,1372,1372,52327249,2026-10-08T07:17:25Z,B,"log-reconstructed (no native legs, no ext payouts); not trace-checked",INFERRED,0.075293,0_to_lt1,1,0xaa3f41df57766197c15679db7db272058137b26b371b285813ecc620428a4c6c,ABSENT_NO_HOOK_ADDRESS,True,UniswapV3,True,UNMATCHED
0x806a4d259078f357beb648069f55c35c1c0be45d009c1bb12a8bb3afa39688d2,1373,1373,52327251,2026-10-08T07:17:29Z,B,"log-reconstructed (no native legs, no ext payouts); not trace-checked",MISSING,0.153142,0_to_lt1,1,0xaa3f41df57766197c15679db7db272058137b26b371b285813ecc620428a4c6c,ABSENT_NO_HOOK_ADDRESS,True,Aerodrome-Slipstream3,True,UNMATCHED
0x91077c52a90c30a9298afa4e358bfcb091cc59949041f256449a60f223f27ad3,1374,1374,52327253,2026-10-08T07:17:33Z,A,trace-verified native flows; all legs priced,INFERRED,0.309311,0_to_lt1,1,0xaa3f41df57766197c15679db7db272058137b26b371b285813ecc620428a4c6c,ABSENT_NO_HOOK_ADDRESS,True,UniswapV3,True,PARTIAL_POOL_SET
0xf0770fb3d403930ac899972b7e4a6b11086ba9a8cac1f1c3978a01172f7bcddd,1376,1376,52327267,2026-10-08T07:18:01Z,A,trace-verified native flows; all legs priced,INFERRED,0.384328,0_to_lt1,1,0xaa3f41df57766197c15679db7db272058137b26b371b285813ecc620428a4c6c,ABSENT_NO_HOOK_ADDRESS,True,UniswapV3,True,PARTIAL_POOL_SET
0xa27a50c63ed6382645c2ed4083a42a57efd6b3cab29df9dced1ff4538b8e177a,1378,1378,52327268,2026-10-08T07:18:03Z,D,cyclic_v4_unresolved,MISSING,,kept_null,1,0x96d4b53a38337a5733179751781178a2613306063c511b78cd02684739288c0a,ABSENT_NO_HOOK_ADDRESS,True,UniswapV3|V2-type@0x2ee28d1b,True,UNMATCHED
0xf6530c55d43aa5d841d05cca286e542e6b8a55ad77caf0244e2627917f6c6645,1381,1381,52327277,2026-10-08T07:18:21Z,B,"log-reconstructed (no native legs, no ext payouts); not trace-checked",INFERRED,0.216404,0_to_lt1,1,0xaa3f41df57766197c15679db7db272058137b26b371b285813ecc620428a4c6c,ABSENT_NO_HOOK_ADDRESS,True,UniswapV3,True,UNMATCHED
0x843750858a364aebd0e7602078fecd3d9a463e6f2a3b3a66108ef80b4211a0e7,1382,1382,52327278,2026-10-08T07:18:23Z,B,"log-reconstructed (no native legs, no ext payouts); not trace-checked",MISSING,0.221414,0_to_lt1,1,0xaa3f41df57766197c15679db7db272058137b26b371b285813ecc620428a4c6c,ABSENT_NO_HOOK_ADDRESS,True,UniswapV3,True,UNMATCHED
0xbbf83ee23de23eb68c86e5cfc6ba800c175d7cf508f424f5935be41f861b49d2,1385,1385,52327289,2026-10-08T07:18:45Z,B,"log-reconstructed (no native legs, no ext payouts); not trace-checked",MISSING,0.145427,0_to_lt1,1,0xaa3f41df57766197c15679db7db272058137b26b371b285813ecc620428a4c6c,ABSENT_NO_HOOK_ADDRESS,True,UniswapV3,True,UNMATCHED
0x7d003a74306877c437bba9830fc11a1ee8a125a2f67afe61c10f484c6ac30b29,1386,1386,52327292,2026-10-08T07:18:51Z,B,"log-reconstructed (no native legs, no ext payouts); not trace-checked",MISSING,0.195093,0_to_lt1,1,0xaa3f41df57766197c15679db7db272058137b26b371b285813ecc620428a4c6c,ABSENT_NO_HOOK_ADDRESS,True,UniswapV3,True,UNMATCHED
0x3ae6df378450f5c053735035704ee05d8e019a94884ae15048c5a3d463d6d0c8,1391,1391,52327317,2026-10-08T07:19:41Z,B,"log-reconstructed (no native legs, no ext payouts); not trace-checked",INFERRED,0.142417,0_to_lt1,1,0xaa3f41df57766197c15679db7db272058137b26b371b285813ecc620428a4c6c,ABSENT_NO_HOOK_ADDRESS,True,UniswapV3,True,UNMATCHED
0x6a998453c73321bcd42ec47df763c18441eab00a612ba1ebd5d93aa8ce5fee17,1392,1392,52327325,2026-10-08T07:19:57Z,B,"log-reconstructed (no native legs, no ext payouts); not trace-checked",MISSING,0.017156,0_to_lt1,2,0x8873f47a83c04a2cbc25e29fc3bb471ec8677016841b82ab9252dc83a12a7dfd|0xa653db5263f7421fc7b80bc67111a05e7ac80e6de73858d929247bf9701b4d33,ABSENT_NO_HOOK_ADDRESS,True,,True,UNMATCHABLE
0x688a9a3936b7ba11ceac160130607dbe613bb3f5fa6c715d3b615f262eb0cbdb,1393,1393,52327325,2026-10-08T07:19:57Z,B,"log-reconstructed (no native legs, no ext payouts); not trace-checked",MISSING,0.155434,0_to_lt1,2,0x5ade4f256b4e5f01806b7e429f71875f6526e32a988054b1bcf31508572b4757|0xa653db5263f7421fc7b80bc67111a05e7ac80e6de73858d929247bf9701b4d33,ABSENT_NO_HOOK_ADDRESS,True,,True,UNMATCHABLE
0xbd982a7938e8c68a7b6e94b35802dd3eae594c0effcda7519fe8c82112a5dae6,1398,1398,52327403,2026-10-08T07:22:33Z,B,"log-reconstructed (no native legs, no ext payouts); not trace-checked",MISSING,0.111043,0_to_lt1,1,0xaa3f41df57766197c15679db7db272058137b26b371b285813ecc620428a4c6c,ABSENT_NO_HOOK_ADDRESS,True,UniswapV3,True,UNMATCHED
0x606d6a4aebb6e1d8b31518d0d776ce7b6dc9384e247d2d18b0b624649de09327,1399,1399,52327409,2026-10-08T07:22:45Z,B,"log-reconstructed (no native legs, no ext payouts); not trace-checked",MISSING,0.305976,0_to_lt1,1,0xaa3f41df57766197c15679db7db272058137b26b371b285813ecc620428a4c6c,ABSENT_NO_HOOK_ADDRESS,True,UniswapV3,True,UNMATCHED
0x3d6dff53c252c30eeada5e7ab1296b86a50107e34f2185ef4891c9c6983051c7,1401,1401,52327411,2026-10-08T07:22:49Z,B,"log-reconstructed (no native legs, no ext payouts); not trace-checked",MISSING,0.332597,0_to_lt1,1,0xaa3f41df57766197c15679db7db272058137b26b371b285813ecc620428a4c6c,ABSENT_NO_HOOK_ADDRESS,True,UniswapV3,True,UNMATCHED
0xed5469dcf3058772c7592e3d96df452b2fcd96248b9fea3ee41043598279526f,1402,1402,52327417,2026-10-08T07:23:01Z,B,"log-reconstructed (no native legs, no ext payouts); not trace-checked",MISSING,0.079776,0_to_lt1,1,0xfba2c4592d32a4e2e6393b8898f9110b4e272983f4bd416b38f81672a17fe3dc,ABSENT_NO_HOOK_ADDRESS,True,UniswapV3,True,UNMATCHED
0x8d3ac3d6f1a58d380a0cdc0605e6d5a67de843644fdb7831176bc19802766e5f,1403,1403,52327417,2026-10-08T07:23:01Z,A,trace-verified native flows; all legs priced,INFERRED,0.231692,0_to_lt1,1,0xaa3f41df57766197c15679db7db272058137b26b371b285813ecc620428a4c6c,ABSENT_NO_HOOK_ADDRESS,True,UniswapV3,True,PARTIAL_POOL_SET
0x54159a411ec54872f5a2825fe52617d0c08b1ebd8204133f71ae3d981480d38f,1404,1404,52327417,2026-10-08T07:23:01Z,A,trace-verified native flows; all legs priced,INFERRED,0.258551,0_to_lt1,1,0xaa3f41df57766197c15679db7db272058137b26b371b285813ecc620428a4c6c,ABSENT_NO_HOOK_ADDRESS,True,UniswapV3,True,PARTIAL_POOL_SET
0xcf86c29e1d627bc7301c6bfda53cbdb0b4f0ce653ec87a9c8c27ada85225650b,1407,1407,52327420,2026-10-08T07:23:07Z,D,cyclic_unknown_venue,VERIFIED,,kept_null,1,0xbb2aefc6c55a0464b944c0478869527ba1a537f05f90a1bb82e1196c6e9403e2,ABSENT_NO_HOOK_ADDRESS,False,UniswapV3,False,UNMATCHED
0x5d23a2788ac4275591972a29c8bd262e5b5075db847730786b65e5787fcff081,1411,1411,52327420,2026-10-08T07:23:07Z,B,"log-reconstructed (no native legs, no ext payouts); not trace-checked",INFERRED,0.114868,0_to_lt1,1,0xaa3f41df57766197c15679db7db272058137b26b371b285813ecc620428a4c6c,ABSENT_NO_HOOK_ADDRESS,True,UniswapV3,True,UNMATCHED
0x54ae49f24166f5d6d3e771af61ddb0935e27a1519e43ae8092b180bae0a3f0b1,1412,1412,52327423,2026-10-08T07:23:13Z,B,"log-reconstructed (no native legs, no ext payouts); not trace-checked",MISSING,0.302384,0_to_lt1,1,0xaa3f41df57766197c15679db7db272058137b26b371b285813ecc620428a4c6c,ABSENT_NO_HOOK_ADDRESS,True,Aerodrome-Slipstream3,True,UNMATCHED
0xb071c82540c940aa5cd3b5dcf95ff7a5c491de5bf8eb8040cf307810fba65b61,1413,1413,52327423,2026-10-08T07:23:13Z,A,trace-verified native flows; all legs priced,INFERRED,0.172534,0_to_lt1,1,0xaa3f41df57766197c15679db7db272058137b26b371b285813ecc620428a4c6c,ABSENT_NO_HOOK_ADDRESS,True,UniswapV3,True,PARTIAL_POOL_SET
0x32fd65b62b490c4f8093f332400cc309427578ac50fc90eb9109ad394d5e5817,1415,1415,52327453,2026-10-08T07:24:13Z,B,"log-reconstructed (no native legs, no ext payouts); not trace-checked",MISSING,0.079402,0_to_lt1,1,0x7681c00520c26da8d8970c21a65461c726f274068eb08743debc1178e697044e,ABSENT_NO_HOOK_ADDRESS,True,UniswapV3,True,UNMATCHED
0x23f8b51623b475233b22c70dc5478335b14b5f47b50cae8078bd205b42aa9cf1,1418,1418,52327501,2026-10-08T07:25:49Z,B,"log-reconstructed (no native legs, no ext payouts); not trace-checked",MISSING,0.08178,0_to_lt1,1,0xfba2c4592d32a4e2e6393b8898f9110b4e272983f4bd416b38f81672a17fe3dc,ABSENT_NO_HOOK_ADDRESS,True,UniswapV3,True,UNMATCHED
0x92ac9606cafced12b3e8e2e81d5b4a5a76b7b099d07a2564027a2542f3500602,1420,1420,52327507,2026-10-08T07:26:01Z,B,"log-reconstructed (no native legs, no ext payouts); not trace-checked",MISSING,0.290427,0_to_lt1,1,0xfba2c4592d32a4e2e6393b8898f9110b4e272983f4bd416b38f81672a17fe3dc,ABSENT_NO_HOOK_ADDRESS,True,UniswapV3,True,UNMATCHED
0xf04b8808b9778583e7afbc47e1d0cbae9867630d0b4a103da7b478e67326f322,1422,1422,52327512,2026-10-08T07:26:11Z,B,"log-reconstructed (no native legs, no ext payouts); not trace-checked",MISSING,0.221885,0_to_lt1,1,0xfba2c4592d32a4e2e6393b8898f9110b4e272983f4bd416b38f81672a17fe3dc,ABSENT_NO_HOOK_ADDRESS,True,UniswapV3,True,UNMATCHED
0x2fdd95d3fed43da0bf5db5a68d7cd510d54eacdcc2f434f69b08f3f87b4dd5cf,1423,1423,52327513,2026-10-08T07:26:13Z,A,trace-verified native flows; all legs priced,INFERRED,0.193388,0_to_lt1,1,0xfba2c4592d32a4e2e6393b8898f9110b4e272983f4bd416b38f81672a17fe3dc,ABSENT_NO_HOOK_ADDRESS,True,UniswapV3,True,PARTIAL_POOL_SET
0x8ab680f5ac4397b0270105666a0fbaa29d9997a200565f6c8db76885ae376727,1425,1425,52327519,2026-10-08T07:26:25Z,B,"log-reconstructed (no native legs, no ext payouts); not trace-checked",INFERRED,0.153947,0_to_lt1,1,0xaa3f41df57766197c15679db7db272058137b26b371b285813ecc620428a4c6c,ABSENT_NO_HOOK_ADDRESS,True,UniswapV3,True,UNMATCHED
0x3f067414b45866e78ed390f820ca8296155391ee0bfd4b30cf20b757ef0f1754,1426,1426,52327519,2026-10-08T07:26:25Z,B,"log-reconstructed (no native legs, no ext payouts); not trace-checked",INFERRED,0.072889,0_to_lt1,2,0xaa3f41df57766197c15679db7db272058137b26b371b285813ecc620428a4c6c|0xf13203ddbf2c9816a79b656a1a952521702715d92fea465b84ae2ed6e94a7f22,ABSENT_NO_HOOK_ADDRESS,True,UniswapV3,True,UNMATCHED
0xe2c96f6eafcd56ff799b1ffa22e02292fbd4a9eaff690de3186a905fa05fcc00,1428,1428,52327533,2026-10-08T07:26:53Z,A,trace-verified native flows; all legs priced,MISSING,1.768252,1_to_lt25,1,0x7681c00520c26da8d8970c21a65461c726f274068eb08743debc1178e697044e,ABSENT_NO_HOOK_ADDRESS,True,UniswapV3,True,UNMATCHED
0x670cadf1a8eecfabf2990a4fe6ad7d1d2e386dc1b76bf26bae79145fa09c0008,1429,1429,52327549,2026-10-08T07:27:25Z,A,trace-verified native flows; all legs priced,INFERRED,0.108201,0_to_lt1,2,0xaa3f41df57766197c15679db7db272058137b26b371b285813ecc620428a4c6c|0xfba2c4592d32a4e2e6393b8898f9110b4e272983f4bd416b38f81672a17fe3dc,ABSENT_NO_HOOK_ADDRESS,True,UniswapV3,True,PARTIAL_POOL_SET
0x85ea6dd4d76b72219b749c7316ca9357ab02518b3366bf73e3b43cdd9abae62a,1430,1430,52327557,2026-10-08T07:27:41Z,B,"log-reconstructed (no native legs, no ext payouts); not trace-checked",MISSING,0.193954,0_to_lt1,1,0xfba2c4592d32a4e2e6393b8898f9110b4e272983f4bd416b38f81672a17fe3dc,ABSENT_NO_HOOK_ADDRESS,True,UniswapV3,True,UNMATCHED
0x01320c6a0cc13a290ff0f49e9ac434a854104804941b2ac94ac959d49009df2b,1433,1433,52327580,2026-10-08T07:28:27Z,B,"log-reconstructed (no native legs, no ext payouts); not trace-checked",MISSING,0.103451,0_to_lt1,3,0x264984e00973c1dd3e2e145687715f211568eb7685af5527bcee61a1e6812675|0x6a0f5830e56c0ad9dd425b3cf97f94e3c15b9a3b692b0bcd361840f262cd27b1|0xd36f09a0ef8915e903ce826de42a00c85ea97adc4cc71a5387a8da13c61dad21,ABSENT_NO_HOOK_ADDRESS,True,,True,UNMATCHABLE
0x670baeb590180ee12e9dda51b321952e386d5060ab1c94b63600c46864943d88,1434,1434,52327584,2026-10-08T07:28:35Z,B,"log-reconstructed (no native legs, no ext payouts); not trace-checked",MISSING,0.143516,0_to_lt1,1,0xaa3f41df57766197c15679db7db272058137b26b371b285813ecc620428a4c6c,ABSENT_NO_HOOK_ADDRESS,True,UniswapV3,True,UNMATCHED
0x16e115f2d3da82feb4c1c74e3cddaa0db15bffe7325171d7b366886e0ad62cbe,1435,1435,52327613,2026-10-08T07:29:33Z,B,"log-reconstructed (no native legs, no ext payouts); not trace-checked",INFERRED,0.086303,0_to_lt1,1,0xaa3f41df57766197c15679db7db272058137b26b371b285813ecc620428a4c6c,ABSENT_NO_HOOK_ADDRESS,True,UniswapV3,True,UNMATCHED
0x8be9ce498cec64ea183ba30076c5825f07f1398dbcbf034cf28f790b2a05503e,1436,1436,52327617,2026-10-08T07:29:41Z,B,"log-reconstructed (no native legs, no ext payouts); not trace-checked",INFERRED,0.082493,0_to_lt1,2,0x69bb25713e21822f9e7edaba191202bdb7a0001bae3f0b9bd9ad07a3ef6dc607|0xfba2c4592d32a4e2e6393b8898f9110b4e272983f4bd416b38f81672a17fe3dc,ABSENT_NO_HOOK_ADDRESS,True,UniswapV3,True,UNMATCHED
0xd30d3944b16233b1a97c276dee6dff6f2575e3ad3fdf44befcf80b8ab0521da6,1437,1437,52327646,2026-10-08T07:30:39Z,B,"log-reconstructed (no native legs, no ext payouts); not trace-checked",INFERRED,0.080659,0_to_lt1,1,0xaa3f41df57766197c15679db7db272058137b26b371b285813ecc620428a4c6c,ABSENT_NO_HOOK_ADDRESS,True,UniswapV3,True,UNMATCHED
0x4fe22a6816603198fc94c224cf342a823d266d2cf846567c6a6dcd3fdc327c41,1438,1438,52327670,2026-10-08T07:31:27Z,B,"log-reconstructed (no native legs, no ext payouts); not trace-checked",INFERRED,0.129297,0_to_lt1,1,0xaa3f41df57766197c15679db7db272058137b26b371b285813ecc620428a4c6c,ABSENT_NO_HOOK_ADDRESS,True,UniswapV3,True,UNMATCHED
0x841cf63d182e35131dfa9f31829f3ec2afed77d158a505b35512c809d55da708,1439,1439,52327681,2026-10-08T07:31:49Z,B,"log-reconstructed (no native legs, no ext payouts); not trace-checked",MISSING,0.08267,0_to_lt1,1,0xaa3f41df57766197c15679db7db272058137b26b371b285813ecc620428a4c6c,ABSENT_NO_HOOK_ADDRESS,True,UniswapV3,True,UNMATCHED
0x732655d81f1c161a1a065ef0653651598781a91744f04206bd56683d23a180db,1440,1440,52327702,2026-10-08T07:32:31Z,B,"log-reconstructed (no native legs, no ext payouts); not trace-checked",MISSING,0.134354,0_to_lt1,1,0x7681c00520c26da8d8970c21a65461c726f274068eb08743debc1178e697044e,ABSENT_NO_HOOK_ADDRESS,True,UniswapV3,True,UNMATCHED
0x5e44b7a0a58546f1ab04f7d620e3790a20f75e502caaffc1d9bc2a106bf12ff8,1441,1441,52327716,2026-10-08T07:32:59Z,B,"log-reconstructed (no native legs, no ext payouts); not trace-checked",MISSING,0.361557,0_to_lt1,1,0xfba2c4592d32a4e2e6393b8898f9110b4e272983f4bd416b38f81672a17fe3dc,ABSENT_NO_HOOK_ADDRESS,True,UniswapV3,True,UNMATCHED
0x420e6a35be281bf1046e05a0ae64dc9a1b913252c663681e8792c477c16e14f1,1443,1443,52327738,2026-10-08T07:33:43Z,B,"log-reconstructed (no native legs, no ext payouts); not trace-checked",INFERRED,0.141013,0_to_lt1,1,0xaa3f41df57766197c15679db7db272058137b26b371b285813ecc620428a4c6c,ABSENT_NO_HOOK_ADDRESS,True,UniswapV3,True,UNMATCHED
0x6dd6ed38057d585d94d03372d3d02206a86da51c06ded70298c8a5d864ae3096,1444,1444,52327743,2026-10-08T07:33:53Z,B,"log-reconstructed (no native legs, no ext payouts); not trace-checked",MISSING,0.283823,0_to_lt1,1,0xfba2c4592d32a4e2e6393b8898f9110b4e272983f4bd416b38f81672a17fe3dc,ABSENT_NO_HOOK_ADDRESS,True,UniswapV3,True,UNMATCHED
0x0f3b9d6497f082ad1aae186b2197026756aa23df6e5d419585fdc0be2ba79058,1450,1450,52327749,2026-10-08T07:34:05Z,B,"log-reconstructed (no native legs, no ext payouts); not trace-checked",MISSING,0.339958,0_to_lt1,1,0xfba2c4592d32a4e2e6393b8898f9110b4e272983f4bd416b38f81672a17fe3dc,ABSENT_NO_HOOK_ADDRESS,True,UniswapV3,True,UNMATCHED
0x1e8077932244dcd6336f0b343248863b24300bb9b3d594c656d1802d1964e61f,1451,1451,52327749,2026-10-08T07:34:05Z,B,"log-reconstructed (no native legs, no ext payouts); not trace-checked",MISSING,0.295106,0_to_lt1,1,0x7681c00520c26da8d8970c21a65461c726f274068eb08743debc1178e697044e,ABSENT_NO_HOOK_ADDRESS,True,UniswapV3,True,UNMATCHED
0x1f49de2f0d58d5c86de34e80878de812955ce1ad3c8d9582804df775446fc891,1452,1452,52327750,2026-10-08T07:34:07Z,A,trace-verified native flows; all legs priced,INFERRED,0.325537,0_to_lt1,1,0x7681c00520c26da8d8970c21a65461c726f274068eb08743debc1178e697044e,ABSENT_NO_HOOK_ADDRESS,True,UniswapV3,True,PARTIAL_POOL_SET
0xb03cf823f88d87372fcfbc042c0e2e9f791679645fd79b213618c9c43dd0d37b,1454,1454,52327776,2026-10-08T07:34:59Z,B,"log-reconstructed (no native legs, no ext payouts); not trace-checked",MISSING,0.077848,0_to_lt1,2,0x69bb25713e21822f9e7edaba191202bdb7a0001bae3f0b9bd9ad07a3ef6dc607|0x7681c00520c26da8d8970c21a65461c726f274068eb08743debc1178e697044e,ABSENT_NO_HOOK_ADDRESS,True,UniswapV3,True,UNMATCHED
0xde874ef11525156f31fba1e56edcbbe371d600d295928162aa66c38ab9d3c35c,1455,1455,52327777,2026-10-08T07:35:01Z,D,cyclic_v4_unresolved,INFERRED,,kept_null,2,0x7f1840135a1621ddad16636cb8ed4a9f6581384154372991e5c8bd5fd7fadd4f|0xbedfdb1c91ccfd3269d5aec696c95e96457205ab9cab1ebe6be608e295a3a0a5,ABSENT_NO_HOOK_ADDRESS,True,PancakeV3,True,UNMATCHED
0x0c2108f933d43642120ab44f094e3301c30231bcaf57917196f51be5ab04060a,1457,1457,52327785,2026-10-08T07:35:17Z,B,"log-reconstructed (no native legs, no ext payouts); not trace-checked",MISSING,0.096449,0_to_lt1,3,0x69bb25713e21822f9e7edaba191202bdb7a0001bae3f0b9bd9ad07a3ef6dc607|0xaa3f41df57766197c15679db7db272058137b26b371b285813ecc620428a4c6c|0xfba2c4592d32a4e2e6393b8898f9110b4e272983f4bd416b38f81672a17fe3dc,ABSENT_NO_HOOK_ADDRESS,True,,True,UNMATCHABLE
0xdb501841da132b4450a816257b4ad3bb4f3efc8433f7876f4bc94865994ce42d,1460,1460,52327830,2026-10-08T07:36:47Z,B,"log-reconstructed (no native legs, no ext payouts); not trace-checked",MISSING,0.239114,0_to_lt1,1,0xfba2c4592d32a4e2e6393b8898f9110b4e272983f4bd416b38f81672a17fe3dc,ABSENT_NO_HOOK_ADDRESS,True,UniswapV3,True,UNMATCHED
0xf28f5cced789283b75c4226724369f944191c41e61d7ad151bfabbb95233c6a6,1461,1461,52327837,2026-10-08T07:37:01Z,B,"log-reconstructed (no native legs, no ext payouts); not trace-checked",MISSING,0.020528,0_to_lt1,2,0x49fff8ec544984d862c0c322c83bc0cfb7a9a953a7d4d4d352a2aff27f7602cf|0x69bb25713e21822f9e7edaba191202bdb7a0001bae3f0b9bd9ad07a3ef6dc607,ABSENT_NO_HOOK_ADDRESS,True,UniswapV3,True,UNMATCHED
0x9eb1792de59047629ea387a9a10df91d08787d1e108baed35108feac7de6ffba,1462,1462,52327839,2026-10-08T07:37:05Z,A,trace-verified native flows; all legs priced,INFERRED,0.225626,0_to_lt1,2,0x69bb25713e21822f9e7edaba191202bdb7a0001bae3f0b9bd9ad07a3ef6dc607|0xfba2c4592d32a4e2e6393b8898f9110b4e272983f4bd416b38f81672a17fe3dc,ABSENT_NO_HOOK_ADDRESS,True,Aerodrome-Slipstream3|UniswapV3,True,PARTIAL_POOL_SET
0x43ca1b7af05a6fdfc51f6b54161caac5a673ffb91c2fff9282d01048ae893ea4,1463,1463,52327842,2026-10-08T07:37:11Z,B,"log-reconstructed (no native legs, no ext payouts); not trace-checked",INFERRED,1.412419,1_to_lt25,2,0x69bb25713e21822f9e7edaba191202bdb7a0001bae3f0b9bd9ad07a3ef6dc607|0x7681c00520c26da8d8970c21a65461c726f274068eb08743debc1178e697044e,ABSENT_NO_HOOK_ADDRESS,True,UniswapV3,True,UNMATCHED
0x0fd45f57266528c44f3e5c16ac1b958ebcb6af7c519d4474cfda6de2aaa3f0f4,1469,1469,52327921,2026-10-08T07:39:49Z,B,"log-reconstructed (no native legs, no ext payouts); not trace-checked",MISSING,0.078304,0_to_lt1,1,0xaa3f41df57766197c15679db7db272058137b26b371b285813ecc620428a4c6c,ABSENT_NO_HOOK_ADDRESS,True,UniswapV3,True,UNMATCHED
0x544706a1329b566a98b4965eeb1f25777df072edf6b79e754ff76c2cbf9970f4,1470,1470,52327940,2026-10-08T07:40:27Z,B,"log-reconstructed (no native legs, no ext payouts); not trace-checked",MISSING,0.117901,0_to_lt1,1,0xaa3f41df57766197c15679db7db272058137b26b371b285813ecc620428a4c6c,ABSENT_NO_HOOK_ADDRESS,True,Aerodrome-Slipstream3,True,UNMATCHED
0x5fe483532b98c7cef5ffae12a22ca01b415673e46ba9aaa08362a952ac7422d9,1472,1472,52327957,2026-10-08T07:41:01Z,B,"log-reconstructed (no native legs, no ext payouts); not trace-checked",MISSING,0.167266,0_to_lt1,1,0xaa3f41df57766197c15679db7db272058137b26b371b285813ecc620428a4c6c,ABSENT_NO_HOOK_ADDRESS,True,UniswapV3,True,UNMATCHED
0xfc0c9dd635f5c0e765caf25af8fc0cddd0663f6bbdc13d0ac5d0895473f4aa5f,1473,1473,52327959,2026-10-08T07:41:05Z,B,"log-reconstructed (no native legs, no ext payouts); not trace-checked",MISSING,0.09135,0_to_lt1,2,0x69bb25713e21822f9e7edaba191202bdb7a0001bae3f0b9bd9ad07a3ef6dc607|0xfba2c4592d32a4e2e6393b8898f9110b4e272983f4bd416b38f81672a17fe3dc,ABSENT_NO_HOOK_ADDRESS,True,UniswapV3,True,UNMATCHED
0x866af442492f1dcf33847ca2b3ccf961d7b81a67d7826048d69f0d7540ad557a,1474,1474,52328018,2026-10-08T07:43:03Z,B,"log-reconstructed (no native legs, no ext payouts); not trace-checked",MISSING,0.134057,0_to_lt1,1,0xaa3f41df57766197c15679db7db272058137b26b371b285813ecc620428a4c6c,ABSENT_NO_HOOK_ADDRESS,True,UniswapV3,True,UNMATCHED
0x008718d41023f6218f934dd7e02ec9560289b791690616d10ca17a8763291ad9,1475,1475,52328021,2026-10-08T07:43:09Z,B,"log-reconstructed (no native legs, no ext payouts); not trace-checked",MISSING,0.076266,0_to_lt1,2,0x69bb25713e21822f9e7edaba191202bdb7a0001bae3f0b9bd9ad07a3ef6dc607|0xf13203ddbf2c9816a79b656a1a952521702715d92fea465b84ae2ed6e94a7f22,ABSENT_NO_HOOK_ADDRESS,True,UniswapV3,True,UNMATCHED
0xe0286aa530392314ae34c9a437c4cab6470db8c835cd3b76c1b4e8dfb2981f9a,1476,1476,52328026,2026-10-08T07:43:19Z,B,"log-reconstructed (no native legs, no ext payouts); not trace-checked",MISSING,0.107168,0_to_lt1,2,0x69bb25713e21822f9e7edaba191202bdb7a0001bae3f0b9bd9ad07a3ef6dc607|0x7681c00520c26da8d8970c21a65461c726f274068eb08743debc1178e697044e,ABSENT_NO_HOOK_ADDRESS,True,UniswapV3,True,UNMATCHED
0x29bf7535cd071b3c8dba91d85ee03ac011913946c69475e5cd8e8f4cd4edf71f,1477,1477,52328032,2026-10-08T07:43:31Z,B,"log-reconstructed (no native legs, no ext payouts); not trace-checked",MISSING,0.101459,0_to_lt1,2,0x69bb25713e21822f9e7edaba191202bdb7a0001bae3f0b9bd9ad07a3ef6dc607|0x7681c00520c26da8d8970c21a65461c726f274068eb08743debc1178e697044e,ABSENT_NO_HOOK_ADDRESS,True,UniswapV3,True,UNMATCHED
0x2da292d0cb1a31fb78683eaf0b1570268f58835315d2166e10b04379eb2c7583,1478,1478,52328035,2026-10-08T07:43:37Z,B,"log-reconstructed (no native legs, no ext payouts); not trace-checked",INFERRED,0.07626,0_to_lt1,2,0x69bb25713e21822f9e7edaba191202bdb7a0001bae3f0b9bd9ad07a3ef6dc607|0xfba2c4592d32a4e2e6393b8898f9110b4e272983f4bd416b38f81672a17fe3dc,ABSENT_NO_HOOK_ADDRESS,True,UniswapV3,True,UNMATCHED
0x589ef819939de6533b6a4072655b90605f308994f7fa93701c83de2e45bd4053,1480,1480,52328070,2026-10-08T07:44:47Z,B,"log-reconstructed (no native legs, no ext payouts); not trace-checked",MISSING,0.199717,0_to_lt1,2,0x69bb25713e21822f9e7edaba191202bdb7a0001bae3f0b9bd9ad07a3ef6dc607|0xfba2c4592d32a4e2e6393b8898f9110b4e272983f4bd416b38f81672a17fe3dc,ABSENT_NO_HOOK_ADDRESS,True,UniswapV3,True,UNMATCHED
0xa45747dac4fd8a42b2721cffc2bf57c6ea204ec655d14333aff88f43c067a559,1481,1481,52328083,2026-10-08T07:45:13Z,B,"log-reconstructed (no native legs, no ext payouts); not trace-checked",INFERRED,0.173775,0_to_lt1,1,0xaa3f41df57766197c15679db7db272058137b26b371b285813ecc620428a4c6c,ABSENT_NO_HOOK_ADDRESS,True,UniswapV3,True,UNMATCHED
0xb210d987afb0c3b929a36e12beb32db9086577c3b691966cb704410f6ac78c16,1482,1482,52328083,2026-10-08T07:45:13Z,A,trace-verified native flows; all legs priced,INFERRED,0.464089,0_to_lt1,1,0x69bb25713e21822f9e7edaba191202bdb7a0001bae3f0b9bd9ad07a3ef6dc607,ABSENT_NO_HOOK_ADDRESS,True,Aerodrome-Slipstream|UniswapV3,True,PARTIAL_POOL_SET
0xfcf0e6811fe23d303067d6d1347718547e69fa69ebd6a9b407a2e00bd1484f21,1484,1484,52328089,2026-10-08T07:45:25Z,B,"log-reconstructed (no native legs, no ext payouts); not trace-checked",MISSING,0.247203,0_to_lt1,1,0xfba2c4592d32a4e2e6393b8898f9110b4e272983f4bd416b38f81672a17fe3dc,ABSENT_NO_HOOK_ADDRESS,True,UniswapV3,True,UNMATCHED
0x38d963b9072b433608774f3f5af8b3901d659179bda50bdc3c95ed5ce343c3d1,1485,1485,52328091,2026-10-08T07:45:29Z,A,trace-verified native flows; all legs priced,MISSING,3.01927,1_to_lt25,1,0xfba2c4592d32a4e2e6393b8898f9110b4e272983f4bd416b38f81672a17fe3dc,ABSENT_NO_HOOK_ADDRESS,True,UniswapV3,True,UNMATCHED
0xdd46f3733572be5d10e500c5d15588f94abe412473bedf05dd5d47ec45cd457a,1486,1486,52328094,2026-10-08T07:45:35Z,B,"log-reconstructed (no native legs, no ext payouts); not trace-checked",MISSING,0.134807,0_to_lt1,1,0x49fff8ec544984d862c0c322c83bc0cfb7a9a953a7d4d4d352a2aff27f7602cf,ABSENT_NO_HOOK_ADDRESS,True,UniswapV3,True,UNMATCHED
0x8c21789cf032b016421e08b328e8c87e10be844cb7828dcb4cdda79c190919bc,1487,1487,52328098,2026-10-08T07:45:43Z,A,trace-verified native flows; all legs priced,INFERRED,0.523007,0_to_lt1,1,0x7681c00520c26da8d8970c21a65461c726f274068eb08743debc1178e697044e,ABSENT_NO_HOOK_ADDRESS,True,UniswapV3,True,PARTIAL_POOL_SET
0x99c3a1ce0c4b620105c21439988531dbc933268f6e75550850d5ba01da61f223,1488,1488,52328098,2026-10-08T07:45:43Z,B,"log-reconstructed (no native legs, no ext payouts); not trace-checked",MISSING,0.331255,0_to_lt1,1,0x49fff8ec544984d862c0c322c83bc0cfb7a9a953a7d4d4d352a2aff27f7602cf,ABSENT_NO_HOOK_ADDRESS,True,UniswapV3,True,UNMATCHED
0x422f226081c3ae421891c48bf1f870770782c5bf2603854a919b89f0b244396d,1489,1489,52328109,2026-10-08T07:46:05Z,B,"log-reconstructed (no native legs, no ext payouts); not trace-checked",MISSING,0.63005,0_to_lt1,1,0x7681c00520c26da8d8970c21a65461c726f274068eb08743debc1178e697044e,ABSENT_NO_HOOK_ADDRESS,True,UniswapV3,True,UNMATCHED
0x47719cdf62f0db9ff3ea67dcd75e4b0fe2b552483fdeecab5f4bebd110f3c077,1490,1490,52328109,2026-10-08T07:46:05Z,B,"log-reconstructed (no native legs, no ext payouts); not trace-checked",MISSING,0.293892,0_to_lt1,1,0xfba2c4592d32a4e2e6393b8898f9110b4e272983f4bd416b38f81672a17fe3dc,ABSENT_NO_HOOK_ADDRESS,True,UniswapV3,True,UNMATCHED
0x44dbdc30148f048b02ea4b342fe9bb58d8d79f4ee22aca7d9fe0989452084cae,1491,1491,52328109,2026-10-08T07:46:05Z,A,trace-verified native flows; all legs priced,INFERRED,0.362527,0_to_lt1,1,0x7681c00520c26da8d8970c21a65461c726f274068eb08743debc1178e697044e,ABSENT_NO_HOOK_ADDRESS,True,Aerodrome-Slipstream3|UniswapV3,True,PARTIAL_POOL_SET
0x8eff1fa3be604e67dbac53c376b787247fd61685dfaf1ccda232b0463930b8e3,1493,1493,52328119,2026-10-08T07:46:25Z,A,trace-verified native flows; all legs priced,MISSING,0.290258,0_to_lt1,1,0xfba2c4592d32a4e2e6393b8898f9110b4e272983f4bd416b38f81672a17fe3dc,ABSENT_NO_HOOK_ADDRESS,True,UniswapV3,True,UNMATCHED
0xae0571f154afe5854be67eb4572d9c00919021f8dfcb5fd9e00d231bbca5a840,1497,1497,52328173,2026-10-08T07:48:13Z,B,"log-reconstructed (no native legs, no ext payouts); not trace-checked",INFERRED,0.083959,0_to_lt1,1,0xfba2c4592d32a4e2e6393b8898f9110b4e272983f4bd416b38f81672a17fe3dc,ABSENT_NO_HOOK_ADDRESS,True,UniswapV3,True,UNMATCHED
0x3013d342af6d0a067f2cf5163d05723ab039b31554c837e3bad886cc7d24ee32,1498,1498,52328176,2026-10-08T07:48:19Z,A,trace-verified native flows; all legs priced,INFERRED,0.433536,0_to_lt1,1,0xfba2c4592d32a4e2e6393b8898f9110b4e272983f4bd416b38f81672a17fe3dc,ABSENT_NO_HOOK_ADDRESS,True,UniswapV3,True,PARTIAL_POOL_SET
0x3f3e33e2cce77d93a7bae3db07ce0b3ee07ebf2a48ea7aa63d94ef84d30ca802,1499,1499,52328205,2026-10-08T07:49:17Z,A,trace-verified native flows; all legs priced,MISSING,1.696215,1_to_lt25,1,0x7681c00520c26da8d8970c21a65461c726f274068eb08743debc1178e697044e,ABSENT_NO_HOOK_ADDRESS,True,UniswapV3,True,UNMATCHED
0x5cb24e7ed8aabc9956b3d2205949a720a9e8891213191905a06a0135e90bdcd6,1500,1500,52328209,2026-10-08T07:49:25Z,B,"log-reconstructed (no native legs, no ext payouts); not trace-checked",MISSING,0.110752,0_to_lt1,1,0x49fff8ec544984d862c0c322c83bc0cfb7a9a953a7d4d4d352a2aff27f7602cf,ABSENT_NO_HOOK_ADDRESS,True,UniswapV3,True,UNMATCHED
0xd7e5392afb6675abebd669448409049a6bb16fbcdf21e548c4d9c24374295e2a,1501,1501,52328223,2026-10-08T07:49:53Z,B,"log-reconstructed (no native legs, no ext payouts); not trace-checked",MISSING,0.590645,0_to_lt1,1,0xfba2c4592d32a4e2e6393b8898f9110b4e272983f4bd416b38f81672a17fe3dc,ABSENT_NO_HOOK_ADDRESS,True,UniswapV3,True,UNMATCHED
0x2091c60ecef14059505d465b002d7f8e694c199944a318628359ead3598c99b2,1502,1502,52328224,2026-10-08T07:49:55Z,B,"log-reconstructed (no native legs, no ext payouts); not trace-checked",MISSING,0.172535,0_to_lt1,1,0xfba2c4592d32a4e2e6393b8898f9110b4e272983f4bd416b38f81672a17fe3dc,ABSENT_NO_HOOK_ADDRESS,True,UniswapV3,True,UNMATCHED
0xde655f4c7b7a861882be14ed21727e60773631fab00e6238039d1622abba2487,1503,1503,52328225,2026-10-08T07:49:57Z,B,"log-reconstructed (no native legs, no ext payouts); not trace-checked",MISSING,0.176172,0_to_lt1,1,0xfba2c4592d32a4e2e6393b8898f9110b4e272983f4bd416b38f81672a17fe3dc,ABSENT_NO_HOOK_ADDRESS,True,UniswapV3,True,UNMATCHED
0xcee01558680d26c3707d5a2da1cd50bfe4facbaf0d28bedb874150e8eabf06db,1504,1504,52328225,2026-10-08T07:49:57Z,B,"log-reconstructed (no native legs, no ext payouts); not trace-checked",MISSING,0.134426,0_to_lt1,1,0xf13203ddbf2c9816a79b656a1a952521702715d92fea465b84ae2ed6e94a7f22,ABSENT_NO_HOOK_ADDRESS,True,UniswapV3,True,UNMATCHED
0x58eb73838d89949ed696369d403f7cae9545669c845cc67d6fab625a618754cc,1505,1505,52328235,2026-10-08T07:50:17Z,A,trace-verified native flows; all legs priced,INFERRED,0.34052,0_to_lt1,1,0xfba2c4592d32a4e2e6393b8898f9110b4e272983f4bd416b38f81672a17fe3dc,ABSENT_NO_HOOK_ADDRESS,True,UniswapV3,True,PARTIAL_POOL_SET
0x563f99f3fe48432c2be23e394384b02e5091b61564d20dc85985797ec83ed268,1506,1506,52328331,2026-10-08T07:53:29Z,B,"log-reconstructed (no native legs, no ext payouts); not trace-checked",MISSING,0.324224,0_to_lt1,1,0xaa3f41df57766197c15679db7db272058137b26b371b285813ecc620428a4c6c,ABSENT_NO_HOOK_ADDRESS,True,UniswapV3,True,UNMATCHED
0x4b15e5bb924f5380cee5ce71aeb7e065a16b46d2e9201c0a817d99216b7eb0e3,1508,1508,52328351,2026-10-08T07:54:09Z,B,"log-reconstructed (no native legs, no ext payouts); not trace-checked",MISSING,0.156852,0_to_lt1,1,0x7681c00520c26da8d8970c21a65461c726f274068eb08743debc1178e697044e,ABSENT_NO_HOOK_ADDRESS,True,UniswapV3,True,UNMATCHED
0xa19a5f7073cde680112c11327c305280a9213ea0861a3e8863b13e4ac2774287,1509,1509,52328351,2026-10-08T07:54:09Z,B,"log-reconstructed (no native legs, no ext payouts); not trace-checked",MISSING,0.193491,0_to_lt1,1,0x7681c00520c26da8d8970c21a65461c726f274068eb08743debc1178e697044e,ABSENT_NO_HOOK_ADDRESS,True,UniswapV3,True,UNMATCHED
0x9482f28f5b925e515a65dddea1bf1badd4564aca00d6467966a4c38792c92be8,1510,1510,52328357,2026-10-08T07:54:21Z,A,trace-verified native flows; all legs priced,INFERRED,1.654622,1_to_lt25,1,0xfba2c4592d32a4e2e6393b8898f9110b4e272983f4bd416b38f81672a17fe3dc,ABSENT_NO_HOOK_ADDRESS,True,UniswapV3,True,PARTIAL_POOL_SET
0x65390e7123905655e94c962cf02ffca3a121e3785f81a40565b5b17538299abe,1514,1514,52328364,2026-10-08T07:54:35Z,B,"log-reconstructed (no native legs, no ext payouts); not trace-checked",MISSING,0.222313,0_to_lt1,1,0x7681c00520c26da8d8970c21a65461c726f274068eb08743debc1178e697044e,ABSENT_NO_HOOK_ADDRESS,True,UniswapV3,True,UNMATCHED
0x40553897b724e9ac9fff332f8790269b31f75c5ad4102fee26b342f86499b625,1515,1515,52328380,2026-10-08T07:55:07Z,A,trace-verified native flows; all legs priced,INFERRED,0.453152,0_to_lt1,1,0x7681c00520c26da8d8970c21a65461c726f274068eb08743debc1178e697044e,ABSENT_NO_HOOK_ADDRESS,True,UniswapV3,True,PARTIAL_POOL_SET
0x1aebf71659f04d535e43f2b58103f71bb2f7e20be1f6590b5a825ac84c26b5c3,1516,1516,52328385,2026-10-08T07:55:17Z,A,trace-verified native flows; all legs priced,INFERRED,0.591875,0_to_lt1,1,0x7681c00520c26da8d8970c21a65461c726f274068eb08743debc1178e697044e,ABSENT_NO_HOOK_ADDRESS,True,UniswapV3,True,PARTIAL_POOL_SET
0x9a4e6107ade72a0826e68e460fbbe2d24ec7bcbb7798111e85d1eca507532516,1517,1517,52328385,2026-10-08T07:55:17Z,A,trace-verified native flows; all legs priced,INFERRED,0.463333,0_to_lt1,1,0x7681c00520c26da8d8970c21a65461c726f274068eb08743debc1178e697044e,ABSENT_NO_HOOK_ADDRESS,True,UniswapV3,True,PARTIAL_POOL_SET
0xff1ed51be47bd9175f0f7a6ff7fc1fabe8e1ab69abcea04f4d949c2b96104aba,1518,1518,52328387,2026-10-08T07:55:21Z,A,trace-verified native flows; all legs priced,INFERRED,0.581605,0_to_lt1,1,0x7681c00520c26da8d8970c21a65461c726f274068eb08743debc1178e697044e,ABSENT_NO_HOOK_ADDRESS,True,UniswapV3,True,PARTIAL_POOL_SET
0x35a3d9850d6d53a2ddc5ebc1c1d1e2656f98e4f99b6860913a1b77daeec2d483,1521,1521,52328402,2026-10-08T07:55:51Z,B,"log-reconstructed (no native legs, no ext payouts); not trace-checked",MISSING,0.082221,0_to_lt1,1,0x7681c00520c26da8d8970c21a65461c726f274068eb08743debc1178e697044e,ABSENT_NO_HOOK_ADDRESS,True,Aerodrome-Slipstream3|UniswapV3,True,UNMATCHED
0x0b1ced744ca40e52e3aefc91c5b6a4a767f95f082c22580d589cc5fc3d138821,1523,1523,52328408,2026-10-08T07:56:03Z,B,"log-reconstructed (no native legs, no ext payouts); not trace-checked",MISSING,0.084645,0_to_lt1,1,0xfba2c4592d32a4e2e6393b8898f9110b4e272983f4bd416b38f81672a17fe3dc,ABSENT_NO_HOOK_ADDRESS,True,UniswapV3,True,UNMATCHED
0x8dab57d058c5816312a1337ac29ad4d9bde7d2edc4027ba8a046e9e5af5c5a2e,1524,1524,52328424,2026-10-08T07:56:35Z,B,"log-reconstructed (no native legs, no ext payouts); not trace-checked",INFERRED,0.393536,0_to_lt1,1,0xf2c1043ffd849010edeb60d1484bac299dcb1b692e457df366158f9e1b54c5e3,ABSENT_NO_HOOK_ADDRESS,True,UniswapV3,True,UNMATCHED
0xf81148e8f2fc651b53a126c6437dee59461c03ea60472c4053755b613805d0f1,1525,1525,52328424,2026-10-08T07:56:35Z,B,"log-reconstructed (no native legs, no ext payouts); not trace-checked",VERIFIED,0.116061,0_to_lt1,3,0x1dc3f2268a65fe91943111c0ec1bff5eec644632086bb9252c755be96780632f|0x9cf7ed8a64c1d9e1fab3d6a72f55f5b464595aa8eeaa57bf909c9d8f68f7c8ef|0xf2c1043ffd849010edeb60d1484bac299dcb1b692e457df366158f9e1b54c5e3,ABSENT_NO_HOOK_ADDRESS,True,,True,UNMATCHABLE
0x0a26a54a2675ee2376d6229b7ff8eedc6c94ef6cbbb621474cef113890593ad4,1526,1526,52328458,2026-10-08T07:57:43Z,A,trace-verified native flows; all legs priced,MISSING,0.05065,0_to_lt1,3,0x383e9df6cba05083605374e9cb414e49af22b6da5344c2ee3b0553621c27bb3f|0x5dac93ce0d7365518d3a41ec853ad32e9577cf16e287367cb0fb9bdc848c3e1e|0x851f65bcdf6485f15047d4dea1cf8cb60ad1a815bbed7d2e8373a32b954045e4,TAGGED_HOOK_NO_ADDRESS,True,,True,UNMATCHABLE
0x497054e1bf2a1b192be09128a4e508d683f214e276093e0fe3c2aad5f8a38bcd,1527,1527,52328465,2026-10-08T07:57:57Z,A,trace-verified native flows; all legs priced,INFERRED,0.287749,0_to_lt1,1,0xfba2c4592d32a4e2e6393b8898f9110b4e272983f4bd416b38f81672a17fe3dc,ABSENT_NO_HOOK_ADDRESS,True,UniswapV3,True,PARTIAL_POOL_SET
0xa406000f747bb249b94238d5b1515ca0b760def2e9c3b4d7be6e224105c66b07,1530,1530,52328498,2026-10-08T07:59:03Z,B,"log-reconstructed (no native legs, no ext payouts); not trace-checked",MISSING,0.081799,0_to_lt1,1,0x7681c00520c26da8d8970c21a65461c726f274068eb08743debc1178e697044e,ABSENT_NO_HOOK_ADDRESS,True,UniswapV3,True,UNMATCHED
0x890cd6c60b9f08e5e3784cd1c66c8bb64689ca54e9f7e8e34f9097b1832b9911,1539,1539,52328572,2026-10-08T08:01:31Z,A,trace-verified native flows; all legs priced,MISSING,0.520866,0_to_lt1,1,0xfba2c4592d32a4e2e6393b8898f9110b4e272983f4bd416b38f81672a17fe3dc,ABSENT_NO_HOOK_ADDRESS,True,UniswapV3,True,UNMATCHED
0xced5451c22ac828f7d35c87674b777a277e3ca74d4d48d979a9c0bd2d63e4cb8,1545,1545,52328684,2026-10-08T08:05:15Z,A,trace-verified native flows; all legs priced,MISSING,0.126915,0_to_lt1,1,0x82f2e618692fbedfbebd9e02403274bfac1ba335adbdbd1b60f8994d6650c1b9,ABSENT_NO_HOOK_ADDRESS,True,UniswapV3,True,UNMATCHED
0x7f02a04164deb2935ecf216a77fab2ff1ea78456acd4d4d0506604efdd9ed47b,1550,1550,52328756,2026-10-08T08:07:39Z,B,"log-reconstructed (no native legs, no ext payouts); not trace-checked",MISSING,0.008698,0_to_lt1,1,0xfba2c4592d32a4e2e6393b8898f9110b4e272983f4bd416b38f81672a17fe3dc,ABSENT_NO_HOOK_ADDRESS,True,UniswapV3,True,UNMATCHED
0x41b4ba119f1cd38f2728f77085e79fe29eb8e0f1e8fe138ea7f8e6fc46090a45,1552,1552,52328758,2026-10-08T08:07:43Z,A,trace-verified native flows; all legs priced,INFERRED,0.093958,0_to_lt1,1,0x1a3a5d1c0e7282cfe8be8344c280410c6ddbe0f5ee0e7b17bedd635882b70e9f,ABSENT_NO_HOOK_ADDRESS,True,UniswapV3,True,PARTIAL_POOL_SET
0xad0b27ec4035d724b86b3986c2dc260f292283cd1a7bb9c8b8265c5f472bc1f6,1556,1556,52328800,2026-10-08T08:09:07Z,B,"log-reconstructed (no native legs, no ext payouts); not trace-checked",MISSING,0.320154,0_to_lt1,1,0xfba2c4592d32a4e2e6393b8898f9110b4e272983f4bd416b38f81672a17fe3dc,ABSENT_NO_HOOK_ADDRESS,True,UniswapV3,True,UNMATCHED
0x4efc8aea5c88887186f2efd658f3a743186b827e3d92938c724eca54eae26578,1558,1558,52328804,2026-10-08T08:09:15Z,A,trace-verified native flows; all legs priced,INFERRED,0.169661,0_to_lt1,1,0xaa3f41df57766197c15679db7db272058137b26b371b285813ecc620428a4c6c,ABSENT_NO_HOOK_ADDRESS,True,UniswapV3,True,PARTIAL_POOL_SET
0x7e9a6b8dcb813ac3282b038411823c34b22ff76c9ecdc1f74c3f0f06e556863c,1559,1559,52328804,2026-10-08T08:09:15Z,B,"log-reconstructed (no native legs, no ext payouts); not trace-checked",MISSING,0.078899,0_to_lt1,3,0x81e649abe0dd9b2208fec3cc40ff0ca5cb5b71b27d4ad75b5437419ded71cb83|0xaa3f41df57766197c15679db7db272058137b26b371b285813ecc620428a4c6c|0xfba2c4592d32a4e2e6393b8898f9110b4e272983f4bd416b38f81672a17fe3dc,ABSENT_NO_HOOK_ADDRESS,True,,True,UNMATCHABLE
0x930ae7d9104f3b64a681a2160cc2030eb396d2e436e1348497baefa7b42b6ca4,1561,1561,52328813,2026-10-08T08:09:33Z,B,"log-reconstructed (no native legs, no ext payouts); not trace-checked",MISSING,0.08667,0_to_lt1,1,0x7681c00520c26da8d8970c21a65461c726f274068eb08743debc1178e697044e,ABSENT_NO_HOOK_ADDRESS,True,UniswapV3,True,UNMATCHED
0x6442a84a7e83b1da277db424bce7965da64419c409f353361d1b44e9d16e1fb6,1564,1564,52328835,2026-10-08T08:10:17Z,A,trace-verified native flows; all legs priced,INFERRED,0.266263,0_to_lt1,1,0x7681c00520c26da8d8970c21a65461c726f274068eb08743debc1178e697044e,ABSENT_NO_HOOK_ADDRESS,True,UniswapV3,True,PARTIAL_POOL_SET
0x08830810ae4b72e36f80c9fe4e0beabcf174a3f0856d64452c6bc0f7362bd8b1,1565,1565,52328836,2026-10-08T08:10:19Z,B,"log-reconstructed (no native legs, no ext payouts); not trace-checked",MISSING,0.109982,0_to_lt1,1,0x7681c00520c26da8d8970c21a65461c726f274068eb08743debc1178e697044e,ABSENT_NO_HOOK_ADDRESS,True,UniswapV3,True,UNMATCHED
0xb124299204384bc69cd55746cfe17989a925d5839e39404cf021a5dc147957c0,1566,1566,52328837,2026-10-08T08:10:21Z,A,trace-verified native flows; all legs priced,INFERRED,0.167926,0_to_lt1,1,0x7681c00520c26da8d8970c21a65461c726f274068eb08743debc1178e697044e,ABSENT_NO_HOOK_ADDRESS,True,UniswapV3,True,PARTIAL_POOL_SET
0x915b9682de6775511c9b4ac1408d2920a3f09c0dbb54aeba5ed2ba3ff3eede0f,1567,1567,52328837,2026-10-08T08:10:21Z,B,"log-reconstructed (no native legs, no ext payouts); not trace-checked",MISSING,0.099443,0_to_lt1,3,0x7681c00520c26da8d8970c21a65461c726f274068eb08743debc1178e697044e|0xaa3f41df57766197c15679db7db272058137b26b371b285813ecc620428a4c6c|0xeee714a165308eb97efa05fb9243a55bdc5501f39408dc214e6f91e61eaa4a0e,ABSENT_NO_HOOK_ADDRESS,True,,True,UNMATCHABLE
0x092d582f1eb4250b1f4a929df782d0e2337cb65c66cbc1c415afdc0556164921,1568,1568,52328838,2026-10-08T08:10:23Z,A,trace-verified native flows; all legs priced,INFERRED,0.64857,0_to_lt1,1,0x7681c00520c26da8d8970c21a65461c726f274068eb08743debc1178e697044e,ABSENT_NO_HOOK_ADDRESS,True,UniswapV3,True,PARTIAL_POOL_SET
0x64bccb85a0cf070c104cb06aab08a1b3d67eb763bc4d28b59b8b8d38075fc078,1569,1569,52328838,2026-10-08T08:10:23Z,A,trace-verified native flows; all legs priced,INFERRED,0.173524,0_to_lt1,1,0x7681c00520c26da8d8970c21a65461c726f274068eb08743debc1178e697044e,ABSENT_NO_HOOK_ADDRESS,True,UniswapV3,True,PARTIAL_POOL_SET
0xda6e1e0b31fc0bd21d3cd6b0205b1fd31a290d759d0ae2513727510247f927cc,1570,1570,52328838,2026-10-08T08:10:23Z,A,trace-verified native flows; all legs priced,INFERRED,0.320429,0_to_lt1,2,0x1a3a5d1c0e7282cfe8be8344c280410c6ddbe0f5ee0e7b17bedd635882b70e9f|0xaa3f41df57766197c15679db7db272058137b26b371b285813ecc620428a4c6c,ABSENT_NO_HOOK_ADDRESS,True,UniswapV3,True,PARTIAL_POOL_UNSUPPORTED_VENUE
0x2e00ec55f3140cb71871a114fef0193d05b7b1d31501a868be8b9363e84fb5f7,1572,1572,52328847,2026-10-08T08:10:41Z,B,"log-reconstructed (no native legs, no ext payouts); not trace-checked",MISSING,0.114543,0_to_lt1,1,0x49fff8ec544984d862c0c322c83bc0cfb7a9a953a7d4d4d352a2aff27f7602cf,ABSENT_NO_HOOK_ADDRESS,True,UniswapV3,True,UNMATCHED
0x5c64baf221238991d57e0fdf783727ae0be2a491eb56784929624528477eef6a,1574,1574,52328849,2026-10-08T08:10:45Z,A,trace-verified native flows; all legs priced,INFERRED,0.173575,0_to_lt1,1,0x7681c00520c26da8d8970c21a65461c726f274068eb08743debc1178e697044e,ABSENT_NO_HOOK_ADDRESS,True,UniswapV3,True,PARTIAL_POOL_SET
0x38ad14b46bf47f24974a5122db6cd57d79d5814f9bc2e6120d1c84d1aac3ce9c,1575,1575,52328863,2026-10-08T08:11:13Z,B,"log-reconstructed (no native legs, no ext payouts); not trace-checked",MISSING,0.116419,0_to_lt1,1,0xfba2c4592d32a4e2e6393b8898f9110b4e272983f4bd416b38f81672a17fe3dc,ABSENT_NO_HOOK_ADDRESS,True,UniswapV3,True,UNMATCHED
0x266dd69fa659e33dfadeecc311ec9e371a68ce6681f3127788b590bc728f4f70,1576,1576,52328891,2026-10-08T08:12:09Z,B,"log-reconstructed (no native legs, no ext payouts); not trace-checked",MISSING,0.160403,0_to_lt1,1,0x82f2e618692fbedfbebd9e02403274bfac1ba335adbdbd1b60f8994d6650c1b9,ABSENT_NO_HOOK_ADDRESS,True,UniswapV3,True,UNMATCHED
0x9a357299593f4fdffad3aa0f3dd8d9f1dcf9f6d1623904ddcf50dfa64a1b007a,1577,1577,52328936,2026-10-08T08:13:39Z,B,"log-reconstructed (no native legs, no ext payouts); not trace-checked",MISSING,0.005426,0_to_lt1,1,0xa7cfa6bac05206b5781d2eacff67f4e8046efe60fba79ccd0b13a8e6d5a9db9d,ABSENT_NO_HOOK_ADDRESS,True,Aerodrome-Slipstream3,True,UNMATCHED
0x6c94c259bbced8f05c97e4fcbf20f410412983b525b429efb3f59b072a68d967,1579,1579,52328984,2026-10-08T08:15:15Z,B,"log-reconstructed (no native legs, no ext payouts); not trace-checked",MISSING,0.07688,0_to_lt1,1,0x82f2e618692fbedfbebd9e02403274bfac1ba335adbdbd1b60f8994d6650c1b9,ABSENT_NO_HOOK_ADDRESS,True,UniswapV3,True,UNMATCHED
0xd1c591c662b03f95fc61beb699acbf65730c264cbec25adae910f24760c930ab,1587,1587,52329063,2026-10-08T08:17:53Z,A,trace-verified native flows; all legs priced,INFERRED,41.786122,ge25,1,0xe2654cc01616e962fbfcc4277c23062e59e70e39f87221d77b6d438705a5f286,ABSENT_NO_HOOK_ADDRESS,True,Aerodrome-V2,True,UNMATCHED
0xea58657b7b209160a2acb4ccc34ea65d9d7d9f177703c6c542eb2052a6308fff,1592,1592,52329102,2026-10-08T08:19:11Z,A,trace-verified native flows; all legs priced,MISSING,0.158767,0_to_lt1,2,0x62ce835b214d45884fd0c216da014358f423e91b3067e5e1db2d2ca8adf2af8b|0xbe5767f20dd74e79052d29cb5e4b9c3fc8b5c469be473890441f6b94a4a62575,ABSENT_NO_HOOK_ADDRESS,True,AlgebraIntegral@0x36077d39,True,UNMATCHED
0x33676b2b13f5e4319c79a61ba65172e4c0ad3a8bf8e206f69ea663da117395ff,1594,1594,52329116,2026-10-08T08:19:39Z,B,"log-reconstructed (no native legs, no ext payouts); not trace-checked",INFERRED,0.116858,0_to_lt1,2,0x1a3a5d1c0e7282cfe8be8344c280410c6ddbe0f5ee0e7b17bedd635882b70e9f|0x82f2e618692fbedfbebd9e02403274bfac1ba335adbdbd1b60f8994d6650c1b9,ABSENT_NO_HOOK_ADDRESS,True,,True,UNMATCHABLE
0x39491814af8b04260470a87abfb6a7cc0edbed5e0c412b878cf49e9c46a88fbf,1595,1595,52329128,2026-10-08T08:20:03Z,A,trace-verified native flows; all legs priced,INFERRED,0.751181,0_to_lt1,2,0x82f2e618692fbedfbebd9e02403274bfac1ba335adbdbd1b60f8994d6650c1b9|0xe1d05fe2b899df927bc67e5eedaccb95d06bf7c769ed68469bb773615f2401f8,ABSENT_NO_HOOK_ADDRESS,True,UniswapV3,True,PARTIAL_POOL_SET
0x96d4847f66d6e82b45b2531c3071bb33fdfa4c6831211ef450002351ed677347,1596,1596,52329131,2026-10-08T08:20:09Z,D,cyclic_unknown_venue,MISSING,,kept_null,1,0xe2654cc01616e962fbfcc4277c23062e59e70e39f87221d77b6d438705a5f286,ABSENT_NO_HOOK_ADDRESS,True,,True,UNMATCHABLE
0x8b436a9a975a1b177bba001d720b584bbfd846d920aa18310010667c603346b3,1597,1597,52329131,2026-10-08T08:20:09Z,B,"log-reconstructed (no native legs, no ext payouts); not trace-checked",INFERRED,0.110043,0_to_lt1,1,0x1a3a5d1c0e7282cfe8be8344c280410c6ddbe0f5ee0e7b17bedd635882b70e9f,ABSENT_NO_HOOK_ADDRESS,True,UniswapV3,True,UNMATCHED
0x26278da3ff45cad41a16ce0e5248ed7ad7b65ead759075c28b4b78a0cd3d3ec6,1598,1598,52329146,2026-10-08T08:20:39Z,A,trace-verified native flows; all legs priced,INFERRED,0.270086,0_to_lt1,2,0x82f2e618692fbedfbebd9e02403274bfac1ba335adbdbd1b60f8994d6650c1b9|0xfba2c4592d32a4e2e6393b8898f9110b4e272983f4bd416b38f81672a17fe3dc,ABSENT_NO_HOOK_ADDRESS,True,UniswapV3,True,PARTIAL_POOL_SET
0x946aeb435066c5d5c7dc73bd44a9280f40df487c6611b24b751bef7ec6553f2f,1599,1599,52329147,2026-10-08T08:20:41Z,A,trace-verified native flows; all legs priced,INFERRED,0.26523,0_to_lt1,1,0xfba2c4592d32a4e2e6393b8898f9110b4e272983f4bd416b38f81672a17fe3dc,ABSENT_NO_HOOK_ADDRESS,True,UniswapV3,True,PARTIAL_POOL_SET
0x7d5744e9cd564a6ef4c305160225e2f255a86ae1cedc1456ab8d5ee2e11b9c17,1600,1600,52329148,2026-10-08T08:20:43Z,A,trace-verified native flows; all legs priced,INFERRED,0.195105,0_to_lt1,1,0x1a3a5d1c0e7282cfe8be8344c280410c6ddbe0f5ee0e7b17bedd635882b70e9f,ABSENT_NO_HOOK_ADDRESS,True,UniswapV3,True,PARTIAL_POOL_SET
0xa26df9296ab90b3e7947b5c430c1a1e04c52b5746bfcd3133a5f4f1bfecf1bcf,1601,1601,52329152,2026-10-08T08:20:51Z,B,"log-reconstructed (no native legs, no ext payouts); not trace-checked",MISSING,0.006905,0_to_lt1,1,0x82f2e618692fbedfbebd9e02403274bfac1ba335adbdbd1b60f8994d6650c1b9,ABSENT_NO_HOOK_ADDRESS,True,UniswapV3,True,UNMATCHED
0x08b85459acb62faa653c2c938f413b671fba9a654444f15e2086f4236f127910,1602,1602,52329157,2026-10-08T08:21:01Z,B,"log-reconstructed (no native legs, no ext payouts); not trace-checked",INFERRED,-0.23604,below_0,1,0x82f2e618692fbedfbebd9e02403274bfac1ba335adbdbd1b60f8994d6650c1b9,ABSENT_NO_HOOK_ADDRESS,True,UniswapV3,True,UNMATCHED
0xd06f4ff2f059195a9e5f425fb203155391c855b837528a6c0a6b11ca7d47b617,1603,1603,52329171,2026-10-08T08:21:29Z,B,"log-reconstructed (no native legs, no ext payouts); not trace-checked",MISSING,0.019015,0_to_lt1,1,0x82f2e618692fbedfbebd9e02403274bfac1ba335adbdbd1b60f8994d6650c1b9,ABSENT_NO_HOOK_ADDRESS,True,UniswapV3,True,UNMATCHED
0x9931aec0a2bab3a0fa6db6f0b40b03db9d54834f3f0a7e9d1e60cf7eb58c77e1,1604,1604,52329174,2026-10-08T08:21:35Z,B,"log-reconstructed (no native legs, no ext payouts); not trace-checked",INFERRED,0.078958,0_to_lt1,1,0x82f2e618692fbedfbebd9e02403274bfac1ba335adbdbd1b60f8994d6650c1b9,ABSENT_NO_HOOK_ADDRESS,True,UniswapV3,True,UNMATCHED
0x67678a412d277b16096985faf04750e1015a33b880d92302b2f3e0489874dd3b,1605,1605,52329180,2026-10-08T08:21:47Z,B,"log-reconstructed (no native legs, no ext payouts); not trace-checked",MISSING,0.026418,0_to_lt1,1,0x82f2e618692fbedfbebd9e02403274bfac1ba335adbdbd1b60f8994d6650c1b9,ABSENT_NO_HOOK_ADDRESS,True,UniswapV3,True,UNMATCHED
0x647ea8ae811719198c9f0b9774d81c5fc7ca36e4fd653cd6a4373edb963e1da0,1606,1606,52329186,2026-10-08T08:21:59Z,B,"log-reconstructed (no native legs, no ext payouts); not trace-checked",MISSING,0.110879,0_to_lt1,1,0xfba2c4592d32a4e2e6393b8898f9110b4e272983f4bd416b38f81672a17fe3dc,ABSENT_NO_HOOK_ADDRESS,True,UniswapV3,True,UNMATCHED
0xc3a023023a427bcbffcf256b8f7f208351e59c4272472b86f3f4c89910dbf58c,1608,1608,52329194,2026-10-08T08:22:15Z,B,"log-reconstructed (no native legs, no ext payouts); not trace-checked",MISSING,0.10248,0_to_lt1,1,0x82f2e618692fbedfbebd9e02403274bfac1ba335adbdbd1b60f8994d6650c1b9,ABSENT_NO_HOOK_ADDRESS,True,UniswapV3,True,UNMATCHED
0x34efc030ba259abce9f808948b9d0565ba7216b198410c9bf182ca2dab2032af,1609,1609,52329197,2026-10-08T08:22:21Z,A,trace-verified native flows; all legs priced,INFERRED,0.291307,0_to_lt1,2,0x82f2e618692fbedfbebd9e02403274bfac1ba335adbdbd1b60f8994d6650c1b9|0xfba2c4592d32a4e2e6393b8898f9110b4e272983f4bd416b38f81672a17fe3dc,ABSENT_NO_HOOK_ADDRESS,True,UniswapV3,True,PARTIAL_POOL_SET
0x6ec2c0a17906e973e45307275a2d164d37118ec2f6b0927cd827976edef2c6e4,1610,1610,52329200,2026-10-08T08:22:27Z,B,"log-reconstructed (no native legs, no ext payouts); not trace-checked",MISSING,0.176303,0_to_lt1,1,0x7681c00520c26da8d8970c21a65461c726f274068eb08743debc1178e697044e,ABSENT_NO_HOOK_ADDRESS,True,UniswapV3,True,UNMATCHED
0xaaaa0acae6735a1bbb54c09e28c8276e4484cd23d1a87faf97b0062b8ce5421b,1611,1611,52329201,2026-10-08T08:22:29Z,A,trace-verified native flows; all legs priced,INFERRED,0.535874,0_to_lt1,2,0x7681c00520c26da8d8970c21a65461c726f274068eb08743debc1178e697044e|0x82f2e618692fbedfbebd9e02403274bfac1ba335adbdbd1b60f8994d6650c1b9,ABSENT_NO_HOOK_ADDRESS,True,UniswapV3,True,PARTIAL_POOL_SET
0x722b5d393fb4dc54a1bec0e247b9aed9162854ac165a4760c800a820add1b838,1612,1612,52329201,2026-10-08T08:22:29Z,A,trace-verified native flows; all legs priced,MISSING,0.647757,0_to_lt1,2,0x82f2e618692fbedfbebd9e02403274bfac1ba335adbdbd1b60f8994d6650c1b9|0xfba2c4592d32a4e2e6393b8898f9110b4e272983f4bd416b38f81672a17fe3dc,ABSENT_NO_HOOK_ADDRESS,True,UniswapV3,True,UNMATCHED
0xacb6262ff76c029c8af382ce2b16774576b47005ff9425e86e23f88043f530c6,1613,1613,52329204,2026-10-08T08:22:35Z,B,"log-reconstructed (no native legs, no ext payouts); not trace-checked",INFERRED,0.128746,0_to_lt1,1,0xfba2c4592d32a4e2e6393b8898f9110b4e272983f4bd416b38f81672a17fe3dc,ABSENT_NO_HOOK_ADDRESS,True,UniswapV3,True,UNMATCHED
0xb5ba99b34a9441d8e46c9a243bf10d5d996e859e8af3d47fac7730593e8e4efc,1614,1614,52329205,2026-10-08T08:22:37Z,A,trace-verified native flows; all legs priced,INFERRED,0.868996,0_to_lt1,1,0x82f2e618692fbedfbebd9e02403274bfac1ba335adbdbd1b60f8994d6650c1b9,ABSENT_NO_HOOK_ADDRESS,True,AlgebraIntegral@0xc5396866|UniswapV3,True,PARTIAL_POOL_SET
0x995b98d50cc47865304a7ceaa4b3f1f7b0169310e09b196b902da0fa3fcc253b,1615,1615,52329206,2026-10-08T08:22:39Z,A,trace-verified native flows; all legs priced,INFERRED,0.177821,0_to_lt1,1,0x82f2e618692fbedfbebd9e02403274bfac1ba335adbdbd1b60f8994d6650c1b9,ABSENT_NO_HOOK_ADDRESS,True,AlgebraIntegral@0xc5396866|UniswapV3,True,PARTIAL_POOL_SET
0xe8feb0c691294dc4af24b16a373947d74cb9cade183e7d5f1f229a6138ebc596,1616,1616,52329210,2026-10-08T08:22:47Z,A,trace-verified native flows; all legs priced,INFERRED,0.199812,0_to_lt1,1,0x82f2e618692fbedfbebd9e02403274bfac1ba335adbdbd1b60f8994d6650c1b9,ABSENT_NO_HOOK_ADDRESS,True,AlgebraIntegral@0xc5396866|UniswapV3,True,PARTIAL_POOL_SET
0x62b081cec6b3b0b9764f1e2aeb4d18b3c42c2352cc0778663e127bfb6bbd5ab2,1617,1617,52329211,2026-10-08T08:22:49Z,B,"log-reconstructed (no native legs, no ext payouts); not trace-checked",MISSING,0.419996,0_to_lt1,1,0x7681c00520c26da8d8970c21a65461c726f274068eb08743debc1178e697044e,ABSENT_NO_HOOK_ADDRESS,True,Aerodrome-Slipstream,False,UNMATCHED
0x97b14b3595fa53e99362fbb902bd8131d161062008074ded63905fa7a90ce4a1,1618,1618,52329211,2026-10-08T08:22:49Z,B,"log-reconstructed (no native legs, no ext payouts); not trace-checked",MISSING,0.197216,0_to_lt1,1,0xf13203ddbf2c9816a79b656a1a952521702715d92fea465b84ae2ed6e94a7f22,ABSENT_NO_HOOK_ADDRESS,True,Aerodrome-Slipstream,False,UNMATCHED
0x41e253aee4324e84e827c39c147eaf377f985d268ffffbefd9b08ab5239813fa,1619,1619,52329211,2026-10-08T08:22:49Z,B,"log-reconstructed (no native legs, no ext payouts); not trace-checked",MISSING,0.04838,0_to_lt1,1,0xe1d05fe2b899df927bc67e5eedaccb95d06bf7c769ed68469bb773615f2401f8,ABSENT_NO_HOOK_ADDRESS,True,Aerodrome-Slipstream,False,UNMATCHED
0x08cb63b6ff36fe9f9bfd759745cf6e0da576c025c59da9da699ff3d2ca82ef4a,1621,1621,52329239,2026-10-08T08:23:45Z,B,"log-reconstructed (no native legs, no ext payouts); not trace-checked",MISSING,0.054105,0_to_lt1,1,0x723e3c6bf63baa05f38ac34b1801aca48bad08ee053ba87d302443ea33a11df5,ABSENT_NO_HOOK_ADDRESS,True,Aerodrome-Slipstream3,True,UNMATCHED
0xbffd72cb164a09883aa1b2299331eea5d98898f40ad607e7544aa5ddbde738a7,1625,1625,52329308,2026-10-08T08:26:03Z,B,"log-reconstructed (no native legs, no ext payouts); not trace-checked",MISSING,0.005112,0_to_lt1,2,0x82f2e618692fbedfbebd9e02403274bfac1ba335adbdbd1b60f8994d6650c1b9|0xa538ddddba574a46d5e850bca82d4bcea39eece7eab5f52a1c0634ca52d6b82e,ABSENT_NO_HOOK_ADDRESS,True,,True,UNMATCHABLE
0xa85e3fd6269d7cc88a39314f5fa1178f45dad923b3cc16e7c34ab8b71868b577,1627,1627,52329310,2026-10-08T08:26:07Z,B,"log-reconstructed (no native legs, no ext payouts); not trace-checked",MISSING,0.006965,0_to_lt1,2,0x82f2e618692fbedfbebd9e02403274bfac1ba335adbdbd1b60f8994d6650c1b9|0xa538ddddba574a46d5e850bca82d4bcea39eece7eab5f52a1c0634ca52d6b82e,ABSENT_NO_HOOK_ADDRESS,True,,True,UNMATCHABLE
0xd39950732e21f6d927a43c23896df41c06a2619cb738b59698512d42e890b284,1629,1629,52329318,2026-10-08T08:26:23Z,B,"log-reconstructed (no native legs, no ext payouts); not trace-checked",MISSING,0.009421,0_to_lt1,2,0x82f2e618692fbedfbebd9e02403274bfac1ba335adbdbd1b60f8994d6650c1b9|0xa538ddddba574a46d5e850bca82d4bcea39eece7eab5f52a1c0634ca52d6b82e,ABSENT_NO_HOOK_ADDRESS,True,,True,UNMATCHABLE
0x04a727e0202ac78a0cb2df8fe1d0d57ff20db32e0eb042a6f500d527859fef30,1630,1630,52329336,2026-10-08T08:26:59Z,B,"log-reconstructed (no native legs, no ext payouts); not trace-checked",MISSING,0.087005,0_to_lt1,1,0x82f2e618692fbedfbebd9e02403274bfac1ba335adbdbd1b60f8994d6650c1b9,ABSENT_NO_HOOK_ADDRESS,True,UniswapV3,True,UNMATCHED
0xfb94604f47407097aa4bec2a2b2e7b892d59a4c01e270da44aec5c0d69958893,1631,1631,52329342,2026-10-08T08:27:11Z,B,"log-reconstructed (no native legs, no ext payouts); not trace-checked",MISSING,0.076617,0_to_lt1,1,0x82f2e618692fbedfbebd9e02403274bfac1ba335adbdbd1b60f8994d6650c1b9,ABSENT_NO_HOOK_ADDRESS,True,UniswapV3,True,UNMATCHED
0xe03bf208fe3a790d2940c46606ca7992b6cefb26a1918743060a3ffe9f3d38b8,1632,1632,52329343,2026-10-08T08:27:13Z,B,"log-reconstructed (no native legs, no ext payouts); not trace-checked",MISSING,0.012504,0_to_lt1,1,0xa538ddddba574a46d5e850bca82d4bcea39eece7eab5f52a1c0634ca52d6b82e,ABSENT_NO_HOOK_ADDRESS,True,UniswapV3,True,UNMATCHED
0x5255d46485b8aa53d01cf32e4d88a9db057b4ecdc53b8851aebf23789bccf66c,1633,1633,52329344,2026-10-08T08:27:15Z,B,"log-reconstructed (no native legs, no ext payouts); not trace-checked",MISSING,0.009954,0_to_lt1,2,0x82f2e618692fbedfbebd9e02403274bfac1ba335adbdbd1b60f8994d6650c1b9|0xa538ddddba574a46d5e850bca82d4bcea39eece7eab5f52a1c0634ca52d6b82e,ABSENT_NO_HOOK_ADDRESS,True,,True,UNMATCHABLE
0x20135228bb3f4bd84c463be6ce86a5f3021efb185de2e44b2ab0bba5362fb826,1634,1634,52329349,2026-10-08T08:27:25Z,B,"log-reconstructed (no native legs, no ext payouts); not trace-checked",MISSING,0.017959,0_to_lt1,2,0x82f2e618692fbedfbebd9e02403274bfac1ba335adbdbd1b60f8994d6650c1b9|0xa538ddddba574a46d5e850bca82d4bcea39eece7eab5f52a1c0634ca52d6b82e,ABSENT_NO_HOOK_ADDRESS,True,,True,UNMATCHABLE
0x04ac2d78c6c708438cac16e817390ac346e0ffd7ade09ec11c8122eed8746b4d,1635,1635,52329352,2026-10-08T08:27:31Z,A,trace-verified native flows; all legs priced,INFERRED,0.303429,0_to_lt1,2,0x0d7907a60607d885d5d267d70bb1abff723b43cb4ff61f4554803d823a004232|0xec230d349a2829e85ad16c53b78426b9f3028447a09a4fd21111733f46ba4394,ABSENT_NO_HOOK_ADDRESS,True,UniswapV3,True,PARTIAL_POOL_UNSUPPORTED_VENUE
0x401a8a83e365107d06265c384c2edee1d1d4439e0da97884e5ed72261ab5b7b3,1636,1636,52329352,2026-10-08T08:27:31Z,B,"log-reconstructed (no native legs, no ext payouts); not trace-checked",MISSING,0.032859,0_to_lt1,2,0x0d7907a60607d885d5d267d70bb1abff723b43cb4ff61f4554803d823a004232|0x4662aba1ac02e86d769af390eeb3502dfd4f6fe3710e9d6594466269671fa70b,ABSENT_NO_HOOK_ADDRESS,True,,True,UNMATCHABLE
0xf374348e4033f3348b7c5e5c557c2a64b1b84f3cdbc5d62f1f8598f8b7720e1a,1637,1637,52329353,2026-10-08T08:27:33Z,B,"log-reconstructed (no native legs, no ext payouts); not trace-checked",MISSING,0.026401,0_to_lt1,2,0x82f2e618692fbedfbebd9e02403274bfac1ba335adbdbd1b60f8994d6650c1b9|0xa538ddddba574a46d5e850bca82d4bcea39eece7eab5f52a1c0634ca52d6b82e,ABSENT_NO_HOOK_ADDRESS,True,,True,UNMATCHABLE
0xf75d05749ed5096f1ef53382c133aab14402699c55222f8e3f8e853015a0118e,1638,1638,52329353,2026-10-08T08:27:33Z,B,"log-reconstructed (no native legs, no ext payouts); not trace-checked",MISSING,0.023763,0_to_lt1,1,0xa538ddddba574a46d5e850bca82d4bcea39eece7eab5f52a1c0634ca52d6b82e,ABSENT_NO_HOOK_ADDRESS,True,UniswapV3,True,UNMATCHED
0x0012b6f04af41446651fbf372e105131ac196d056402ff321f07c4c25c57a760,1639,1639,52329356,2026-10-08T08:27:39Z,B,"log-reconstructed (no native legs, no ext payouts); not trace-checked",MISSING,0.005979,0_to_lt1,2,0x82f2e618692fbedfbebd9e02403274bfac1ba335adbdbd1b60f8994d6650c1b9|0xa538ddddba574a46d5e850bca82d4bcea39eece7eab5f52a1c0634ca52d6b82e,ABSENT_NO_HOOK_ADDRESS,True,,True,UNMATCHABLE
0x53e2820e87a7a05dfd1135b320ac08a6968ce2f7c826bc24923f904210603e22,1640,1640,52329358,2026-10-08T08:27:43Z,B,"log-reconstructed (no native legs, no ext payouts); not trace-checked",MISSING,0.008985,0_to_lt1,2,0x82f2e618692fbedfbebd9e02403274bfac1ba335adbdbd1b60f8994d6650c1b9|0xa538ddddba574a46d5e850bca82d4bcea39eece7eab5f52a1c0634ca52d6b82e,ABSENT_NO_HOOK_ADDRESS,True,,True,UNMATCHABLE
0x6c7a9cfb056d0b783ac55a0f2183b9fb12e0527fef9f41c9068593e87bde9d29,1641,1641,52329360,2026-10-08T08:27:47Z,B,"log-reconstructed (no native legs, no ext payouts); not trace-checked",MISSING,0.011973,0_to_lt1,2,0x82f2e618692fbedfbebd9e02403274bfac1ba335adbdbd1b60f8994d6650c1b9|0xa538ddddba574a46d5e850bca82d4bcea39eece7eab5f52a1c0634ca52d6b82e,ABSENT_NO_HOOK_ADDRESS,True,,True,UNMATCHABLE
0x657644e7fbf0cd50ca31b7485b7f8e598fdff74f46530c6913c656365662dadb,1644,1644,52329374,2026-10-08T08:28:15Z,A,trace-verified native flows; all legs priced,INFERRED,0.130624,0_to_lt1,1,0x82f2e618692fbedfbebd9e02403274bfac1ba335adbdbd1b60f8994d6650c1b9,ABSENT_NO_HOOK_ADDRESS,True,UniswapV3,True,PARTIAL_POOL_SET
0x194d372b59a740640b270bad3c58c2af51dbd7028e2a9911885cc7a5202c0290,1645,1645,52329390,2026-10-08T08:28:47Z,B,"log-reconstructed (no native legs, no ext payouts); not trace-checked",MISSING,0.001224,0_to_lt1,1,0xa538ddddba574a46d5e850bca82d4bcea39eece7eab5f52a1c0634ca52d6b82e,ABSENT_NO_HOOK_ADDRESS,True,UniswapV3,True,UNMATCHED
0xe5e86734855aae512b59232af1bf9f9aebcd7548e1107628453db669d1836c2e,1646,1646,52329396,2026-10-08T08:28:59Z,B,"log-reconstructed (no native legs, no ext payouts); not trace-checked",MISSING,0.002648,0_to_lt1,1,0xa538ddddba574a46d5e850bca82d4bcea39eece7eab5f52a1c0634ca52d6b82e,ABSENT_NO_HOOK_ADDRESS,True,UniswapV3,True,UNMATCHED
0x970cf1c0c9bc680f0cb761a74e0f91abbf1ce79fac063af76d243e12444da2d1,1649,1649,52329411,2026-10-08T08:29:29Z,B,"log-reconstructed (no native legs, no ext payouts); not trace-checked",MISSING,0.006529,0_to_lt1,2,0x82f2e618692fbedfbebd9e02403274bfac1ba335adbdbd1b60f8994d6650c1b9|0xa538ddddba574a46d5e850bca82d4bcea39eece7eab5f52a1c0634ca52d6b82e,ABSENT_NO_HOOK_ADDRESS,True,,True,UNMATCHABLE
0x1912919719cb1db717157b43a624f7b6bd33cc420275d10e0ec16e46f9a29daa,1652,1652,52329423,2026-10-08T08:29:53Z,B,"log-reconstructed (no native legs, no ext payouts); not trace-checked",MISSING,0.006109,0_to_lt1,1,0xa538ddddba574a46d5e850bca82d4bcea39eece7eab5f52a1c0634ca52d6b82e,ABSENT_NO_HOOK_ADDRESS,True,UniswapV3,True,UNMATCHED
0x7067eaeb1bbb9946efe398f0c62a8165896b07bfd323022a2c3992ebfab33d9b,1653,1653,52329425,2026-10-08T08:29:57Z,A,trace-verified native flows; all legs priced,MISSING,0.178147,0_to_lt1,2,0x82f2e618692fbedfbebd9e02403274bfac1ba335adbdbd1b60f8994d6650c1b9|0xa538ddddba574a46d5e850bca82d4bcea39eece7eab5f52a1c0634ca52d6b82e,ABSENT_NO_HOOK_ADDRESS,True,,True,UNMATCHABLE
0x407f45eacdff9fdbb9b7649768a288839b0aa25721911ef8ee2aed603a910708,1654,1654,52329426,2026-10-08T08:29:59Z,B,"log-reconstructed (no native legs, no ext payouts); not trace-checked",MISSING,0.009529,0_to_lt1,1,0xa538ddddba574a46d5e850bca82d4bcea39eece7eab5f52a1c0634ca52d6b82e,ABSENT_NO_HOOK_ADDRESS,True,UniswapV3,True,UNMATCHED
0x281ecc4d5f9a6d210371e0a3ad5d68e17837a8b9944d941afe2f6feca1edaa19,1655,1655,52329428,2026-10-08T08:30:03Z,B,"log-reconstructed (no native legs, no ext payouts); not trace-checked",INFERRED,1.018529,1_to_lt25,2,0x7f6e6b45272e29a2eaa06316a5be752a523b2f510e61fff5072bc5913a6ba78e|0xf2c1043ffd849010edeb60d1484bac299dcb1b692e457df366158f9e1b54c5e3,ABSENT_NO_HOOK_ADDRESS,True,UniswapV3,True,UNMATCHED
0x0058d0fd2fed1e229e00834929ccc60f980fc7b1ba6cd1604320d4d6b6a3ab8f,1656,1656,52329429,2026-10-08T08:30:05Z,B,"log-reconstructed (no native legs, no ext payouts); not trace-checked",MISSING,0.015638,0_to_lt1,1,0xf2c1043ffd849010edeb60d1484bac299dcb1b692e457df366158f9e1b54c5e3,ABSENT_NO_HOOK_ADDRESS,True,UniswapV3,True,UNMATCHED
0x2e7ff4ba823d1069be917c388f04848ea52fe33cffff5ba180173bece8a98787,1657,1657,52329444,2026-10-08T08:30:35Z,B,"log-reconstructed (no native legs, no ext payouts); not trace-checked",MISSING,0.010648,0_to_lt1,1,0xa538ddddba574a46d5e850bca82d4bcea39eece7eab5f52a1c0634ca52d6b82e,ABSENT_NO_HOOK_ADDRESS,True,UniswapV3,True,UNMATCHED
0xfd2949243e53bc7c414eb40557aaa6ff16b3244a7b6aa29ec2bc2cbf1d0a4fa9,1662,1662,52329493,2026-10-08T08:32:13Z,B,"log-reconstructed (no native legs, no ext payouts); not trace-checked",MISSING,0.019641,0_to_lt1,2,0x6a780698b9e0d91759a99b81518972cff028c102e853aaac1e73c15b33a6eb9c|0xf624cc34ae3c84ed9ac86cbc2040a76b0db5911d4043876859569122c93273e3,ABSENT_NO_HOOK_ADDRESS,True,,True,UNMATCHABLE
0x3ab5d1e6f1168b0ed11e9fd0753a1b17132630fb73d86c63ec66a7810f2f728e,1663,1663,52329493,2026-10-08T08:32:13Z,B,"log-reconstructed (no native legs, no ext payouts); not trace-checked",MISSING,0.013796,0_to_lt1,2,0x6a780698b9e0d91759a99b81518972cff028c102e853aaac1e73c15b33a6eb9c|0xf624cc34ae3c84ed9ac86cbc2040a76b0db5911d4043876859569122c93273e3,ABSENT_NO_HOOK_ADDRESS,True,,True,UNMATCHABLE
0x2cfc423f876b5b77f71eaf9e8c682d82ea0e6970a8dfc35d9348065ee88d628b,1666,1666,52329499,2026-10-08T08:32:25Z,B,"log-reconstructed (no native legs, no ext payouts); not trace-checked",MISSING,0.149778,0_to_lt1,1,0xf13203ddbf2c9816a79b656a1a952521702715d92fea465b84ae2ed6e94a7f22,ABSENT_NO_HOOK_ADDRESS,True,UniswapV3,True,UNMATCHED
0x417869640aa638302c01b69d4d1f706781c69293aeb1b62f555eda520de2495f,1667,1667,52329502,2026-10-08T08:32:31Z,B,"log-reconstructed (no native legs, no ext payouts); not trace-checked",MISSING,0.090537,0_to_lt1,1,0xf13203ddbf2c9816a79b656a1a952521702715d92fea465b84ae2ed6e94a7f22,ABSENT_NO_HOOK_ADDRESS,True,UniswapV3,True,UNMATCHED
0x27e5ffa211644834427728c6a0e04da896e3d57b4899220035314121bb26b9d6,1668,1668,52329503,2026-10-08T08:32:33Z,B,"log-reconstructed (no native legs, no ext payouts); not trace-checked",INFERRED,0.185331,0_to_lt1,1,0xfba2c4592d32a4e2e6393b8898f9110b4e272983f4bd416b38f81672a17fe3dc,ABSENT_NO_HOOK_ADDRESS,True,UniswapV3,True,UNMATCHED
0x25aadc603512fa27a69c2e5344e0a5f2be75a08e9ef70bf1fe9e9045fc8078b0,1669,1669,52329513,2026-10-08T08:32:53Z,A,trace-verified native flows; all legs priced,MISSING,1.123472,1_to_lt25,1,0xfba2c4592d32a4e2e6393b8898f9110b4e272983f4bd416b38f81672a17fe3dc,ABSENT_NO_HOOK_ADDRESS,True,UniswapV3,True,UNMATCHED
0x8f0525dd341b565101d309c60ec2ae5b111be136715d73e16d78737adf686d85,1673,1673,52329545,2026-10-08T08:33:57Z,B,"log-reconstructed (no native legs, no ext payouts); not trace-checked",INFERRED,0.114542,0_to_lt1,1,0xfba2c4592d32a4e2e6393b8898f9110b4e272983f4bd416b38f81672a17fe3dc,ABSENT_NO_HOOK_ADDRESS,True,UniswapV3,True,UNMATCHED
0x1f709b5d865f0855c236052125316f847dc4f734fbe96c9cca8970c575447ab3,1674,1674,52329610,2026-10-08T08:36:07Z,A,trace-verified native flows; all legs priced,INFERRED,0.902086,0_to_lt1,3,0x49fff8ec544984d862c0c322c83bc0cfb7a9a953a7d4d4d352a2aff27f7602cf|0x82f2e618692fbedfbebd9e02403274bfac1ba335adbdbd1b60f8994d6650c1b9|0xc182f1ecba08d18a6fccac90098d8bfda545b925a7e7fb9af7739137243fc496,ABSENT_NO_HOOK_ADDRESS,True,UniswapV3,True,PARTIAL_POOL_UNSUPPORTED_VENUE
0x6d6e73dc1bbf706362cd270f9c17b98292692de3a4c2fd9a0edeefcfb9edede0,1676,1676,52329618,2026-10-08T08:36:23Z,A,trace-verified native flows; all legs priced,MISSING,0.115905,0_to_lt1,1,0x1d8c55f347727c0fb4f5e1b65cdb93639e0c7102580a7d345e1144cd5a718f54,ABSENT_NO_HOOK_ADDRESS,True,AlgebraIntegral@0xc5396866,True,UNMATCHED
0x9a94e72155ddf97716e771da624967a5f225bc9941e893af6ff2237d7292890c,1679,1679,52329634,2026-10-08T08:36:55Z,B,"log-reconstructed (no native legs, no ext payouts); not trace-checked",MISSING,0.145989,0_to_lt1,1,0x82f2e618692fbedfbebd9e02403274bfac1ba335adbdbd1b60f8994d6650c1b9,ABSENT_NO_HOOK_ADDRESS,True,UniswapV3,True,UNMATCHED
0xad028b900e14f46cec655746d9446e81ee2303b501a1058a1870c45c92d1e14b,1682,1682,52329679,2026-10-08T08:38:25Z,B,"log-reconstructed (no native legs, no ext payouts); not trace-checked",MISSING,0.001579,0_to_lt1,1,0xa538ddddba574a46d5e850bca82d4bcea39eece7eab5f52a1c0634ca52d6b82e,ABSENT_NO_HOOK_ADDRESS,True,UniswapV3,True,UNMATCHED
0x583a0ce12a1a88d288574f293e1f516831e893e5f07b5b6628f77217058fb406,1685,1685,52329717,2026-10-08T08:39:41Z,A,trace-verified native flows; all legs priced,INFERRED,1.775036,1_to_lt25,3,0x6d988cd03b4393d0a6be80d17c3e2a82e5d2d239e39b8873637144cf302bddf1|0x7681c00520c26da8d8970c21a65461c726f274068eb08743debc1178e697044e|0xc182f1ecba08d18a6fccac90098d8bfda545b925a7e7fb9af7739137243fc496,ABSENT_NO_HOOK_ADDRESS,True,UniswapV3,True,PARTIAL_POOL_UNSUPPORTED_VENUE
0xf23f273a8d68efff0ca551b85ce70fed2934732db1711d00125013835450ba87,1687,1687,52329737,2026-10-08T08:40:21Z,B,"log-reconstructed (no native legs, no ext payouts); not trace-checked",MISSING,0.015149,0_to_lt1,2,0xc182f1ecba08d18a6fccac90098d8bfda545b925a7e7fb9af7739137243fc496|0xfba2c4592d32a4e2e6393b8898f9110b4e272983f4bd416b38f81672a17fe3dc,ABSENT_NO_HOOK_ADDRESS,True,UniswapV3,True,UNMATCHED
0x23234a728b808ff691a4510993b3741713bf86285ff37a6d6f383f3e1e841590,1688,1688,52329741,2026-10-08T08:40:29Z,B,"log-reconstructed (no native legs, no ext payouts); not trace-checked",INFERRED,0.246816,0_to_lt1,1,0xf2c1043ffd849010edeb60d1484bac299dcb1b692e457df366158f9e1b54c5e3,ABSENT_NO_HOOK_ADDRESS,True,UniswapV3,True,UNMATCHED
0xd7440b5e841dae2db3cff4fb1978be08790bbc6bfc909854fdcfef296eef1a73,1690,1690,52329793,2026-10-08T08:42:13Z,A,trace-verified native flows; all legs priced,MISSING,0.014098,0_to_lt1,3,0x3dd26c114a0bce106954c12d8584b3b91d5d72a960c20a49dabd79c0619785c5|0x6d988cd03b4393d0a6be80d17c3e2a82e5d2d239e39b8873637144cf302bddf1|0xfba2c4592d32a4e2e6393b8898f9110b4e272983f4bd416b38f81672a17fe3dc,ABSENT_NO_HOOK_ADDRESS,True,,True,UNMATCHABLE
0xabeed5f90ea23fe82aa387653cb939f26b5d761f96f4ed8b72309d813b49fe5d,1691,1691,52329801,2026-10-08T08:42:29Z,A,trace-verified native flows; all legs priced,MISSING,0.009847,0_to_lt1,3,0x3dd26c114a0bce106954c12d8584b3b91d5d72a960c20a49dabd79c0619785c5|0x6d988cd03b4393d0a6be80d17c3e2a82e5d2d239e39b8873637144cf302bddf1|0x7681c00520c26da8d8970c21a65461c726f274068eb08743debc1178e697044e,ABSENT_NO_HOOK_ADDRESS,True,,True,UNMATCHABLE
0x38f38a27ad1c54b57eb4b332f13d91c87993d73d9e92f9299d8fe3023c6d0c57,1692,1692,52329808,2026-10-08T08:42:43Z,B,"log-reconstructed (no native legs, no ext payouts); not trace-checked",MISSING,0.014252,0_to_lt1,3,0x3dd26c114a0bce106954c12d8584b3b91d5d72a960c20a49dabd79c0619785c5|0x6d988cd03b4393d0a6be80d17c3e2a82e5d2d239e39b8873637144cf302bddf1|0xfba2c4592d32a4e2e6393b8898f9110b4e272983f4bd416b38f81672a17fe3dc,ABSENT_NO_HOOK_ADDRESS,True,,True,UNMATCHABLE
0xf9948f88ba791c1e9305b070ca45be5aa7d87043fbe97705b8f96761474784df,1695,1695,52329820,2026-10-08T08:43:07Z,B,"log-reconstructed (no native legs, no ext payouts); not trace-checked",MISSING,0.218711,0_to_lt1,3,0x3dd26c114a0bce106954c12d8584b3b91d5d72a960c20a49dabd79c0619785c5|0x82f2e618692fbedfbebd9e02403274bfac1ba335adbdbd1b60f8994d6650c1b9|0xf13203ddbf2c9816a79b656a1a952521702715d92fea465b84ae2ed6e94a7f22,ABSENT_NO_HOOK_ADDRESS,True,,True,UNMATCHABLE
0x06344fd84486a22e76b10b16498735d32ebc358c300f1b9786dfe9f55c094a08,1696,1696,52329835,2026-10-08T08:43:37Z,B,"log-reconstructed (no native legs, no ext payouts); not trace-checked",MISSING,0.02842,0_to_lt1,2,0x6d988cd03b4393d0a6be80d17c3e2a82e5d2d239e39b8873637144cf302bddf1|0x82f2e618692fbedfbebd9e02403274bfac1ba335adbdbd1b60f8994d6650c1b9,ABSENT_NO_HOOK_ADDRESS,True,,True,UNMATCHABLE
0xfd23c419976d11518f1526d873fe513335d49dbf1006a7a1ba762ba0d3bb5e12,1697,1697,52329852,2026-10-08T08:44:11Z,B,"log-reconstructed (no native legs, no ext payouts); not trace-checked",MISSING,0.030478,0_to_lt1,2,0x6d988cd03b4393d0a6be80d17c3e2a82e5d2d239e39b8873637144cf302bddf1|0x82f2e618692fbedfbebd9e02403274bfac1ba335adbdbd1b60f8994d6650c1b9,ABSENT_NO_HOOK_ADDRESS,True,,True,UNMATCHABLE
0x5a2dd5cf8627890d55cdc32bc55a3ec01133bb714bdeb49f3eccf93fc346f634,1700,1700,52329903,2026-10-08T08:45:53Z,B,"log-reconstructed (no native legs, no ext payouts); not trace-checked",MISSING,0.001326,0_to_lt1,2,0xa158f17456688662960aa599c762f3772bc838f124a9b8d9cf77ca52e21c1696|0xa538ddddba574a46d5e850bca82d4bcea39eece7eab5f52a1c0634ca52d6b82e,ABSENT_NO_HOOK_ADDRESS,True,,True,UNMATCHABLE
0x30fd741bf5d6e49e3f7b4fc7ba690e870775c7b20c1251afe46c751bc93959d3,1701,1701,52329906,2026-10-08T08:45:59Z,B,"log-reconstructed (no native legs, no ext payouts); not trace-checked",MISSING,0.006997,0_to_lt1,2,0x82f2e618692fbedfbebd9e02403274bfac1ba335adbdbd1b60f8994d6650c1b9|0xa158f17456688662960aa599c762f3772bc838f124a9b8d9cf77ca52e21c1696,ABSENT_NO_HOOK_ADDRESS,True,,True,UNMATCHABLE
0x3a757b1403ec756524c9229670533c997c9fc135970905f609b8bdda6bd26b67,1705,1705,52329944,2026-10-08T08:47:15Z,B,"log-reconstructed (no native legs, no ext payouts); not trace-checked",MISSING,0.00813,0_to_lt1,1,0xa158f17456688662960aa599c762f3772bc838f124a9b8d9cf77ca52e21c1696,ABSENT_NO_HOOK_ADDRESS,True,UniswapV3,True,UNMATCHED
0x1305d9f38311dec326d5ff40507ccd48b91f2f676f5a7413438db710e9e68a4d,1707,1707,52329956,2026-10-08T08:47:39Z,B,"log-reconstructed (no native legs, no ext payouts); not trace-checked",MISSING,0.005556,0_to_lt1,2,0x82f2e618692fbedfbebd9e02403274bfac1ba335adbdbd1b60f8994d6650c1b9|0xa158f17456688662960aa599c762f3772bc838f124a9b8d9cf77ca52e21c1696,ABSENT_NO_HOOK_ADDRESS,True,,True,UNMATCHABLE
0x7866f4fe242f8997dd7920493edc39ddacd97cbfb7471b0d19c6d9c749b20b0c,1709,1709,52329972,2026-10-08T08:48:11Z,B,"log-reconstructed (no native legs, no ext payouts); not trace-checked",MISSING,0.006683,0_to_lt1,2,0x6d988cd03b4393d0a6be80d17c3e2a82e5d2d239e39b8873637144cf302bddf1|0xa158f17456688662960aa599c762f3772bc838f124a9b8d9cf77ca52e21c1696,ABSENT_NO_HOOK_ADDRESS,True,,True,UNMATCHABLE
0xbbdcb64d30e6bf3cfdb1e10d1f37ea1a000dc78e184d4a4d9478e04cc4f88906,1711,1711,52329979,2026-10-08T08:48:25Z,B,"log-reconstructed (no native legs, no ext payouts); not trace-checked",MISSING,0.025008,0_to_lt1,2,0x6d988cd03b4393d0a6be80d17c3e2a82e5d2d239e39b8873637144cf302bddf1|0xa158f17456688662960aa599c762f3772bc838f124a9b8d9cf77ca52e21c1696,ABSENT_NO_HOOK_ADDRESS,True,,True,UNMATCHABLE
0x77a0b0f0b821398382cee5251c835f256669888295ea2cefa205e9bbb04210aa,1712,1712,52329990,2026-10-08T08:48:47Z,B,"log-reconstructed (no native legs, no ext payouts); not trace-checked",INFERRED,0.031258,0_to_lt1,2,0x82f2e618692fbedfbebd9e02403274bfac1ba335adbdbd1b60f8994d6650c1b9|0xa158f17456688662960aa599c762f3772bc838f124a9b8d9cf77ca52e21c1696,ABSENT_NO_HOOK_ADDRESS,True,,True,UNMATCHABLE
0x6cafef14ca5fb18b6f27a8a0c463d1dd24213a7eb8b19512544ffc229db19b61,1713,1713,52329995,2026-10-08T08:48:57Z,C,"payout to a non-owner, non-tip address (could be a user fill or revenue share)",MISSING,,kept_null,1,0x867dbb1b6417abcb3696d5a5d9cc38cbf9f0f6d17355515fe1c8303e791832c4,ABSENT_NO_HOOK_ADDRESS,True,Aerodrome-V2,False,UNMATCHED
0xc1cbc489484bee25224aa55e7359834646157c47848067ba55077496a7a912c2,1718,1718,52329997,2026-10-08T08:49:01Z,D,cyclic_v4_unresolved,MISSING,,kept_null,2,0x2fbe93bf7177596c5d04675bdcef7bacaf98bd954dc26829fcda39f122239459|0xe0bd164bed669a7aff3a7a42637f81bf2af6aef6892c841b9e60733ab8cbed25,ABSENT_NO_HOOK_ADDRESS,True,Aerodrome-Slipstream,True,UNMATCHED
0xf5e60f8f05b660086f84e2c8c50c666d090aef4423c709c1e42b73d29c877c9f,1719,1719,52329997,2026-10-08T08:49:01Z,A,trace-verified native flows; all legs priced,MISSING,1.354786,1_to_lt25,1,0xe0bd164bed669a7aff3a7a42637f81bf2af6aef6892c841b9e60733ab8cbed25,ABSENT_NO_HOOK_ADDRESS,True,Aerodrome-Slipstream,True,UNMATCHED
0x769dae7c3e6a5faccd8fbdd1bb4cf399870e9aa5bc43caca5d79543bbb250b3b,1720,1720,52329997,2026-10-08T08:49:01Z,B,"log-reconstructed (no native legs, no ext payouts); not trace-checked",MISSING,0.026979,0_to_lt1,1,0xe0bd164bed669a7aff3a7a42637f81bf2af6aef6892c841b9e60733ab8cbed25,ABSENT_NO_HOOK_ADDRESS,True,Aerodrome-Slipstream,True,UNMATCHED
0x7c146734b25c9bd74564af6cf390453d5fa5b2fb17ad8b3ff9a1b698654abafc,1721,1721,52329997,2026-10-08T08:49:01Z,B,"log-reconstructed (no native legs, no ext payouts); not trace-checked",MISSING,0.055556,0_to_lt1,1,0xe0bd164bed669a7aff3a7a42637f81bf2af6aef6892c841b9e60733ab8cbed25,ABSENT_NO_HOOK_ADDRESS,True,Aerodrome-Slipstream,True,UNMATCHED
0x81192c6193e37e2ee3b6b214ca9474f5a64fc60ecceba9f32a406ab12c6e7031,1726,1726,52330014,2026-10-08T08:49:35Z,B,"log-reconstructed (no native legs, no ext payouts); not trace-checked",MISSING,0.005717,0_to_lt1,2,0x6d988cd03b4393d0a6be80d17c3e2a82e5d2d239e39b8873637144cf302bddf1|0xa538ddddba574a46d5e850bca82d4bcea39eece7eab5f52a1c0634ca52d6b82e,ABSENT_NO_HOOK_ADDRESS,True,,True,UNMATCHABLE
0x29fcdcb57393d881f0e55992d4dc0ef204217dfc6c3c6230979fdf510109f269,1727,1727,52330027,2026-10-08T08:50:01Z,B,"log-reconstructed (no native legs, no ext payouts); not trace-checked",MISSING,0.014396,0_to_lt1,2,0x6d988cd03b4393d0a6be80d17c3e2a82e5d2d239e39b8873637144cf302bddf1|0xa158f17456688662960aa599c762f3772bc838f124a9b8d9cf77ca52e21c1696,ABSENT_NO_HOOK_ADDRESS,True,,True,UNMATCHABLE
0x39db7efdb4c8a6b92ca501202a6d0271eae050716adeb14d63a9447f21420beb,1733,1733,52330096,2026-10-08T08:52:19Z,A,trace-verified native flows; all legs priced,MISSING,0.022282,0_to_lt1,1,0x118c35025bc6ced5aa6ffca380943d3a34b5efa84737e41333936f94c3eae77d,ABSENT_NO_HOOK_ADDRESS,True,Aerodrome-Slipstream,False,UNMATCHED
0x734858287ecff018c4fdcd9d4daf8900b2a6e14fc97078d23afcd9aedb8f6c02,1734,1734,52330105,2026-10-08T08:52:37Z,A,trace-verified native flows; all legs priced,INFERRED,0.70088,0_to_lt1,2,0x6efe8847be3c760aa1b4acceecc652edb12b0b7c3ab4192c97874b868092148a|0xa158f17456688662960aa599c762f3772bc838f124a9b8d9cf77ca52e21c1696,ABSENT_NO_HOOK_ADDRESS,True,UniswapV3,True,PARTIAL_POOL_UNSUPPORTED_VENUE
0x0d0fedcc7d6bbb258b0359375e45231127f70c0a7a2a9d323402b787d0ae9bec,1735,1735,52330128,2026-10-08T08:53:23Z,B,"log-reconstructed (no native legs, no ext payouts); not trace-checked",MISSING,0.006271,0_to_lt1,2,0x6d988cd03b4393d0a6be80d17c3e2a82e5d2d239e39b8873637144cf302bddf1|0xa158f17456688662960aa599c762f3772bc838f124a9b8d9cf77ca52e21c1696,ABSENT_NO_HOOK_ADDRESS,True,,True,UNMATCHABLE
0xf6fce62836fd805e52818101202f706f8a34d5d525cc5699a5e04f40f0aef84f,1736,1736,52330139,2026-10-08T08:53:45Z,B,"log-reconstructed (no native legs, no ext payouts); not trace-checked",MISSING,0.011427,0_to_lt1,2,0x3ee6f80c42633906b695524cab46191beaf1b25efcc175aa9069dc061c54cd73|0x6d988cd03b4393d0a6be80d17c3e2a82e5d2d239e39b8873637144cf302bddf1,ABSENT_NO_HOOK_ADDRESS,True,,True,UNMATCHABLE
0xb77166620709c5b60915d1c4707b4840e88f59860f113ede917e891334dd3905,1739,1739,52330157,2026-10-08T08:54:21Z,B,"log-reconstructed (no native legs, no ext payouts); not trace-checked",MISSING,0.023687,0_to_lt1,2,0x6d988cd03b4393d0a6be80d17c3e2a82e5d2d239e39b8873637144cf302bddf1|0xa158f17456688662960aa599c762f3772bc838f124a9b8d9cf77ca52e21c1696,ABSENT_NO_HOOK_ADDRESS,True,,True,UNMATCHABLE
0x729f1b0401f33e0525a090db68bf06b4c1645dcd2f988b28e810854f043777f4,1740,1740,52330162,2026-10-08T08:54:31Z,B,"log-reconstructed (no native legs, no ext payouts); not trace-checked",MISSING,0.025034,0_to_lt1,2,0x82f2e618692fbedfbebd9e02403274bfac1ba335adbdbd1b60f8994d6650c1b9|0xa158f17456688662960aa599c762f3772bc838f124a9b8d9cf77ca52e21c1696,ABSENT_NO_HOOK_ADDRESS,True,,True,UNMATCHABLE
0xa256d37e539282b8b69dd16b149fda8e24c670ba34588fe9229bcd7dccf20232,1742,1742,52330185,2026-10-08T08:55:17Z,A,trace-verified native flows; all legs priced,INFERRED,0.223741,0_to_lt1,2,0x6d988cd03b4393d0a6be80d17c3e2a82e5d2d239e39b8873637144cf302bddf1|0xa158f17456688662960aa599c762f3772bc838f124a9b8d9cf77ca52e21c1696,ABSENT_NO_HOOK_ADDRESS,True,UniswapV3,True,PARTIAL_POOL_UNSUPPORTED_VENUE
0x434f8d50e76b09b75b30faaa9f97cdcde52dcc694a6e55c9573737104618500d,1743,1743,52330198,2026-10-08T08:55:43Z,A,trace-verified native flows; all legs priced,MISSING,0.019558,0_to_lt1,2,0x3ee6f80c42633906b695524cab46191beaf1b25efcc175aa9069dc061c54cd73|0x6d988cd03b4393d0a6be80d17c3e2a82e5d2d239e39b8873637144cf302bddf1,ABSENT_NO_HOOK_ADDRESS,True,,True,UNMATCHABLE
0xc20b521070981e11bbb9e6e5177f841a15361198d0c80f871a2ea08ca437292d,1745,1745,52330223,2026-10-08T08:56:33Z,B,"log-reconstructed (no native legs, no ext payouts); not trace-checked",INFERRED,0.033257,0_to_lt1,1,0x6d988cd03b4393d0a6be80d17c3e2a82e5d2d239e39b8873637144cf302bddf1,ABSENT_NO_HOOK_ADDRESS,True,UniswapV3,True,UNMATCHED
0x95d1dd9227fc7390e5ae832cc57ea34aad9aae93978a20c98dafb2240fb0c437,1746,1746,52330240,2026-10-08T08:57:07Z,A,trace-verified native flows; all legs priced,MISSING,0.005656,0_to_lt1,1,0x867dbb1b6417abcb3696d5a5d9cc38cbf9f0f6d17355515fe1c8303e791832c4,ABSENT_NO_HOOK_ADDRESS,True,Aerodrome-V2,False,UNMATCHED
0x89013187082c60b0ebc32e13b4410ff467c466445bb5def52f5b8f5c676e804c,1749,1749,52330253,2026-10-08T08:57:33Z,B,"log-reconstructed (no native legs, no ext payouts); not trace-checked",INFERRED,0.107495,0_to_lt1,2,0x3ee6f80c42633906b695524cab46191beaf1b25efcc175aa9069dc061c54cd73|0x6d988cd03b4393d0a6be80d17c3e2a82e5d2d239e39b8873637144cf302bddf1,ABSENT_NO_HOOK_ADDRESS,True,,True,UNMATCHABLE
0x3ad669c96324c2e354417a87c9647e9112b68558fe1c90ff61b23343db509a05,1750,1750,52330304,2026-10-08T08:59:15Z,B,"log-reconstructed (no native legs, no ext payouts); not trace-checked",MISSING,0.017222,0_to_lt1,2,0x3ee6f80c42633906b695524cab46191beaf1b25efcc175aa9069dc061c54cd73|0x82f2e618692fbedfbebd9e02403274bfac1ba335adbdbd1b60f8994d6650c1b9,ABSENT_NO_HOOK_ADDRESS,True,,True,UNMATCHABLE
0x7330e6dca293990b57e4267f6fe80670378f3ce8819d3ae9b80dd6f81e381e68,1751,1751,52330315,2026-10-08T08:59:37Z,A,trace-verified native flows; all legs priced,INFERRED,1.740645,1_to_lt25,2,0x6d988cd03b4393d0a6be80d17c3e2a82e5d2d239e39b8873637144cf302bddf1|0x82e826c1883e7b99a8d7ca002875a7ba2dc1dc1e6b0b1da1820de740e02c4a76,ABSENT_NO_HOOK_ADDRESS,True,UniswapV3,True,PARTIAL_POOL_UNSUPPORTED_VENUE
0x2edc1387066512cd951672c3cf1a7cf04fda908d0d3ea2f6218a73141b0fdf90,1753,1753,52330374,2026-10-08T09:01:35Z,B,"log-reconstructed (no native legs, no ext payouts); not trace-checked",INFERRED,0.053988,0_to_lt1,2,0x82f2e618692fbedfbebd9e02403274bfac1ba335adbdbd1b60f8994d6650c1b9|0xea4dcb6c9f8e35b6f81f94931dc917360a011b26423667cdc75e97a57f1bd2f6,ABSENT_NO_HOOK_ADDRESS,True,,True,UNMATCHABLE
0xb83691222d929c12e141faa220bd4be877a3c99e1dc43f279652b54680a51115,1757,1757,52330381,2026-10-08T09:01:49Z,D,cyclic_v4_unresolved,MISSING,,kept_null,1,0x8568d428ccb7abe9503d3006222a94195f73711146dae52cf42f0e8a3c5b811c,ABSENT_NO_HOOK_ADDRESS,False,Aerodrome-Slipstream|AlgebraIntegral@0x36077d39,True,UNMATCHED
0x76ffbffcf13e0a9b899fd484fe415fac434b8712df83b83012e87d3b78c42e86,1762,1762,52330407,2026-10-08T09:02:41Z,B,"log-reconstructed (no native legs, no ext payouts); not trace-checked",INFERRED,0.093628,0_to_lt1,2,0x3ee6f80c42633906b695524cab46191beaf1b25efcc175aa9069dc061c54cd73|0x6d988cd03b4393d0a6be80d17c3e2a82e5d2d239e39b8873637144cf302bddf1,ABSENT_NO_HOOK_ADDRESS,True,,True,UNMATCHABLE
0x248873a1de1b9e5c22522d835c2a8e692c71357d2393234bd5e094a08ad17651,1763,1763,52330407,2026-10-08T09:02:41Z,B,"log-reconstructed (no native legs, no ext payouts); not trace-checked",INFERRED,0.022357,0_to_lt1,2,0x3ee6f80c42633906b695524cab46191beaf1b25efcc175aa9069dc061c54cd73|0xea4dcb6c9f8e35b6f81f94931dc917360a011b26423667cdc75e97a57f1bd2f6,ABSENT_NO_HOOK_ADDRESS,True,,True,UNMATCHABLE
0x827c9b98b9187f503af2a56b1738ecfa40028509fa2333754fe232d534ba48af,1765,1765,52330411,2026-10-08T09:02:49Z,D,cyclic_unknown_venue,MISSING,,kept_null,1,0xe2654cc01616e962fbfcc4277c23062e59e70e39f87221d77b6d438705a5f286,ABSENT_NO_HOOK_ADDRESS,True,,True,UNMATCHABLE
0x745e6a32516fd38e949968118475542c0076ea493635db4a4886cf411ce1c80f,1766,1766,52330423,2026-10-08T09:03:13Z,A,trace-verified native flows; all legs priced,INFERRED,0.585563,0_to_lt1,1,0x867dbb1b6417abcb3696d5a5d9cc38cbf9f0f6d17355515fe1c8303e791832c4,ABSENT_NO_HOOK_ADDRESS,True,Aerodrome-V2,False,UNMATCHED
0xf821fd219bc413c443b50746911c433b5373a2169ab10b70a4d5684ad5955904,1767,1767,52330435,2026-10-08T09:03:37Z,A,trace-verified native flows; all legs priced,MISSING,1.162557,1_to_lt25,3,0x36ef2fdc1e1e700094cb8824735d04ec7032c25b94010ac61e52365a1c96b77c|0x93f900e15be5ee054dd9a874e4ecdafd2a4f27e86424ab3a4f50af84eb51dad8|0xf63fb2907e8f1067caad3dbf158bcd71b9937a054e601a7a4f8cda55e2417ce8,ABSENT_NO_HOOK_ADDRESS,True,,True,UNMATCHABLE
0x5cccc00bdd1484f8bcd97712b8aa5ce717a55a25f93c3662b9bfe4b57533b729,1770,1770,52330454,2026-10-08T09:04:15Z,B,"log-reconstructed (no native legs, no ext payouts); not trace-checked",MISSING,0.047701,0_to_lt1,1,0x3ee6f80c42633906b695524cab46191beaf1b25efcc175aa9069dc061c54cd73,ABSENT_NO_HOOK_ADDRESS,True,UniswapV3,True,UNMATCHED
0x326418dc8cdfa989eb88b35e80ac6812791fcf91cf66ba490397de9674a442c5,1771,1771,52330479,2026-10-08T09:05:05Z,B,"log-reconstructed (no native legs, no ext payouts); not trace-checked",INFERRED,0.128531,0_to_lt1,1,0x3ee6f80c42633906b695524cab46191beaf1b25efcc175aa9069dc061c54cd73,ABSENT_NO_HOOK_ADDRESS,True,UniswapV3,True,UNMATCHED
0x437a98d0718a88d2f4648d0c075e559379de1821107a0d6e05897180558e6b02,1772,1772,52330491,2026-10-08T09:05:29Z,B,"log-reconstructed (no native legs, no ext payouts); not trace-checked",MISSING,0.01808,0_to_lt1,2,0x3ee6f80c42633906b695524cab46191beaf1b25efcc175aa9069dc061c54cd73|0xea4dcb6c9f8e35b6f81f94931dc917360a011b26423667cdc75e97a57f1bd2f6,ABSENT_NO_HOOK_ADDRESS,True,,True,UNMATCHABLE
0x04fe5bc1647f57d3299d036d019af0a7e182e380c4b256e6c45605df1ee221a2,1775,1775,52330529,2026-10-08T09:06:45Z,B,"log-reconstructed (no native legs, no ext payouts); not trace-checked",MISSING,0.006648,0_to_lt1,2,0x90333bb05c258fe0dddb2840ef66f1a05165aa7dac6815d24e807cc6ebd943a0|0xac69c39b66475c53ae7f3e2b60c9eba57102bc16ad9d8ccccd68d7e98cff0ead,ABSENT_NO_HOOK_ADDRESS,True,Aerodrome-Slipstream,True,UNMATCHED
0x8ff0374b6632cbd6cbeeab18d724b720d2f3791b04eca14b53551da3290071c1,1778,1778,52330578,2026-10-08T09:08:23Z,A,trace-verified native flows; all legs priced,INFERRED,1.033541,1_to_lt25,2,0x0f69fe7ede1ae7da272e1a75a53d01ef6e1ee2d166fd204aa4a4d850d6257e6b|0x82e826c1883e7b99a8d7ca002875a7ba2dc1dc1e6b0b1da1820de740e02c4a76,ABSENT_NO_HOOK_ADDRESS,True,UniswapV3,True,PARTIAL_POOL_UNSUPPORTED_VENUE
0xa3734e779fadf172bd27c7e9f9626c2d953b3e6e9c82cc10bfc2ca8396fb7c29,1779,1779,52330586,2026-10-08T09:08:39Z,B,"log-reconstructed (no native legs, no ext payouts); not trace-checked",MISSING,0.01358,0_to_lt1,2,0x7681c00520c26da8d8970c21a65461c726f274068eb08743debc1178e697044e|0x82e826c1883e7b99a8d7ca002875a7ba2dc1dc1e6b0b1da1820de740e02c4a76,ABSENT_NO_HOOK_ADDRESS,True,UniswapV3,True,UNMATCHED
0x2abf0efab571a768ad9f02237e779464b97c14b74a64f99c194b7a5b34201894,1782,1782,52330630,2026-10-08T09:10:07Z,A,trace-verified native flows; all legs priced,INFERRED,0.448561,0_to_lt1,1,0x6d988cd03b4393d0a6be80d17c3e2a82e5d2d239e39b8873637144cf302bddf1,ABSENT_NO_HOOK_ADDRESS,True,UniswapV3,True,PARTIAL_POOL_SET
0x06ea28128a0af78eb3654c85547bad498d6fe5dfe8325c977acec273cb3eac33,1783,1783,52330630,2026-10-08T09:10:07Z,B,"log-reconstructed (no native legs, no ext payouts); not trace-checked",INFERRED,0.050909,0_to_lt1,2,0x6d988cd03b4393d0a6be80d17c3e2a82e5d2d239e39b8873637144cf302bddf1|0xea4dcb6c9f8e35b6f81f94931dc917360a011b26423667cdc75e97a57f1bd2f6,ABSENT_NO_HOOK_ADDRESS,True,,True,UNMATCHABLE
0x72c09acab49f701df0b5b3e56e4f017edcf7421189624f7e6b4e913bf03affe5,1784,1784,52330630,2026-10-08T09:10:07Z,B,"log-reconstructed (no native legs, no ext payouts); not trace-checked",INFERRED,0.036562,0_to_lt1,2,0x6d988cd03b4393d0a6be80d17c3e2a82e5d2d239e39b8873637144cf302bddf1|0xfba2c4592d32a4e2e6393b8898f9110b4e272983f4bd416b38f81672a17fe3dc,ABSENT_NO_HOOK_ADDRESS,True,UniswapV3,True,UNMATCHED
0xb644cd4c8cb77b9d9628a79cbefe73d78790e4d267a7198195341566a3fde697,1785,1785,52330630,2026-10-08T09:10:07Z,B,"log-reconstructed (no native legs, no ext payouts); not trace-checked",MISSING,0.027236,0_to_lt1,2,0x0f69fe7ede1ae7da272e1a75a53d01ef6e1ee2d166fd204aa4a4d850d6257e6b|0x6d988cd03b4393d0a6be80d17c3e2a82e5d2d239e39b8873637144cf302bddf1,ABSENT_NO_HOOK_ADDRESS,True,,True,UNMATCHABLE
0x326249a75cf1eef06262022576e2ba31c1a9060963e2fb3eabc8c2cde8e88865,1797,1797,52330737,2026-10-08T09:13:41Z,B,"log-reconstructed (no native legs, no ext payouts); not trace-checked",MISSING,0.141945,0_to_lt1,1,0xaa3f41df57766197c15679db7db272058137b26b371b285813ecc620428a4c6c,ABSENT_NO_HOOK_ADDRESS,True,UniswapV3,True,UNMATCHED
0x0322173e960cca05f58a0f41201b5af4f73456d44dd03022c5d9eb2b5cc04b29,1798,1798,52330746,2026-10-08T09:13:59Z,A,trace-verified native flows; all legs priced,INFERRED,0.65405,0_to_lt1,2,0x4b89ddbd5693cbad4689f2d11ff2d91d5d24bd2d59320e4b4426a66581343385|0xea4dcb6c9f8e35b6f81f94931dc917360a011b26423667cdc75e97a57f1bd2f6,ABSENT_NO_HOOK_ADDRESS,True,UniswapV3,True,PARTIAL_POOL_UNSUPPORTED_VENUE
0xa1c5bcbaf92af572bb22861c4adc0ed2a4e3a889a806c8450fd55b3dd1877d6b,1799,1799,52330752,2026-10-08T09:14:11Z,B,"log-reconstructed (no native legs, no ext payouts); not trace-checked",MISSING,0.01541,0_to_lt1,2,0x0f69fe7ede1ae7da272e1a75a53d01ef6e1ee2d166fd204aa4a4d850d6257e6b|0xea4dcb6c9f8e35b6f81f94931dc917360a011b26423667cdc75e97a57f1bd2f6,ABSENT_NO_HOOK_ADDRESS,True,,True,UNMATCHABLE
0x4cf51aeba543531d8645c323e88e96823d6536775db16edb831f4370de56b4b2,1800,1800,52330770,2026-10-08T09:14:47Z,B,"log-reconstructed (no native legs, no ext payouts); not trace-checked",MISSING,0.016799,0_to_lt1,2,0x0f69fe7ede1ae7da272e1a75a53d01ef6e1ee2d166fd204aa4a4d850d6257e6b|0xea4dcb6c9f8e35b6f81f94931dc917360a011b26423667cdc75e97a57f1bd2f6,ABSENT_NO_HOOK_ADDRESS,True,,True,UNMATCHABLE
0x18c98f33dda2549b2946f7c876f7f744cd092db08b4cd15f3c038f3c5aee75e0,1803,1803,52330805,2026-10-08T09:15:57Z,B,"log-reconstructed (no native legs, no ext payouts); not trace-checked",MISSING,0.102505,0_to_lt1,1,0xfba2c4592d32a4e2e6393b8898f9110b4e272983f4bd416b38f81672a17fe3dc,ABSENT_NO_HOOK_ADDRESS,True,UniswapV3,True,UNMATCHED
0xf5e0ae7955b3d851f03323c4a84e84768757afe59de482beb420a92496fffe06,1805,1805,52330842,2026-10-08T09:17:11Z,B,"log-reconstructed (no native legs, no ext payouts); not trace-checked",VERIFIED,0.019472,0_to_lt1,1,0x39458e556e52168e77845a0df004ef890b3da17fd79e9a083418635d0675067e,ABSENT_NO_HOOK_ADDRESS,True,Aerodrome-Slipstream3|PancakeV3,True,UNMATCHED
0x1922b76c3b7e2fbb0349e34e6f82612144e89c33e68f66e40c189b013b94d687,1808,1808,52330842,2026-10-08T09:17:11Z,B,"log-reconstructed (no native legs, no ext payouts); not trace-checked",MISSING,0.168329,0_to_lt1,1,0xe4a1407210e5edfd381e6343fbf8daff3daa0ecbfa9121e3118898baa0601200,ABSENT_NO_HOOK_ADDRESS,True,Aerodrome-Slipstream3,True,UNMATCHED
0x0809c7d5aed4255fe0435b9fe16b53e1385b50dbf24d4e78acfc857c56da243e,1811,1811,52330852,2026-10-08T09:17:31Z,B,"log-reconstructed (no native legs, no ext payouts); not trace-checked",MISSING,0.031136,0_to_lt1,2,0x0f69fe7ede1ae7da272e1a75a53d01ef6e1ee2d166fd204aa4a4d850d6257e6b|0x4b89ddbd5693cbad4689f2d11ff2d91d5d24bd2d59320e4b4426a66581343385,ABSENT_NO_HOOK_ADDRESS,True,,True,UNMATCHABLE
0xcf34af7b9f9e451b79cf9d685b0b7c41f91d50c0bdfd55cb94b3a9659c69f67b,1812,1812,52330882,2026-10-08T09:18:31Z,B,"log-reconstructed (no native legs, no ext payouts); not trace-checked",MISSING,0.138449,0_to_lt1,2,0x4b89ddbd5693cbad4689f2d11ff2d91d5d24bd2d59320e4b4426a66581343385|0xea4dcb6c9f8e35b6f81f94931dc917360a011b26423667cdc75e97a57f1bd2f6,ABSENT_NO_HOOK_ADDRESS,True,,True,UNMATCHABLE
0xd736d2dd69e91a3d87560b901d7d8ff8483ecef41b2c816e9d5c162dd20d2314,1815,1815,52330898,2026-10-08T09:19:03Z,C,"payout to a non-owner, non-tip address (could be a user fill or revenue share)",MISSING,,kept_null,2,0x4b89ddbd5693cbad4689f2d11ff2d91d5d24bd2d59320e4b4426a66581343385|0xf55b4a4afc2dc0a28e23c60abe7df0b9b8ec56d6d22e757f93e98a8a3662db9f,ABSENT_NO_HOOK_ADDRESS,True,,True,UNMATCHABLE
0xb229ca31cf6db82ec91052d975b0bdbadba83a18299280d8ececb5c843c12849,1816,1816,52330898,2026-10-08T09:19:03Z,A,trace-verified native flows; all legs priced,MISSING,0.213163,0_to_lt1,2,0xea4dcb6c9f8e35b6f81f94931dc917360a011b26423667cdc75e97a57f1bd2f6|0xf55b4a4afc2dc0a28e23c60abe7df0b9b8ec56d6d22e757f93e98a8a3662db9f,ABSENT_NO_HOOK_ADDRESS,True,,True,UNMATCHABLE
0xd670844d2e5ce826cfc2f036bf12ad9bf3b14ed42cffbdf4a1bb97f9b300f012,1820,1820,52330934,2026-10-08T09:20:15Z,A,trace-verified native flows; all legs priced,INFERRED,0.464988,0_to_lt1,2,0x7326e76e12ddcd44ac571aab0f63179738a433ac78ceecd8352514099e44a56d|0xc9786476d2492eb8ddb2ebf8b4b69e227e1f31397c790d877541ab0ed5cf5ee2,TAGGED_HOOK_NO_ADDRESS,True,UniswapV3,True,PARTIAL_POOL_SET
0x1130fb1d1e917a5cfa5e6e057acea226a9b4f8a1f965444fea9f4d6682f321af,1822,1822,52330948,2026-10-08T09:20:43Z,B,"log-reconstructed (no native legs, no ext payouts); not trace-checked",MISSING,0.097504,0_to_lt1,1,0xea4dcb6c9f8e35b6f81f94931dc917360a011b26423667cdc75e97a57f1bd2f6,ABSENT_NO_HOOK_ADDRESS,True,UniswapV3,True,UNMATCHED
0xf75aa89bb78dad8856477e505e9a00ab8c11e31ef2aadd71414d34069f12b19c,1823,1823,52330955,2026-10-08T09:20:57Z,B,"log-reconstructed (no native legs, no ext payouts); not trace-checked",MISSING,0.103944,0_to_lt1,1,0xea4dcb6c9f8e35b6f81f94931dc917360a011b26423667cdc75e97a57f1bd2f6,ABSENT_NO_HOOK_ADDRESS,True,UniswapV3,True,UNMATCHED
0x112192b81b1e680f4fd25dff121901bcf9cdc3da1aef4ba6ec44f42d88e7aa4d,1824,1824,52330976,2026-10-08T09:21:39Z,B,"log-reconstructed (no native legs, no ext payouts); not trace-checked",MISSING,0.017068,0_to_lt1,2,0x82e826c1883e7b99a8d7ca002875a7ba2dc1dc1e6b0b1da1820de740e02c4a76|0xcd912411a8ccaaa0851919ddadbfbd29da7073aa8d5e39461c0ddbdad8891894,ABSENT_NO_HOOK_ADDRESS,True,,True,UNMATCHABLE
0xb89ef1aefd811b81e3c5b2b632e56aa6112cd43b51973d78ac278930ba939afa,1825,1825,52330987,2026-10-08T09:22:01Z,A,trace-verified native flows; all legs priced,INFERRED,0.355047,0_to_lt1,2,0x0f69fe7ede1ae7da272e1a75a53d01ef6e1ee2d166fd204aa4a4d850d6257e6b|0x7681c00520c26da8d8970c21a65461c726f274068eb08743debc1178e697044e,ABSENT_NO_HOOK_ADDRESS,True,UniswapV3,True,PARTIAL_POOL_SET
0x7e490f6bde85c5b4f3a0904902fa3eb42e8d80974a897a5ca649c4c509bd83c9,1826,1826,52331006,2026-10-08T09:22:39Z,A,trace-verified native flows; all legs priced,INFERRED,0.083891,0_to_lt1,1,0x0f69fe7ede1ae7da272e1a75a53d01ef6e1ee2d166fd204aa4a4d850d6257e6b,ABSENT_NO_HOOK_ADDRESS,True,UniswapV3,True,UNMATCHED
0x1d9c3541b7ab6dc90556af1570e243fad737b10782564c750e3d072325243c92,1827,1827,52331010,2026-10-08T09:22:47Z,B,"log-reconstructed (no native legs, no ext payouts); not trace-checked",MISSING,0.014626,0_to_lt1,2,0xaa3f41df57766197c15679db7db272058137b26b371b285813ecc620428a4c6c|0xcd912411a8ccaaa0851919ddadbfbd29da7073aa8d5e39461c0ddbdad8891894,ABSENT_NO_HOOK_ADDRESS,True,,True,UNMATCHABLE
0xf6771a83c08007fd35b1f3d5ded22bf06506a56345944e53bcc4fba089fa2263,1828,1828,52331010,2026-10-08T09:22:47Z,A,trace-verified native flows; all legs priced,INFERRED,0.280316,0_to_lt1,1,0xfba2c4592d32a4e2e6393b8898f9110b4e272983f4bd416b38f81672a17fe3dc,ABSENT_NO_HOOK_ADDRESS,True,Aerodrome-Slipstream3|UniswapV3,True,PARTIAL_POOL_SET
0xd386cfa201d8d0afcabf1037f084429e0a47038f7f39bd09c149586215959778,1829,1829,52331010,2026-10-08T09:22:47Z,A,trace-verified native flows; all legs priced,INFERRED,0.178047,0_to_lt1,2,0xaa3f41df57766197c15679db7db272058137b26b371b285813ecc620428a4c6c|0xfba2c4592d32a4e2e6393b8898f9110b4e272983f4bd416b38f81672a17fe3dc,ABSENT_NO_HOOK_ADDRESS,True,UniswapV3,True,PARTIAL_POOL_SET
0x1479629c287bd1bcd6d37975608c74fe80e02326f1205854a7880f69d98ab1af,1830,1830,52331010,2026-10-08T09:22:47Z,B,"log-reconstructed (no native legs, no ext payouts); not trace-checked",MISSING,0.109321,0_to_lt1,1,0x7681c00520c26da8d8970c21a65461c726f274068eb08743debc1178e697044e,ABSENT_NO_HOOK_ADDRESS,True,UniswapV3,True,UNMATCHED
0xb0115533727053f3e4e9c7483cfa38bbd5e8e6968333b8c110218f368df8265a,1831,1831,52331011,2026-10-08T09:22:49Z,B,"log-reconstructed (no native legs, no ext payouts); not trace-checked",MISSING,0.117537,0_to_lt1,2,0x7681c00520c26da8d8970c21a65461c726f274068eb08743debc1178e697044e|0xaa3f41df57766197c15679db7db272058137b26b371b285813ecc620428a4c6c,ABSENT_NO_HOOK_ADDRESS,True,UniswapV3,True,UNMATCHED
0xb23c8bff6ec5e5e67256641fd2bd4e86737e3e7a26d252d7f803ebe8fc2d69da,1832,1832,52331011,2026-10-08T09:22:49Z,B,"log-reconstructed (no native legs, no ext payouts); not trace-checked",MISSING,0.109694,0_to_lt1,2,0xaa3f41df57766197c15679db7db272058137b26b371b285813ecc620428a4c6c|0xfba2c4592d32a4e2e6393b8898f9110b4e272983f4bd416b38f81672a17fe3dc,ABSENT_NO_HOOK_ADDRESS,True,UniswapV3,True,UNMATCHED
0x585756398e4a03e6a37a71dc30babfdc327847ad930f3355c280303fa1f7a940,1833,1833,52331011,2026-10-08T09:22:49Z,B,"log-reconstructed (no native legs, no ext payouts); not trace-checked",MISSING,0.184719,0_to_lt1,1,0xfba2c4592d32a4e2e6393b8898f9110b4e272983f4bd416b38f81672a17fe3dc,ABSENT_NO_HOOK_ADDRESS,True,Aerodrome-Slipstream3|UniswapV3,True,UNMATCHED
0x77b764a62c85ff19e7a35fde4b2013a9b0c0e4beca77ffb5de1a8e45ea5ee223,1834,1834,52331013,2026-10-08T09:22:53Z,B,"log-reconstructed (no native legs, no ext payouts); not trace-checked",MISSING,0.110984,0_to_lt1,1,0x49fff8ec544984d862c0c322c83bc0cfb7a9a953a7d4d4d352a2aff27f7602cf,ABSENT_NO_HOOK_ADDRESS,True,UniswapV3,True,UNMATCHED
0xc691b2b0617d7b8917a0020db0ac57d4d38c8f91a9eb83522c60624dffa522fe,1835,1835,52331020,2026-10-08T09:23:07Z,A,trace-verified native flows; all legs priced,INFERRED,0.177756,0_to_lt1,2,0xaa3f41df57766197c15679db7db272058137b26b371b285813ecc620428a4c6c|0xcd912411a8ccaaa0851919ddadbfbd29da7073aa8d5e39461c0ddbdad8891894,ABSENT_NO_HOOK_ADDRESS,True,UniswapV3,True,PARTIAL_POOL_UNSUPPORTED_VENUE
0xfa76f0349c338b37110e7625e646bd1cf193c2413ff5c46eaf5a4ddde6917592,1837,1837,52331031,2026-10-08T09:23:29Z,A,trace-verified native flows; all legs priced,INFERRED,0.172255,0_to_lt1,2,0x4b89ddbd5693cbad4689f2d11ff2d91d5d24bd2d59320e4b4426a66581343385|0xaa3f41df57766197c15679db7db272058137b26b371b285813ecc620428a4c6c,ABSENT_NO_HOOK_ADDRESS,True,UniswapV3,True,PARTIAL_POOL_UNSUPPORTED_VENUE
0x0e3c8caf309f9114331805d5a43c7356f245340e13d24befc7f81bde6dd072f4,1838,1838,52331043,2026-10-08T09:23:53Z,A,trace-verified native flows; all legs priced,MISSING,0.101033,0_to_lt1,1,0x4b89ddbd5693cbad4689f2d11ff2d91d5d24bd2d59320e4b4426a66581343385,ABSENT_NO_HOOK_ADDRESS,True,UniswapV3,True,UNMATCHED
0x6118f78a4cd3f660df77bc060e19d95e3c1e275d6e299aa9110fb177ec2f8dff,1839,1839,52331053,2026-10-08T09:24:13Z,A,trace-verified native flows; all legs priced,MISSING,0.007107,0_to_lt1,1,0x4b89ddbd5693cbad4689f2d11ff2d91d5d24bd2d59320e4b4426a66581343385,ABSENT_NO_HOOK_ADDRESS,True,UniswapV3,True,UNMATCHED
0x13d28d36420f7eccfe1ac2075087b14e78ca1c0444fb560682df09bb141f3eff,1840,1840,52331057,2026-10-08T09:24:21Z,B,"log-reconstructed (no native legs, no ext payouts); not trace-checked",MISSING,0.093855,0_to_lt1,1,0x4b89ddbd5693cbad4689f2d11ff2d91d5d24bd2d59320e4b4426a66581343385,ABSENT_NO_HOOK_ADDRESS,True,UniswapV3,True,UNMATCHED
0x559f6b8118257dee5b9697b040a32d4b58d585cbe3cf6a94ebe3c38d8a07e9e8,1841,1841,52331059,2026-10-08T09:24:25Z,B,"log-reconstructed (no native legs, no ext payouts); not trace-checked",MISSING,0.095016,0_to_lt1,1,0x4b89ddbd5693cbad4689f2d11ff2d91d5d24bd2d59320e4b4426a66581343385,ABSENT_NO_HOOK_ADDRESS,True,UniswapV3,True,UNMATCHED
0x8e63768e0af2b683f6f5547525acb931a9d337d679bd189dfca24769033e39af,1842,1842,52331061,2026-10-08T09:24:29Z,A,trace-verified native flows; all legs priced,INFERRED,3.057325,1_to_lt25,3,0x3fdd561e9c94de2d224f57189637d225de1230b84323924a5f036f9a49043dd8|0x7283466cba087df99c7d1a49f54e6c7a7f55cb08e5710b578467d3b753d623cb|0xc8e2ead0f86c658becc7fe0f6acc4e528b87b22bebc7dffa6848810282614078,ABSENT_NO_HOOK_ADDRESS,True,UniswapV3,True,PARTIAL_POOL_UNSUPPORTED_VENUE
0xebdec5728e71829e80136b3e57f10e940b29f98e35c5beb1a4fd2e5021df0a4d,1843,1843,52331065,2026-10-08T09:24:37Z,B,"log-reconstructed (no native legs, no ext payouts); not trace-checked",INFERRED,0.247532,0_to_lt1,1,0x4b89ddbd5693cbad4689f2d11ff2d91d5d24bd2d59320e4b4426a66581343385,ABSENT_NO_HOOK_ADDRESS,True,UniswapV3,True,UNMATCHED
0xf93599b6a823bab4e91065b98c1b3db2ea644123aba542e53c74c6fac7654007,1844,1844,52331072,2026-10-08T09:24:51Z,B,"log-reconstructed (no native legs, no ext payouts); not trace-checked",MISSING,0.001527,0_to_lt1,1,0xacf14d58f70a3945a9bfda4e0e3c4572a63da09b717b2e8ceba0d28bd19a5c41,ABSENT_NO_HOOK_ADDRESS,True,Aerodrome-V2,True,UNMATCHED
0xb7e697bfdee18d221b38bb641fd8ec88c33c604d4c659592a3dce873e4bcc932,1846,1846,52331074,2026-10-08T09:24:55Z,D,cyclic_v4_unresolved,MISSING,,kept_null,2,0x92ab410a11adc5d827c7c150b690bb941ab633f3fc8bdc299538cc70bdff8d20|0xacf14d58f70a3945a9bfda4e0e3c4572a63da09b717b2e8ceba0d28bd19a5c41,ABSENT_NO_HOOK_ADDRESS,True,Aerodrome-Slipstream3,True,UNMATCHED
0xc82a0c4a7162758e00f7502a8bd5bd0ddde55fcbcc7b27120135b9e1227356b7,1847,1847,52331074,2026-10-08T09:24:55Z,B,"log-reconstructed (no native legs, no ext payouts); not trace-checked",MISSING,0.117437,0_to_lt1,1,0xacf14d58f70a3945a9bfda4e0e3c4572a63da09b717b2e8ceba0d28bd19a5c41,ABSENT_NO_HOOK_ADDRESS,True,Aerodrome-V2,True,UNMATCHED
0xc0ad76e963597de09803a8e20c15e4308e42c67b35999fe10e9ca2e8381ee522,1848,1848,52331083,2026-10-08T09:25:13Z,A,trace-verified native flows; all legs priced,INFERRED,0.417898,0_to_lt1,1,0x7681c00520c26da8d8970c21a65461c726f274068eb08743debc1178e697044e,ABSENT_NO_HOOK_ADDRESS,True,UniswapV3,True,PARTIAL_POOL_SET
0x78ac7d379591e2b7a1b2a7cfa49562b878d2e9f6c159dfa0583511c2fde21bf6,1849,1849,52331090,2026-10-08T09:25:27Z,A,trace-verified native flows; all legs priced,INFERRED,0.255495,0_to_lt1,2,0x6efe8847be3c760aa1b4acceecc652edb12b0b7c3ab4192c97874b868092148a|0xfba2c4592d32a4e2e6393b8898f9110b4e272983f4bd416b38f81672a17fe3dc,ABSENT_NO_HOOK_ADDRESS,True,UniswapV3,True,PARTIAL_POOL_SET
0x28b77496f5c09e749d3263086838a21793a7ef70a528392446866e556d2bfbc4,1850,1850,52331091,2026-10-08T09:25:29Z,A,trace-verified native flows; all legs priced,INFERRED,0.798683,0_to_lt1,1,0xc9c1898e8d5c2eea14419410815cfd43aab3d21d70ff6fda9a42ddf5e761b30d,ABSENT_NO_HOOK_ADDRESS,True,Aerodrome-Slipstream3|UniswapV3,True,PARTIAL_POOL_SET
0x8d3f2e7ab6bf09afffbb50faa80d20ddd7000024061ffef68f3205b5d6378c29,1852,1852,52331218,2026-10-08T09:29:43Z,A,trace-verified native flows; all legs priced,MISSING,0.215075,0_to_lt1,1,0x636da53e0251b3cb0b4d10dbaff488b294f97bd5212b7e2a7c1bc3fb57fd6e31,ABSENT_NO_HOOK_ADDRESS,True,UniswapV3,True,UNMATCHED
0x8b828bf74cfc8e30966e18f9d66712f926474cc11afe4ef87b5965645b4916c4,1853,1853,52331234,2026-10-08T09:30:15Z,B,"log-reconstructed (no native legs, no ext payouts); not trace-checked",MISSING,0.00167,0_to_lt1,2,0x4b89ddbd5693cbad4689f2d11ff2d91d5d24bd2d59320e4b4426a66581343385|0x720c4b7a38ac4d0248babbe2d1ca27e73483fca12dc78193548621bdfbb71808,ABSENT_NO_HOOK_ADDRESS,True,,True,UNMATCHABLE
0x5063c4d908f5a5ea59d84339cfd75f21f261309482d849722c1771211b9a78f1,1858,1858,52331265,2026-10-08T09:31:17Z,B,"log-reconstructed (no native legs, no ext payouts); not trace-checked",INFERRED,0.117248,0_to_lt1,1,0x4b89ddbd5693cbad4689f2d11ff2d91d5d24bd2d59320e4b4426a66581343385,ABSENT_NO_HOOK_ADDRESS,True,UniswapV3,True,UNMATCHED
0x008cc6f8768dfc568219f62b49290b7eecb2a9665afa42d4bedc08e17a911f28,1859,1859,52331268,2026-10-08T09:31:23Z,A,trace-verified native flows; all legs priced,INFERRED,0.575872,0_to_lt1,1,0x720c4b7a38ac4d0248babbe2d1ca27e73483fca12dc78193548621bdfbb71808,ABSENT_NO_HOOK_ADDRESS,True,UniswapV3,True,PARTIAL_POOL_SET
0xad852abb4bdf38462afd05076f657c51f6673794751223b9742a3aaeb5e7b5fb,1860,1860,52331276,2026-10-08T09:31:39Z,A,trace-verified native flows; all legs priced,MISSING,0.001746,0_to_lt1,1,0x6efe8847be3c760aa1b4acceecc652edb12b0b7c3ab4192c97874b868092148a,ABSENT_NO_HOOK_ADDRESS,True,UniswapV3,True,UNMATCHED
0x61836159a581e8ef0b32acf9e602c24226ec59371cc614c2cb3b449789c2c6dc,1861,1861,52331278,2026-10-08T09:31:43Z,A,trace-verified native flows; all legs priced,INFERRED,0.612629,0_to_lt1,1,0x720c4b7a38ac4d0248babbe2d1ca27e73483fca12dc78193548621bdfbb71808,ABSENT_NO_HOOK_ADDRESS,True,UniswapV3,True,PARTIAL_POOL_SET
0xa85fca5372346f9615c3d964d99b7c5e61b28f2e62e785e377cc7f4e1521511a,1862,1862,52331281,2026-10-08T09:31:49Z,B,"log-reconstructed (no native legs, no ext payouts); not trace-checked",INFERRED,0.202981,0_to_lt1,1,0xfba2c4592d32a4e2e6393b8898f9110b4e272983f4bd416b38f81672a17fe3dc,ABSENT_NO_HOOK_ADDRESS,True,UniswapV3,True,UNMATCHED
0x66323bd4e31c4ff78b157f83b456247d27c06b658e48979ff7a805b49308cb44,1863,1863,52331282,2026-10-08T09:31:51Z,A,trace-verified native flows; all legs priced,INFERRED,0.589222,0_to_lt1,2,0x6efe8847be3c760aa1b4acceecc652edb12b0b7c3ab4192c97874b868092148a|0xfba2c4592d32a4e2e6393b8898f9110b4e272983f4bd416b38f81672a17fe3dc,ABSENT_NO_HOOK_ADDRESS,True,UniswapV3,True,PARTIAL_POOL_SET
0xce2eaca8a4c0adf6cbc9393146d9af6d6dcd9352dd9270b7ce6116d23fa5e39d,1864,1864,52331284,2026-10-08T09:31:55Z,A,trace-verified native flows; all legs priced,MISSING,0.143187,0_to_lt1,1,0x7681c00520c26da8d8970c21a65461c726f274068eb08743debc1178e697044e,ABSENT_NO_HOOK_ADDRESS,True,UniswapV3,True,UNMATCHED
0x1ccf9677fdce5105d5df67e674db9689b32f03747e91f8314c7e20ff16864df0,1866,1866,52331330,2026-10-08T09:33:27Z,A,trace-verified native flows; all legs priced,INFERRED,3.432927,1_to_lt25,2,0x4b89ddbd5693cbad4689f2d11ff2d91d5d24bd2d59320e4b4426a66581343385|0x53d7c951f09e4f7d1141d213ee71edb256eafdf32bc85af33c6fac8f6c3e436a,ABSENT_NO_HOOK_ADDRESS,True,UniswapV3,True,PARTIAL_POOL_UNSUPPORTED_VENUE
0x99df60db538bd009f3f14c6655c93e63e4273a289cfb25b17acee14296f610ab,1868,1868,52331332,2026-10-08T09:33:31Z,B,"log-reconstructed (no native legs, no ext payouts); not trace-checked",MISSING,0.00697,0_to_lt1,1,0x4b89ddbd5693cbad4689f2d11ff2d91d5d24bd2d59320e4b4426a66581343385,ABSENT_NO_HOOK_ADDRESS,True,UniswapV3,True,UNMATCHED
0x0e8a2aa4661b2521e711314971dc74f7609d0ba65311e89ca393b421fdb802eb,1881,1881,52331390,2026-10-08T09:35:27Z,A,trace-verified native flows; all legs priced,INFERRED,0.194731,0_to_lt1,1,0x3ee6f80c42633906b695524cab46191beaf1b25efcc175aa9069dc061c54cd73,ABSENT_NO_HOOK_ADDRESS,True,UniswapV3,True,PARTIAL_POOL_SET
0x56d498ab985f4c7319838ad86d716fe4de75bcd2ce6b809f24d984c263b7df97,1891,1891,52331405,2026-10-08T09:35:57Z,A,trace-verified native flows; all legs priced,INFERRED,0.17303,0_to_lt1,1,0x3ee6f80c42633906b695524cab46191beaf1b25efcc175aa9069dc061c54cd73,ABSENT_NO_HOOK_ADDRESS,True,UniswapV3,True,PARTIAL_POOL_SET
0x1194ea56b92cab6f6b6dc14f6a24d9a536135fa44881d3dcfd9c0dbe314aca3e,1893,1893,52331407,2026-10-08T09:36:01Z,A,trace-verified native flows; all legs priced,INFERRED,0.222385,0_to_lt1,2,0x3ee6f80c42633906b695524cab46191beaf1b25efcc175aa9069dc061c54cd73|0x4b89ddbd5693cbad4689f2d11ff2d91d5d24bd2d59320e4b4426a66581343385,ABSENT_NO_HOOK_ADDRESS,True,UniswapV3,True,PARTIAL_POOL_UNSUPPORTED_VENUE
0x60e04ac98e721a6f5a79f39c3e4d0da9e43201f37c822ec0b1464af28b9aebba,1894,1894,52331408,2026-10-08T09:36:03Z,B,"log-reconstructed (no native legs, no ext payouts); not trace-checked",MISSING,0.003511,0_to_lt1,2,0x3ee6f80c42633906b695524cab46191beaf1b25efcc175aa9069dc061c54cd73|0x4b89ddbd5693cbad4689f2d11ff2d91d5d24bd2d59320e4b4426a66581343385,ABSENT_NO_HOOK_ADDRESS,True,,True,UNMATCHABLE
0x07eae5efda7357981314101b0a5531d8be85419672d902dc6cf8d1e4a52c5a70,1897,1897,52331413,2026-10-08T09:36:13Z,B,"log-reconstructed (no native legs, no ext payouts); not trace-checked",MISSING,0.133542,0_to_lt1,1,0x4b89ddbd5693cbad4689f2d11ff2d91d5d24bd2d59320e4b4426a66581343385,ABSENT_NO_HOOK_ADDRESS,True,UniswapV3,True,UNMATCHED
0x2e5feaff8301f1c488cfaabdaa9906df1057d98a1e932cf5a159dfe5eb189ee0,1902,1902,52331429,2026-10-08T09:36:45Z,B,"log-reconstructed (no native legs, no ext payouts); not trace-checked",MISSING,0.10241,0_to_lt1,1,0x3ee6f80c42633906b695524cab46191beaf1b25efcc175aa9069dc061c54cd73,ABSENT_NO_HOOK_ADDRESS,True,UniswapV3,True,UNMATCHED
0xc7b9c9fb5b2c47191e6955c397aa096e01d33464336b5d5747ad6ed07c232649,1903,1903,52331429,2026-10-08T09:36:45Z,B,"log-reconstructed (no native legs, no ext payouts); not trace-checked",MISSING,0.003917,0_to_lt1,2,0x3ee6f80c42633906b695524cab46191beaf1b25efcc175aa9069dc061c54cd73|0x6efe8847be3c760aa1b4acceecc652edb12b0b7c3ab4192c97874b868092148a,ABSENT_NO_HOOK_ADDRESS,True,,True,UNMATCHABLE
0x0fbb3cfb9378ef04c386d6690b09cbdb949b1df05abe4b457a2c7432b062748e,1904,1904,52331431,2026-10-08T09:36:49Z,B,"log-reconstructed (no native legs, no ext payouts); not trace-checked",INFERRED,0.120143,0_to_lt1,1,0x3ee6f80c42633906b695524cab46191beaf1b25efcc175aa9069dc061c54cd73,ABSENT_NO_HOOK_ADDRESS,True,UniswapV3,True,UNMATCHED
0x097872f55ca091d3dbe151f1538ff0b42b1bbcda6c2dcf1de3644a3378bed72c,1905,1905,52331437,2026-10-08T09:37:01Z,A,trace-verified native flows; all legs priced,INFERRED,0.379413,0_to_lt1,1,0x3ee6f80c42633906b695524cab46191beaf1b25efcc175aa9069dc061c54cd73,ABSENT_NO_HOOK_ADDRESS,True,UniswapV3,True,PARTIAL_POOL_SET
0xec1c8d63c34db23291c223b647bda90ba3949b89e55ba1dfc96b062478d1fc32,1906,1906,52331437,2026-10-08T09:37:01Z,B,"log-reconstructed (no native legs, no ext payouts); not trace-checked",MISSING,0.005504,0_to_lt1,1,0x6efe8847be3c760aa1b4acceecc652edb12b0b7c3ab4192c97874b868092148a,ABSENT_NO_HOOK_ADDRESS,True,UniswapV3,True,UNMATCHED
0x92639afb1b732d679e787c83fa7a98339e4a1e8022d6b2f36941610b0611ac8d,1908,1908,52331453,2026-10-08T09:37:33Z,B,"log-reconstructed (no native legs, no ext payouts); not trace-checked",INFERRED,0.081196,0_to_lt1,1,0xfba2c4592d32a4e2e6393b8898f9110b4e272983f4bd416b38f81672a17fe3dc,ABSENT_NO_HOOK_ADDRESS,True,UniswapV3,True,UNMATCHED
0x51f336b16a28990ab4d3ba2b463330dcf32225ec9e57d33701a259ce429841f3,1909,1909,52331462,2026-10-08T09:37:51Z,B,"log-reconstructed (no native legs, no ext payouts); not trace-checked",INFERRED,0.12985,0_to_lt1,1,0xfba2c4592d32a4e2e6393b8898f9110b4e272983f4bd416b38f81672a17fe3dc,ABSENT_NO_HOOK_ADDRESS,True,UniswapV3,True,UNMATCHED
0x52377cfabf60dadc4573b56aa8a893a8d4efc1d7fb5b3fe2f0b86f6b1a53e232,1910,1910,52331469,2026-10-08T09:38:05Z,B,"log-reconstructed (no native legs, no ext payouts); not trace-checked",MISSING,0.011318,0_to_lt1,1,0xaa3f41df57766197c15679db7db272058137b26b371b285813ecc620428a4c6c,ABSENT_NO_HOOK_ADDRESS,True,UniswapV3,True,UNMATCHED
0x7398b3e6ba3f4936e9256e04dc7fff545df626bffcfc2986f220c3b66388da79,1913,1913,52331492,2026-10-08T09:38:51Z,B,"log-reconstructed (no native legs, no ext payouts); not trace-checked",INFERRED,0.23262,0_to_lt1,1,0xfba2c4592d32a4e2e6393b8898f9110b4e272983f4bd416b38f81672a17fe3dc,ABSENT_NO_HOOK_ADDRESS,True,UniswapV3,True,UNMATCHED
0x6e4871ce9dc0eb7e23a6ce60d8ef75c1ed57bd056a1f1a0b981fe36fd3dbd273,1914,1914,52331495,2026-10-08T09:38:57Z,B,"log-reconstructed (no native legs, no ext payouts); not trace-checked",MISSING,0.144376,0_to_lt1,1,0x7681c00520c26da8d8970c21a65461c726f274068eb08743debc1178e697044e,ABSENT_NO_HOOK_ADDRESS,True,UniswapV3,True,UNMATCHED
0x0f4affec37473f318c13660fa53f62be7b40afeb8f56db620d2fb047649f454f,1921,1921,52331512,2026-10-08T09:39:31Z,B,"log-reconstructed (no native legs, no ext payouts); not trace-checked",MISSING,0.193232,0_to_lt1,1,0xf13203ddbf2c9816a79b656a1a952521702715d92fea465b84ae2ed6e94a7f22,ABSENT_NO_HOOK_ADDRESS,True,UniswapV3,True,UNMATCHED
0x74c86471ca176d52678af2b0c10c0b1e8f134a76754217082c109c1d767e696c,1922,1922,52331512,2026-10-08T09:39:31Z,A,trace-verified native flows; all legs priced,INFERRED,0.461094,0_to_lt1,1,0xfba2c4592d32a4e2e6393b8898f9110b4e272983f4bd416b38f81672a17fe3dc,ABSENT_NO_HOOK_ADDRESS,True,UniswapV3,True,UNMATCHED
0xebf1f149f3d53736d0138a894491ea2c1ee4396eba8c3cf2fe946ef98a06f89a,1923,1923,52331513,2026-10-08T09:39:33Z,A,trace-verified native flows; all legs priced,INFERRED,0.285807,0_to_lt1,1,0xfba2c4592d32a4e2e6393b8898f9110b4e272983f4bd416b38f81672a17fe3dc,ABSENT_NO_HOOK_ADDRESS,True,UniswapV3,True,PARTIAL_POOL_SET
0x89f1026ca455dc4f66b861f3389d0932c28b1ea1ddddfc38ec89d413b3c1e6ec,1924,1924,52331517,2026-10-08T09:39:41Z,B,"log-reconstructed (no native legs, no ext payouts); not trace-checked",MISSING,0.243201,0_to_lt1,1,0xfba2c4592d32a4e2e6393b8898f9110b4e272983f4bd416b38f81672a17fe3dc,ABSENT_NO_HOOK_ADDRESS,True,UniswapV3,True,UNMATCHED
0x9978077a2a93d66f2a7f894e5d8cd3743b61fbb491d48ba116ccaac7c311962d,1925,1925,52331518,2026-10-08T09:39:43Z,A,trace-verified native flows; all legs priced,MISSING,1.608165,1_to_lt25,1,0x7681c00520c26da8d8970c21a65461c726f274068eb08743debc1178e697044e,ABSENT_NO_HOOK_ADDRESS,True,UniswapV3,True,UNMATCHED
0xf63b386dcd91ad04d18ea1a9cdd6d926680dbcbc37981b05a3f7d0e913d9125f,1926,1926,52331519,2026-10-08T09:39:45Z,B,"log-reconstructed (no native legs, no ext payouts); not trace-checked",MISSING,0.294606,0_to_lt1,1,0xfba2c4592d32a4e2e6393b8898f9110b4e272983f4bd416b38f81672a17fe3dc,ABSENT_NO_HOOK_ADDRESS,True,UniswapV3,True,UNMATCHED
0x06232d1383027d3b17cd2dffb8bb233d3399fbe422ecd44bbd1f5570bf9dbaf9,1927,1927,52331520,2026-10-08T09:39:47Z,B,"log-reconstructed (no native legs, no ext payouts); not trace-checked",MISSING,0.365098,0_to_lt1,1,0x7681c00520c26da8d8970c21a65461c726f274068eb08743debc1178e697044e,ABSENT_NO_HOOK_ADDRESS,True,UniswapV3,True,UNMATCHED
0xac648f5f0c394dbfa026433fb6cc54c46b5218b943d6774fad9433587cc08c40,1928,1928,52331524,2026-10-08T09:39:55Z,B,"log-reconstructed (no native legs, no ext payouts); not trace-checked",MISSING,0.393087,0_to_lt1,1,0x7681c00520c26da8d8970c21a65461c726f274068eb08743debc1178e697044e,ABSENT_NO_HOOK_ADDRESS,True,UniswapV3,True,UNMATCHED
0x7fd353d91c1d97117ad4872dfe840f68915a1da231f99f594652fc4fe1a8a773,1929,1929,52331525,2026-10-08T09:39:57Z,A,trace-verified native flows; all legs priced,INFERRED,0.268808,0_to_lt1,1,0x7681c00520c26da8d8970c21a65461c726f274068eb08743debc1178e697044e,ABSENT_NO_HOOK_ADDRESS,True,UniswapV3,True,PARTIAL_POOL_SET
0xc0a36e30542efe942f37b4782a300527f4df1b57ee596f7e36d309774ac71534,1930,1930,52331533,2026-10-08T09:40:13Z,B,"log-reconstructed (no native legs, no ext payouts); not trace-checked",MISSING,0.080705,0_to_lt1,1,0xfba2c4592d32a4e2e6393b8898f9110b4e272983f4bd416b38f81672a17fe3dc,ABSENT_NO_HOOK_ADDRESS,True,UniswapV3,True,UNMATCHED
0x32b30cd0789e6474e2461bafc0f263ddfdeb69d0c6d7746ce2aea470c732bdeb,1931,1931,52331536,2026-10-08T09:40:19Z,A,trace-verified native flows; all legs priced,MISSING,0.121448,0_to_lt1,1,0xf13203ddbf2c9816a79b656a1a952521702715d92fea465b84ae2ed6e94a7f22,ABSENT_NO_HOOK_ADDRESS,True,UniswapV3,True,UNMATCHED
0xec5edcc1a2433d8bf03cd31dc25cca0b412706756501ed0a09688bc8d7ae58ba,1932,1932,52331538,2026-10-08T09:40:23Z,B,"log-reconstructed (no native legs, no ext payouts); not trace-checked",MISSING,0.120683,0_to_lt1,1,0xf13203ddbf2c9816a79b656a1a952521702715d92fea465b84ae2ed6e94a7f22,ABSENT_NO_HOOK_ADDRESS,True,UniswapV3,True,UNMATCHED
0x7ce6ca159752f10214da603545993291c36a49d6d321a0bfff5f41c484f1c01a,1933,1933,52331538,2026-10-08T09:40:23Z,A,trace-verified native flows; all legs priced,INFERRED,0.254224,0_to_lt1,1,0xf13203ddbf2c9816a79b656a1a952521702715d92fea465b84ae2ed6e94a7f22,ABSENT_NO_HOOK_ADDRESS,True,UniswapV3,True,PARTIAL_POOL_SET
0x391ef333c5b06f6fe7e56fc85854f15788710fbb2d80051bc2cb1cd3bb453470,1934,1934,52331538,2026-10-08T09:40:23Z,A,trace-verified native flows; all legs priced,INFERRED,0.264318,0_to_lt1,1,0xfba2c4592d32a4e2e6393b8898f9110b4e272983f4bd416b38f81672a17fe3dc,ABSENT_NO_HOOK_ADDRESS,True,UniswapV3,True,PARTIAL_POOL_SET
0x789da185fc9337c2e2c56d73fa51c052dee8480864e04e4ab04f1327ad6ddd53,1935,1935,52331539,2026-10-08T09:40:25Z,A,trace-verified native flows; all legs priced,INFERRED,0.264884,0_to_lt1,1,0xfba2c4592d32a4e2e6393b8898f9110b4e272983f4bd416b38f81672a17fe3dc,ABSENT_NO_HOOK_ADDRESS,True,UniswapV3,True,PARTIAL_POOL_SET
0x1deb6e906bbb5392dbe7342f9e735ea832acf406db6fb8a749825b12aff4f170,1936,1936,52331549,2026-10-08T09:40:45Z,B,"log-reconstructed (no native legs, no ext payouts); not trace-checked",MISSING,0.089291,0_to_lt1,1,0xfba2c4592d32a4e2e6393b8898f9110b4e272983f4bd416b38f81672a17fe3dc,ABSENT_NO_HOOK_ADDRESS,True,UniswapV3,True,UNMATCHED
0x1a24cde0af7229d1b7a6bc95d9e32d8cb77658cb4798ff05671eecc13bee8d3d,1937,1937,52331549,2026-10-08T09:40:45Z,A,trace-verified native flows; all legs priced,MISSING,1.050475,1_to_lt25,1,0xf13203ddbf2c9816a79b656a1a952521702715d92fea465b84ae2ed6e94a7f22,ABSENT_NO_HOOK_ADDRESS,True,UniswapV3,True,UNMATCHED
0xf03ffedcc168f108d37d4f20d7c2bf8a9fc8725254112320d1f042c4f6136978,1938,1938,52331552,2026-10-08T09:40:51Z,A,trace-verified native flows; all legs priced,INFERRED,0.518632,0_to_lt1,1,0x7681c00520c26da8d8970c21a65461c726f274068eb08743debc1178e697044e,ABSENT_NO_HOOK_ADDRESS,True,UniswapV3,True,PARTIAL_POOL_SET
0x7317eb39e8c26842664f8ece555066cb74b54bb0778da23af2b9337015fdb8c7,1939,1939,52331552,2026-10-08T09:40:51Z,A,trace-verified native flows; all legs priced,INFERRED,0.392921,0_to_lt1,1,0xfba2c4592d32a4e2e6393b8898f9110b4e272983f4bd416b38f81672a17fe3dc,ABSENT_NO_HOOK_ADDRESS,True,UniswapV3,True,PARTIAL_POOL_SET
0x7ca2a368b14b52e5b4c55b40c0784962c73acd7f0f38238c4f0266691ae57a4e,1940,1940,52331553,2026-10-08T09:40:53Z,A,trace-verified native flows; all legs priced,INFERRED,0.606914,0_to_lt1,1,0x7681c00520c26da8d8970c21a65461c726f274068eb08743debc1178e697044e,ABSENT_NO_HOOK_ADDRESS,True,UniswapV3,True,PARTIAL_POOL_SET
0x31b892703175fdf9fef97709ed4e6a59b4f79c9736116cccb6cd2858e2b6b707,1941,1941,52331556,2026-10-08T09:40:59Z,B,"log-reconstructed (no native legs, no ext payouts); not trace-checked",MISSING,0.610967,0_to_lt1,1,0xfba2c4592d32a4e2e6393b8898f9110b4e272983f4bd416b38f81672a17fe3dc,ABSENT_NO_HOOK_ADDRESS,True,UniswapV3,True,UNMATCHED
0x583f18dd45960fa0544bda93e81b3ade40a17b58c1ae56fa0bd18a3a36e89189,1942,1942,52331561,2026-10-08T09:41:09Z,B,"log-reconstructed (no native legs, no ext payouts); not trace-checked",MISSING,0.011539,0_to_lt1,1,0xaa3f41df57766197c15679db7db272058137b26b371b285813ecc620428a4c6c,ABSENT_NO_HOOK_ADDRESS,True,UniswapV3,True,UNMATCHED
0x892cb9f3927888eb74bb00769293f0a061f6c3cc22806361c03aa6eede5f0001,1944,1944,52331629,2026-10-08T09:43:25Z,B,"log-reconstructed (no native legs, no ext payouts); not trace-checked",MISSING,0.120289,0_to_lt1,1,0xfba2c4592d32a4e2e6393b8898f9110b4e272983f4bd416b38f81672a17fe3dc,ABSENT_NO_HOOK_ADDRESS,True,UniswapV3,True,UNMATCHED
0x2927b180c3875ba853bacdd78257e083c9912784d178718ead0a92e2d948bed5,1945,1945,52331631,2026-10-08T09:43:29Z,A,trace-verified native flows; all legs priced,INFERRED,0.797136,0_to_lt1,1,0x7681c00520c26da8d8970c21a65461c726f274068eb08743debc1178e697044e,ABSENT_NO_HOOK_ADDRESS,True,UniswapV3,True,PARTIAL_POOL_SET
0xf2a796d0a7a0197f79f27cfe267ce84c5d0cf9d3ae40431069b8079dbf9e848f,1946,1946,52331632,2026-10-08T09:43:31Z,B,"log-reconstructed (no native legs, no ext payouts); not trace-checked",MISSING,0.079492,0_to_lt1,1,0xfba2c4592d32a4e2e6393b8898f9110b4e272983f4bd416b38f81672a17fe3dc,ABSENT_NO_HOOK_ADDRESS,True,UniswapV3,True,UNMATCHED
0xbf282206885d955497831f091e17f9c2ae1136e2afe5f8ecf874f4d8de07ca18,1948,1948,52331636,2026-10-08T09:43:39Z,A,trace-verified native flows; all legs priced,INFERRED,0.29955,0_to_lt1,1,0xfba2c4592d32a4e2e6393b8898f9110b4e272983f4bd416b38f81672a17fe3dc,ABSENT_NO_HOOK_ADDRESS,True,UniswapV3,True,PARTIAL_POOL_SET
0x6b2954ecb52fa89a435c79bac87ec2f0d034e58d46ffb62cf12ebfb97a3c6058,1949,1949,52331636,2026-10-08T09:43:39Z,B,"log-reconstructed (no native legs, no ext payouts); not trace-checked",MISSING,0.540997,0_to_lt1,1,0xfba2c4592d32a4e2e6393b8898f9110b4e272983f4bd416b38f81672a17fe3dc,ABSENT_NO_HOOK_ADDRESS,True,UniswapV3,True,UNMATCHED
0xaa4db6bac3d101c07cfd105a3cad30ea17e821fd8e1d685a8c9e25a2add5dffc,1950,1950,52331637,2026-10-08T09:43:41Z,A,trace-verified native flows; all legs priced,INFERRED,0.264111,0_to_lt1,1,0x49fff8ec544984d862c0c322c83bc0cfb7a9a953a7d4d4d352a2aff27f7602cf,ABSENT_NO_HOOK_ADDRESS,True,UniswapV3,True,PARTIAL_POOL_SET
0x9a09b646464a6295bd42298f7756de35fe51ea907774a5dec48a875490c48d2a,1951,1951,52331640,2026-10-08T09:43:47Z,B,"log-reconstructed (no native legs, no ext payouts); not trace-checked",INFERRED,0.300188,0_to_lt1,1,0xfba2c4592d32a4e2e6393b8898f9110b4e272983f4bd416b38f81672a17fe3dc,ABSENT_NO_HOOK_ADDRESS,True,UniswapV3,True,UNMATCHED
0x94194eadbef70f9b8cbac7f5a1b212d7aa1e817581c0e8f17a94030da70bfd1c,1952,1952,52331640,2026-10-08T09:43:47Z,B,"log-reconstructed (no native legs, no ext payouts); not trace-checked",MISSING,0.110297,0_to_lt1,1,0x7681c00520c26da8d8970c21a65461c726f274068eb08743debc1178e697044e,ABSENT_NO_HOOK_ADDRESS,True,UniswapV3,True,UNMATCHED
0xd0994772535c7ff632317ccc695c9152fed3ac7991b35c5569da2aaf31c66494,1953,1953,52331642,2026-10-08T09:43:51Z,B,"log-reconstructed (no native legs, no ext payouts); not trace-checked",INFERRED,0.150735,0_to_lt1,1,0xfba2c4592d32a4e2e6393b8898f9110b4e272983f4bd416b38f81672a17fe3dc,ABSENT_NO_HOOK_ADDRESS,True,UniswapV3,True,UNMATCHED
0x51551b5a0ea12e74f443fdf132299c8ebedc0580a0d214654fe02b5b8684822b,1955,1955,52331645,2026-10-08T09:43:57Z,B,"log-reconstructed (no native legs, no ext payouts); not trace-checked",MISSING,0.180139,0_to_lt1,1,0xf13203ddbf2c9816a79b656a1a952521702715d92fea465b84ae2ed6e94a7f22,ABSENT_NO_HOOK_ADDRESS,True,UniswapV3,True,UNMATCHED
0x95277c576fa7e84a9b6d5bae7a78f24292301c65d8d16da838c6ae0dca749551,1957,1957,52331648,2026-10-08T09:44:03Z,B,"log-reconstructed (no native legs, no ext payouts); not trace-checked",MISSING,0.139072,0_to_lt1,1,0x7681c00520c26da8d8970c21a65461c726f274068eb08743debc1178e697044e,ABSENT_NO_HOOK_ADDRESS,True,UniswapV3,True,UNMATCHED
0x1ee347583dba250ddd428bde1c34790951e4f9c45505152a1d0d36852b76b77b,1960,1960,52331653,2026-10-08T09:44:13Z,B,"log-reconstructed (no native legs, no ext payouts); not trace-checked",MISSING,0.078557,0_to_lt1,1,0xfba2c4592d32a4e2e6393b8898f9110b4e272983f4bd416b38f81672a17fe3dc,ABSENT_NO_HOOK_ADDRESS,True,UniswapV3,True,UNMATCHED
0x6f401a80727b0b119aa51dfc52f9a7180014a0f09c6c300acc39b13d2351c4fd,1961,1961,52331664,2026-10-08T09:44:35Z,A,trace-verified native flows; all legs priced,INFERRED,0.322032,0_to_lt1,1,0xf13203ddbf2c9816a79b656a1a952521702715d92fea465b84ae2ed6e94a7f22,ABSENT_NO_HOOK_ADDRESS,True,UniswapV3,True,PARTIAL_POOL_SET
0x9bba676ae698616e631d6031715ebb99c1485a93c282d431d9ac56d96aed9148,1962,1962,52331664,2026-10-08T09:44:35Z,A,trace-verified native flows; all legs priced,INFERRED,0.341896,0_to_lt1,1,0xf13203ddbf2c9816a79b656a1a952521702715d92fea465b84ae2ed6e94a7f22,ABSENT_NO_HOOK_ADDRESS,True,UniswapV3,True,PARTIAL_POOL_SET
0x7106250c0fc0eb96a08731cbdb48ec75b0831d9fa85a875666f2c2ca85eee901,1963,1963,52331664,2026-10-08T09:44:35Z,A,trace-verified native flows; all legs priced,MISSING,0.336777,0_to_lt1,1,0xf13203ddbf2c9816a79b656a1a952521702715d92fea465b84ae2ed6e94a7f22,ABSENT_NO_HOOK_ADDRESS,True,UniswapV3,True,UNMATCHED
0xa447e8b9def7c7db9391f04b26c4b6eebaffe3a5b179cc7af7434cbc65519501,1964,1964,52331664,2026-10-08T09:44:35Z,A,trace-verified native flows; all legs priced,INFERRED,0.865376,0_to_lt1,1,0xf13203ddbf2c9816a79b656a1a952521702715d92fea465b84ae2ed6e94a7f22,ABSENT_NO_HOOK_ADDRESS,True,UniswapV3,True,PARTIAL_POOL_SET
0xf4a27f416ac8c2e75c35eac5f5711fec23671590b13f41577884c4dc9310d0b4,1965,1965,52331664,2026-10-08T09:44:35Z,A,trace-verified native flows; all legs priced,INFERRED,0.29695,0_to_lt1,1,0xf13203ddbf2c9816a79b656a1a952521702715d92fea465b84ae2ed6e94a7f22,ABSENT_NO_HOOK_ADDRESS,True,UniswapV3,True,PARTIAL_POOL_SET
0x15c66a1e98009fe56ce957b59a5cf061944cdaa810ea8d2d6b398f905395c0d6,1966,1966,52331666,2026-10-08T09:44:39Z,A,trace-verified native flows; all legs priced,MISSING,1.608678,1_to_lt25,1,0xfba2c4592d32a4e2e6393b8898f9110b4e272983f4bd416b38f81672a17fe3dc,ABSENT_NO_HOOK_ADDRESS,True,UniswapV3,True,UNMATCHED
0x9ec1c578cca7e33fe412ef96ca69dcd0dc51d6c8b588f19bba91eaac0bd270ae,1967,1967,52331673,2026-10-08T09:44:53Z,A,trace-verified native flows; all legs priced,INFERRED,0.396222,0_to_lt1,1,0xfba2c4592d32a4e2e6393b8898f9110b4e272983f4bd416b38f81672a17fe3dc,ABSENT_NO_HOOK_ADDRESS,True,UniswapV3,True,PARTIAL_POOL_SET
0x6af505da2ae387272876d4e69faf524277795e16795b517b27a7d840baba130c,1968,1968,52331674,2026-10-08T09:44:55Z,A,trace-verified native flows; all legs priced,INFERRED,0.335135,0_to_lt1,1,0x7681c00520c26da8d8970c21a65461c726f274068eb08743debc1178e697044e,ABSENT_NO_HOOK_ADDRESS,True,UniswapV3,True,PARTIAL_POOL_SET
0x5851682350059b9be62e3f1795d1d5eb478ff0ad0955901e2632b4ad81eeaf1e,1969,1969,52331680,2026-10-08T09:45:07Z,A,trace-verified native flows; all legs priced,INFERRED,0.401518,0_to_lt1,1,0x7681c00520c26da8d8970c21a65461c726f274068eb08743debc1178e697044e,ABSENT_NO_HOOK_ADDRESS,True,UniswapV3,True,PARTIAL_POOL_SET
0xea5964fc7efde8a7e9f25c376f7826e90c712369f6df78b31f68c8977e2de16b,1970,1970,52331680,2026-10-08T09:45:07Z,B,"log-reconstructed (no native legs, no ext payouts); not trace-checked",MISSING,0.087176,0_to_lt1,1,0xfba2c4592d32a4e2e6393b8898f9110b4e272983f4bd416b38f81672a17fe3dc,ABSENT_NO_HOOK_ADDRESS,True,UniswapV3,True,UNMATCHED
0x6274b80a8e241565008896c5d50150b7c3b399cdc01de43e9f55d5698887a2a8,1971,1971,52331680,2026-10-08T09:45:07Z,B,"log-reconstructed (no native legs, no ext payouts); not trace-checked",INFERRED,0.335798,0_to_lt1,1,0xfba2c4592d32a4e2e6393b8898f9110b4e272983f4bd416b38f81672a17fe3dc,ABSENT_NO_HOOK_ADDRESS,True,UniswapV3,True,UNMATCHED
0xc4b435fdd2797ca31093459ffae2138a711861f7bdb333024bf8938537880e9f,1972,1972,52331681,2026-10-08T09:45:09Z,A,trace-verified native flows; all legs priced,MISSING,0.321539,0_to_lt1,1,0x7681c00520c26da8d8970c21a65461c726f274068eb08743debc1178e697044e,ABSENT_NO_HOOK_ADDRESS,True,UniswapV3,True,UNMATCHED
0xaf96087e12b24adf2c288d2cb4853a2172cf21ece77a37cc23352a0fb1b03330,1973,1973,52331686,2026-10-08T09:45:19Z,A,trace-verified native flows; all legs priced,MISSING,0.409473,0_to_lt1,1,0xfba2c4592d32a4e2e6393b8898f9110b4e272983f4bd416b38f81672a17fe3dc,ABSENT_NO_HOOK_ADDRESS,True,UniswapV3,True,UNMATCHED
0xa4c9b4c14077826dcc904efa15a78842b69e274d130688ec9a51f011e32c66fc,1974,1974,52331686,2026-10-08T09:45:19Z,A,trace-verified native flows; all legs priced,INFERRED,0.204646,0_to_lt1,1,0xfba2c4592d32a4e2e6393b8898f9110b4e272983f4bd416b38f81672a17fe3dc,ABSENT_NO_HOOK_ADDRESS,True,UniswapV3,True,PARTIAL_POOL_SET
0x26b87b035649f488a675fb615627fbfdb0bb16739905b4b7137db2bb7e42c746,1975,1975,52331689,2026-10-08T09:45:25Z,B,"log-reconstructed (no native legs, no ext payouts); not trace-checked",MISSING,0.10789,0_to_lt1,1,0x7681c00520c26da8d8970c21a65461c726f274068eb08743debc1178e697044e,ABSENT_NO_HOOK_ADDRESS,True,Aerodrome-Slipstream3|UniswapV3,True,UNMATCHED
0xc9c178fe9faa8ed7865fea64ff37fe691e8d5e10fdb05b59197ff90eb1e48646,1976,1976,52331690,2026-10-08T09:45:27Z,B,"log-reconstructed (no native legs, no ext payouts); not trace-checked",MISSING,0.077774,0_to_lt1,1,0x49fff8ec544984d862c0c322c83bc0cfb7a9a953a7d4d4d352a2aff27f7602cf,ABSENT_NO_HOOK_ADDRESS,True,UniswapV3,True,UNMATCHED
0x9cf32b191685da1f7217274f6718e431d998e0b6ab16d5691e20a9f8ca4bf2d5,1977,1977,52331690,2026-10-08T09:45:27Z,B,"log-reconstructed (no native legs, no ext payouts); not trace-checked",MISSING,0.086239,0_to_lt1,1,0xfba2c4592d32a4e2e6393b8898f9110b4e272983f4bd416b38f81672a17fe3dc,ABSENT_NO_HOOK_ADDRESS,True,UniswapV3,True,UNMATCHED
0xa43f1942c68bfc72aa308edc6207a1720164a0b377d778cea5dc8934dcc57150,1980,1980,52331706,2026-10-08T09:45:59Z,D,cyclic_v4_unresolved,MISSING,,kept_null,2,0x2706322a30d4e244fb0a61b47d4951a277561e2cddb2614fcd41bae530777180|0xaf861cf0c9660712dfac0b4b30a5684c7e632c5567c07df54cd1f68c8e587a3e,ABSENT_NO_HOOK_ADDRESS,True,Aerodrome-Slipstream3,True,UNMATCHED
0xb9773403cb93c9fbea863e9f588f40364e5a4e6d2bc645ecadebfd3cb46285d8,1982,1982,52331753,2026-10-08T09:47:33Z,A,trace-verified native flows; all legs priced,INFERRED,0.333578,0_to_lt1,1,0x7681c00520c26da8d8970c21a65461c726f274068eb08743debc1178e697044e,ABSENT_NO_HOOK_ADDRESS,True,UniswapV3,True,PARTIAL_POOL_SET
0xde4d502ffe3c40368d7e42442b84413cdc79aed7abfa766f613b1ed663d6fb42,1983,1983,52331754,2026-10-08T09:47:35Z,B,"log-reconstructed (no native legs, no ext payouts); not trace-checked",MISSING,0.807795,0_to_lt1,1,0xfba2c4592d32a4e2e6393b8898f9110b4e272983f4bd416b38f81672a17fe3dc,ABSENT_NO_HOOK_ADDRESS,True,UniswapV3,True,UNMATCHED
0x91fafe1d9ab093cd5afb3193c638bdb1958599856521643a9ed6ed58d6170baa,1984,1984,52331764,2026-10-08T09:47:55Z,A,trace-verified native flows; all legs priced,INFERRED,0.831825,0_to_lt1,1,0xfba2c4592d32a4e2e6393b8898f9110b4e272983f4bd416b38f81672a17fe3dc,ABSENT_NO_HOOK_ADDRESS,True,UniswapV3,True,PARTIAL_POOL_SET
0x048e76805c094e6dee7e9f7bba5710a5308b9f9597933e41bb98b849a3da442d,1985,1985,52331765,2026-10-08T09:47:57Z,A,trace-verified native flows; all legs priced,INFERRED,0.297557,0_to_lt1,1,0x7681c00520c26da8d8970c21a65461c726f274068eb08743debc1178e697044e,ABSENT_NO_HOOK_ADDRESS,True,UniswapV3,True,PARTIAL_POOL_SET
0x2dc29f80029bc1f09e32aee6f18414a51c1e6d1c994cdc68616ce61d2fc77cc6,1986,1986,52331766,2026-10-08T09:47:59Z,A,trace-verified native flows; all legs priced,INFERRED,0.891099,0_to_lt1,1,0xfba2c4592d32a4e2e6393b8898f9110b4e272983f4bd416b38f81672a17fe3dc,ABSENT_NO_HOOK_ADDRESS,True,UniswapV3,True,PARTIAL_POOL_SET
0xaa5664f9f15a69018a9a8b2d8fbec3faa8297740bf9ba01184d603044c34adb2,1987,1987,52331768,2026-10-08T09:48:03Z,A,trace-verified native flows; all legs priced,MISSING,1.004403,1_to_lt25,1,0xfba2c4592d32a4e2e6393b8898f9110b4e272983f4bd416b38f81672a17fe3dc,ABSENT_NO_HOOK_ADDRESS,True,UniswapV3,True,UNMATCHED
0xe63045dc90436509b9677283b275df80743a9c5eb5905300a3b4ce74fe5872e0,1988,1988,52331769,2026-10-08T09:48:05Z,A,trace-verified native flows; all legs priced,MISSING,1.088158,1_to_lt25,1,0xfba2c4592d32a4e2e6393b8898f9110b4e272983f4bd416b38f81672a17fe3dc,ABSENT_NO_HOOK_ADDRESS,True,UniswapV3,True,UNMATCHED
0x78b706e8311b2b8c8dc45765d3a7b9390a0111f7c5e1b5049b7546fcef9bac71,1989,1989,52331772,2026-10-08T09:48:11Z,A,trace-verified native flows; all legs priced,INFERRED,0.172881,0_to_lt1,1,0xf13203ddbf2c9816a79b656a1a952521702715d92fea465b84ae2ed6e94a7f22,ABSENT_NO_HOOK_ADDRESS,True,UniswapV3,True,PARTIAL_POOL_SET
0x5fa6f31bb4bedeecd38d72395a6234fef4b021f77212435c802f9fef55cc5485,1991,1991,52331777,2026-10-08T09:48:21Z,B,"log-reconstructed (no native legs, no ext payouts); not trace-checked",MISSING,0.745598,0_to_lt1,1,0xfba2c4592d32a4e2e6393b8898f9110b4e272983f4bd416b38f81672a17fe3dc,ABSENT_NO_HOOK_ADDRESS,True,UniswapV3,True,UNMATCHED
0xbbf32d00cf4d5d963e85f0cbaacc6da90338a113b6f94cc1883c1d92d3caea8c,1992,1992,52331780,2026-10-08T09:48:27Z,B,"log-reconstructed (no native legs, no ext payouts); not trace-checked",MISSING,0.103065,0_to_lt1,1,0xfba2c4592d32a4e2e6393b8898f9110b4e272983f4bd416b38f81672a17fe3dc,ABSENT_NO_HOOK_ADDRESS,True,UniswapV3,True,UNMATCHED
0xbb20c65b21e07cee73b51ec779d1c5fd634fe83395f91f2072f9e4fc825df678,1993,1993,52331781,2026-10-08T09:48:29Z,B,"log-reconstructed (no native legs, no ext payouts); not trace-checked",MISSING,0.635431,0_to_lt1,1,0xfba2c4592d32a4e2e6393b8898f9110b4e272983f4bd416b38f81672a17fe3dc,ABSENT_NO_HOOK_ADDRESS,True,UniswapV3,True,UNMATCHED
0x86edfc10a656c7474a77bd5d3014594062f4b1b8bcd891e090f68fff08389ebc,1994,1994,52331781,2026-10-08T09:48:29Z,B,"log-reconstructed (no native legs, no ext payouts); not trace-checked",MISSING,0.429981,0_to_lt1,1,0xfba2c4592d32a4e2e6393b8898f9110b4e272983f4bd416b38f81672a17fe3dc,ABSENT_NO_HOOK_ADDRESS,True,UniswapV3,True,UNMATCHED
0xdc935e2fbb6916f7019cc729bf13906ba4325f346b46ce0f53f8f0b716001cc7,1995,1995,52331784,2026-10-08T09:48:35Z,A,trace-verified native flows; all legs priced,INFERRED,0.58807,0_to_lt1,1,0x7681c00520c26da8d8970c21a65461c726f274068eb08743debc1178e697044e,ABSENT_NO_HOOK_ADDRESS,True,UniswapV3,True,PARTIAL_POOL_SET
0x7433fc27a7c863b7857115f8ded9b1a4276d44ef4395e7078030bf4fb530c59e,1996,1996,52331785,2026-10-08T09:48:37Z,A,trace-verified native flows; all legs priced,INFERRED,0.697392,0_to_lt1,1,0x7681c00520c26da8d8970c21a65461c726f274068eb08743debc1178e697044e,ABSENT_NO_HOOK_ADDRESS,True,UniswapV3,True,PARTIAL_POOL_SET
0xe41faf972227cb84ddde0a88789a4d884e6af1d3f2093e6dc1559d53c00cbc88,1997,1997,52331798,2026-10-08T09:49:03Z,B,"log-reconstructed (no native legs, no ext payouts); not trace-checked",MISSING,0.501086,0_to_lt1,1,0xfba2c4592d32a4e2e6393b8898f9110b4e272983f4bd416b38f81672a17fe3dc,ABSENT_NO_HOOK_ADDRESS,True,UniswapV3,True,UNMATCHED
0x3ab6c3015d3d27db7c36610672e5a9abf9459a9e2ba10bd040b8aee5eb052590,1998,1998,52331831,2026-10-08T09:50:09Z,D,cyclic_unknown_venue,MISSING,,kept_null,1,0xe2654cc01616e962fbfcc4277c23062e59e70e39f87221d77b6d438705a5f286,ABSENT_NO_HOOK_ADDRESS,True,,True,UNMATCHABLE
0x3b632fa1354e0efd536b785076f75f0fd3ffeb2d328edb61f1bba86cc199d7ea,2001,2001,52331836,2026-10-08T09:50:19Z,D,cyclic_v4_unresolved,MISSING,,kept_null,4,0x29d91db3d5531367ba1cc459a9ba84ae3f58151de1ad31f5a6aa1c2c0d1036c6|0x691b62e66bf9310b36743d3e7ac1b46f8c1bb5142bfea365aa3af676bb0e30eb|0xb7d48cf6c7606ec898bed258f7cad2166cecdf4d84313ab025aeca83d62831f7|0xe7373702650357729c467204c65a883c965184fa7565b69fbf4874ae7ae2eb6a,ABSENT_NO_HOOK_ADDRESS,False,,False,UNMATCHABLE
0x89ffef384dac059aff35d67da4c023127aec3ea2c13aaec05d8dd5152fc93b11,2006,2006,52331845,2026-10-08T09:50:37Z,A,trace-verified native flows; all legs priced,INFERRED,0.169149,0_to_lt1,1,0xaa3f41df57766197c15679db7db272058137b26b371b285813ecc620428a4c6c,ABSENT_NO_HOOK_ADDRESS,True,UniswapV3,True,PARTIAL_POOL_SET
0xa60e1e39f80dd25632fb0bcbbbec982795cae8c7ee640ed5c3643ae4e22ad231,2007,2007,52331948,2026-10-08T09:54:03Z,A,trace-verified native flows; all legs priced,INFERRED,6.70048,1_to_lt25,2,0x3ee6f80c42633906b695524cab46191beaf1b25efcc175aa9069dc061c54cd73|0x6efe8847be3c760aa1b4acceecc652edb12b0b7c3ab4192c97874b868092148a,ABSENT_NO_HOOK_ADDRESS,True,UniswapV3,True,PARTIAL_POOL_UNSUPPORTED_VENUE
0xceb344b4a99ce0e77a24d567e502c1848a23ce0c0db0acf6beba997724a0d331,2008,2008,52331955,2026-10-08T09:54:17Z,A,trace-verified native flows; all legs priced,MISSING,0.145333,0_to_lt1,1,0x118c35025bc6ced5aa6ffca380943d3a34b5efa84737e41333936f94c3eae77d,ABSENT_NO_HOOK_ADDRESS,True,Aerodrome-Slipstream,False,UNMATCHED
0x1de1b776e7c42ae01ecc73913654cbcf986049fc6ea45a2cbfff1e7f33f56aa4,2010,2010,52332069,2026-10-08T09:58:05Z,B,"log-reconstructed (no native legs, no ext payouts); not trace-checked",INFERRED,0.021006,0_to_lt1,2,0x3ee6f80c42633906b695524cab46191beaf1b25efcc175aa9069dc061c54cd73|0xcd912411a8ccaaa0851919ddadbfbd29da7073aa8d5e39461c0ddbdad8891894,ABSENT_NO_HOOK_ADDRESS,True,,True,UNMATCHABLE
0xbb9ad63198329855ee0e2283f3fc7e2f0691cb1a95d93418d4ffcd2180f7df45,2011,2011,52332079,2026-10-08T09:58:25Z,A,trace-verified native flows; all legs priced,MISSING,0.024347,0_to_lt1,2,0x3ee6f80c42633906b695524cab46191beaf1b25efcc175aa9069dc061c54cd73|0xcd912411a8ccaaa0851919ddadbfbd29da7073aa8d5e39461c0ddbdad8891894,ABSENT_NO_HOOK_ADDRESS,True,,True,UNMATCHABLE
0x91a36ee904e6ad11f77d4d438c25c4ba2f3418049ebce4aab19f3ef95166ba87,2013,2013,52332081,2026-10-08T09:58:29Z,B,"log-reconstructed (no native legs, no ext payouts); not trace-checked",MISSING,0.11811,0_to_lt1,1,0xcd912411a8ccaaa0851919ddadbfbd29da7073aa8d5e39461c0ddbdad8891894,ABSENT_NO_HOOK_ADDRESS,True,UniswapV3,True,UNMATCHED
0xe3de4c7c3c296615055b0299ecc07cba0245dea3ad629ae19e71fdc4153af084,2014,2014,52332087,2026-10-08T09:58:41Z,B,"log-reconstructed (no native legs, no ext payouts); not trace-checked",MISSING,0.104094,0_to_lt1,1,0xcd912411a8ccaaa0851919ddadbfbd29da7073aa8d5e39461c0ddbdad8891894,ABSENT_NO_HOOK_ADDRESS,True,UniswapV3,True,UNMATCHED
0xdacae125b06ad7d60e58b4c7001af5c67f63afb7b39be3a2dd8dc61317527dd9,2015,2015,52332094,2026-10-08T09:58:55Z,B,"log-reconstructed (no native legs, no ext payouts); not trace-checked",MISSING,0.134572,0_to_lt1,1,0xcd912411a8ccaaa0851919ddadbfbd29da7073aa8d5e39461c0ddbdad8891894,ABSENT_NO_HOOK_ADDRESS,True,UniswapV3,True,UNMATCHED
0x3300083c8f10d759902750945656a72728261c80d29cc450376d2323c1b26e35,2016,2016,52332096,2026-10-08T09:58:59Z,B,"log-reconstructed (no native legs, no ext payouts); not trace-checked",MISSING,0.025154,0_to_lt1,2,0x3ee6f80c42633906b695524cab46191beaf1b25efcc175aa9069dc061c54cd73|0xcd912411a8ccaaa0851919ddadbfbd29da7073aa8d5e39461c0ddbdad8891894,ABSENT_NO_HOOK_ADDRESS,True,,True,UNMATCHABLE
0x6442f7a86cd046977cafe6ffe56c7b1fcaca9191724c05564e7b6d708e1b0204,2017,2017,52332102,2026-10-08T09:59:11Z,B,"log-reconstructed (no native legs, no ext payouts); not trace-checked",MISSING,0.102641,0_to_lt1,1,0xcd912411a8ccaaa0851919ddadbfbd29da7073aa8d5e39461c0ddbdad8891894,ABSENT_NO_HOOK_ADDRESS,True,UniswapV3,True,UNMATCHED
0x84db7341bf681ec06fca34222e84366eede49c07afb67212e91f9af53edd722c,2019,2019,52332103,2026-10-08T09:59:13Z,A,trace-verified native flows; all legs priced,INFERRED,0.442611,0_to_lt1,2,0x4b89ddbd5693cbad4689f2d11ff2d91d5d24bd2d59320e4b4426a66581343385|0x7681c00520c26da8d8970c21a65461c726f274068eb08743debc1178e697044e,ABSENT_NO_HOOK_ADDRESS,True,UniswapV3,True,PARTIAL_POOL_SET
0xce0944897589168d53cd2dbb9b5ef9b00eb3e2698b16353e7bd3ac406b027c33,2020,2020,52332104,2026-10-08T09:59:15Z,B,"log-reconstructed (no native legs, no ext payouts); not trace-checked",MISSING,0.139624,0_to_lt1,1,0xfba2c4592d32a4e2e6393b8898f9110b4e272983f4bd416b38f81672a17fe3dc,ABSENT_NO_HOOK_ADDRESS,True,UniswapV3,True,UNMATCHED
0xa713a4d3eed0af37e6429016928c42bf864bd4bfc16efb80768f9923807baa83,2021,2021,52332105,2026-10-08T09:59:17Z,A,trace-verified native flows; all legs priced,INFERRED,0.947239,0_to_lt1,1,0x4b89ddbd5693cbad4689f2d11ff2d91d5d24bd2d59320e4b4426a66581343385,ABSENT_NO_HOOK_ADDRESS,True,UniswapV3,True,PARTIAL_POOL_SET
0xc3ffe8bda8d42e7df0bae4e1caeed7d3f59d2d5555f4ad9e8c9e5f4a54582dfb,2022,2022,52332105,2026-10-08T09:59:17Z,B,"log-reconstructed (no native legs, no ext payouts); not trace-checked",MISSING,0.204936,0_to_lt1,1,0xcd912411a8ccaaa0851919ddadbfbd29da7073aa8d5e39461c0ddbdad8891894,ABSENT_NO_HOOK_ADDRESS,True,UniswapV3,True,UNMATCHED
0x092b39d3b34603dc8246895ed3834b1edfc938c4deb8986c91a5919128d9aca5,2023,2023,52332105,2026-10-08T09:59:17Z,B,"log-reconstructed (no native legs, no ext payouts); not trace-checked",MISSING,0.022882,0_to_lt1,2,0x4b89ddbd5693cbad4689f2d11ff2d91d5d24bd2d59320e4b4426a66581343385|0xcd912411a8ccaaa0851919ddadbfbd29da7073aa8d5e39461c0ddbdad8891894,ABSENT_NO_HOOK_ADDRESS,True,,True,UNMATCHABLE
0xf08d1c5a39229e129d93b7919255324fef5a575b4550bb62212bb2f3b81bf583,2024,2024,52332111,2026-10-08T09:59:29Z,B,"log-reconstructed (no native legs, no ext payouts); not trace-checked",MISSING,0.047569,0_to_lt1,2,0x4b89ddbd5693cbad4689f2d11ff2d91d5d24bd2d59320e4b4426a66581343385|0xfba2c4592d32a4e2e6393b8898f9110b4e272983f4bd416b38f81672a17fe3dc,ABSENT_NO_HOOK_ADDRESS,True,UniswapV3,True,UNMATCHED
0xa2f077595883814dd91da406541c31c61d676276d825e7d636232575378e1861,2025,2025,52332115,2026-10-08T09:59:37Z,B,"log-reconstructed (no native legs, no ext payouts); not trace-checked",MISSING,0.078504,0_to_lt1,1,0x4b89ddbd5693cbad4689f2d11ff2d91d5d24bd2d59320e4b4426a66581343385,ABSENT_NO_HOOK_ADDRESS,True,UniswapV3,True,UNMATCHED
0xbdf01b998c2862777c97b1fbf79c24409dd4daa1488915298be54363e04415a4,2026,2026,52332117,2026-10-08T09:59:41Z,A,trace-verified native flows; all legs priced,MISSING,0.027168,0_to_lt1,1,0x4b89ddbd5693cbad4689f2d11ff2d91d5d24bd2d59320e4b4426a66581343385,ABSENT_NO_HOOK_ADDRESS,True,UniswapV3,True,UNMATCHED
0xe6cc3224d60998dbbc00113cc43760736ed08b95accf3a4040e87622bc305d33,2027,2027,52332118,2026-10-08T09:59:43Z,A,trace-verified native flows; all legs priced,MISSING,0.09278,0_to_lt1,1,0x4b89ddbd5693cbad4689f2d11ff2d91d5d24bd2d59320e4b4426a66581343385,ABSENT_NO_HOOK_ADDRESS,True,UniswapV3,True,UNMATCHED
0x0cbd926f83b33c94b110aeaafd06fe96703f11c315fdb378f203bbbb6e15afbe,2028,2028,52332124,2026-10-08T09:59:55Z,A,trace-verified native flows; all legs priced,INFERRED,0.31676,0_to_lt1,1,0x4b89ddbd5693cbad4689f2d11ff2d91d5d24bd2d59320e4b4426a66581343385,ABSENT_NO_HOOK_ADDRESS,True,UniswapV3,True,PARTIAL_POOL_SET
0x55dc696a5ab71f00ff21d73ecdf060cf3864971531ad289e2e82cdfa3dc671e6,2029,2029,52332124,2026-10-08T09:59:55Z,B,"log-reconstructed (no native legs, no ext payouts); not trace-checked",MISSING,0.127814,0_to_lt1,1,0x4b89ddbd5693cbad4689f2d11ff2d91d5d24bd2d59320e4b4426a66581343385,ABSENT_NO_HOOK_ADDRESS,True,UniswapV3,True,UNMATCHED
0xb9644b9ce81d880943270a1b7431b6daac15a67276a8b3d5c3bc052ffb50349c,2030,2030,52332124,2026-10-08T09:59:55Z,B,"log-reconstructed (no native legs, no ext payouts); not trace-checked",MISSING,0.09967,0_to_lt1,1,0x4b89ddbd5693cbad4689f2d11ff2d91d5d24bd2d59320e4b4426a66581343385,ABSENT_NO_HOOK_ADDRESS,True,UniswapV3,True,UNMATCHED
0xd8c2234185f1b29594556ee41d307b220eae96c2a6783263b1b3d0ed8cbda2b1,2032,2032,52332139,2026-10-08T10:00:25Z,B,"log-reconstructed (no native legs, no ext payouts); not trace-checked",MISSING,0.127937,0_to_lt1,1,0x4b89ddbd5693cbad4689f2d11ff2d91d5d24bd2d59320e4b4426a66581343385,ABSENT_NO_HOOK_ADDRESS,True,UniswapV3,True,UNMATCHED
0x3aa1920fac141fc31a0d3ef141cf421a6d6b2b6b7f1d2686151823722b92169d,2033,2033,52332145,2026-10-08T10:00:37Z,B,"log-reconstructed (no native legs, no ext payouts); not trace-checked",MISSING,0.080305,0_to_lt1,1,0x49fff8ec544984d862c0c322c83bc0cfb7a9a953a7d4d4d352a2aff27f7602cf,ABSENT_NO_HOOK_ADDRESS,True,UniswapV3,True,UNMATCHED
0x61b4bf62b77c22a22ed5896d2ce028ca0e83b5ba35aeeac4d7f511694982ff98,2035,2035,52332145,2026-10-08T10:00:37Z,B,"log-reconstructed (no native legs, no ext payouts); not trace-checked",MISSING,0.221835,0_to_lt1,1,0xf13203ddbf2c9816a79b656a1a952521702715d92fea465b84ae2ed6e94a7f22,ABSENT_NO_HOOK_ADDRESS,True,UniswapV3,True,UNMATCHED
0x43c97a108c0f23c718790c17f585a55c38cb64db7b1d83f62e9847c426280b0c,2036,2036,52332146,2026-10-08T10:00:39Z,A,trace-verified native flows; all legs priced,INFERRED,0.739147,0_to_lt1,1,0x7681c00520c26da8d8970c21a65461c726f274068eb08743debc1178e697044e,ABSENT_NO_HOOK_ADDRESS,True,Aerodrome-Slipstream3|UniswapV3,True,PARTIAL_POOL_SET
0x8d332ca04eb592bd83e63a7525443afa614a5703e49c5f2a07ab3f712fe8f22a,2037,2037,52332146,2026-10-08T10:00:39Z,A,trace-verified native flows; all legs priced,INFERRED,0.246657,0_to_lt1,1,0x7681c00520c26da8d8970c21a65461c726f274068eb08743debc1178e697044e,ABSENT_NO_HOOK_ADDRESS,True,UniswapV3,True,PARTIAL_POOL_SET
0xec6fef8333538b8feda5bb3d549fe386bf8d5af3ba3b1188ef6d36969d6a5333,2039,2039,52332147,2026-10-08T10:00:41Z,B,"log-reconstructed (no native legs, no ext payouts); not trace-checked",MISSING,0.122466,0_to_lt1,1,0x49fff8ec544984d862c0c322c83bc0cfb7a9a953a7d4d4d352a2aff27f7602cf,ABSENT_NO_HOOK_ADDRESS,True,UniswapV3,True,UNMATCHED
0x4d8d327f8f4ab97868bd880f40f9a734c905acfacc973888e3ad9263965826d7,2040,2040,52332151,2026-10-08T10:00:49Z,B,"log-reconstructed (no native legs, no ext payouts); not trace-checked",MISSING,0.096406,0_to_lt1,1,0x49fff8ec544984d862c0c322c83bc0cfb7a9a953a7d4d4d352a2aff27f7602cf,ABSENT_NO_HOOK_ADDRESS,True,UniswapV3,True,UNMATCHED
0x105a83cb1f80bf94ac71365fe7c632da22fd51a7e83724623511df4041ca9555,2041,2041,52332151,2026-10-08T10:00:49Z,B,"log-reconstructed (no native legs, no ext payouts); not trace-checked",MISSING,0.099776,0_to_lt1,1,0xfba2c4592d32a4e2e6393b8898f9110b4e272983f4bd416b38f81672a17fe3dc,ABSENT_NO_HOOK_ADDRESS,True,UniswapV3,True,UNMATCHED
0xdd0b27e0fe5ebf071a0986b06e48d890040b9b39298642c26042177c41a0b317,2042,2042,52332152,2026-10-08T10:00:51Z,B,"log-reconstructed (no native legs, no ext payouts); not trace-checked",MISSING,0.11145,0_to_lt1,1,0x49fff8ec544984d862c0c322c83bc0cfb7a9a953a7d4d4d352a2aff27f7602cf,ABSENT_NO_HOOK_ADDRESS,True,UniswapV3,True,UNMATCHED
0xe3a5b1d18272453b915e5e09f437aaec46ec274fd4d9850fa9a7ff65bcc42768,2044,2044,52332158,2026-10-08T10:01:03Z,B,"log-reconstructed (no native legs, no ext payouts); not trace-checked",MISSING,0.323454,0_to_lt1,1,0xfba2c4592d32a4e2e6393b8898f9110b4e272983f4bd416b38f81672a17fe3dc,ABSENT_NO_HOOK_ADDRESS,True,UniswapV3,True,UNMATCHED
0x12ccc2253f329b2a6b3cde1c030ef5f6dbf91c217609d60cf33fce34c8335328,2045,2045,52332167,2026-10-08T10:01:21Z,B,"log-reconstructed (no native legs, no ext payouts); not trace-checked",MISSING,0.003282,0_to_lt1,1,0xcd912411a8ccaaa0851919ddadbfbd29da7073aa8d5e39461c0ddbdad8891894,ABSENT_NO_HOOK_ADDRESS,True,UniswapV3,True,UNMATCHED
0x7bd8aeb295077ffff2a3325aecbec47045579fb9d785d003e7ae8eba16fd3678,2046,2046,52332168,2026-10-08T10:01:23Z,B,"log-reconstructed (no native legs, no ext payouts); not trace-checked",MISSING,0.089779,0_to_lt1,1,0x49fff8ec544984d862c0c322c83bc0cfb7a9a953a7d4d4d352a2aff27f7602cf,ABSENT_NO_HOOK_ADDRESS,True,UniswapV3,True,UNMATCHED
0x2b784905901a999135127b450aa078aec6ba4ff4021f5833ccc3059825a364c2,2047,2047,52332168,2026-10-08T10:01:23Z,B,"log-reconstructed (no native legs, no ext payouts); not trace-checked",MISSING,0.180576,0_to_lt1,1,0x7681c00520c26da8d8970c21a65461c726f274068eb08743debc1178e697044e,ABSENT_NO_HOOK_ADDRESS,True,UniswapV3,True,UNMATCHED
0xe06329e1a0af8d9cd77ddad936600c1b2adce41e206be22e7f4a0ebc658a78cf,2048,2048,52332181,2026-10-08T10:01:49Z,B,"log-reconstructed (no native legs, no ext payouts); not trace-checked",MISSING,0.002579,0_to_lt1,1,0x4b89ddbd5693cbad4689f2d11ff2d91d5d24bd2d59320e4b4426a66581343385,ABSENT_NO_HOOK_ADDRESS,True,UniswapV3,True,UNMATCHED
0xc4912266ad331f36b36233e8bda18de97927548f6b8473262faa415504354e3f,2049,2049,52332189,2026-10-08T10:02:05Z,B,"log-reconstructed (no native legs, no ext payouts); not trace-checked",MISSING,0.008318,0_to_lt1,1,0x4b89ddbd5693cbad4689f2d11ff2d91d5d24bd2d59320e4b4426a66581343385,ABSENT_NO_HOOK_ADDRESS,True,UniswapV3,True,UNMATCHED
0x1f654efd1b70532ab1c2c5bf72906c2e50b3b6c8ae404d7fe71cb2be87548f5a,2050,2050,52332191,2026-10-08T10:02:09Z,B,"log-reconstructed (no native legs, no ext payouts); not trace-checked",MISSING,0.130353,0_to_lt1,1,0xfba2c4592d32a4e2e6393b8898f9110b4e272983f4bd416b38f81672a17fe3dc,ABSENT_NO_HOOK_ADDRESS,True,UniswapV3,True,UNMATCHED
0x2164f6c2730bf8b9c6258a674c4605d5e790684b60f6d7ed3ad23c13fff76159,2051,2051,52332193,2026-10-08T10:02:13Z,A,trace-verified native flows; all legs priced,INFERRED,0.135564,0_to_lt1,2,0xcd912411a8ccaaa0851919ddadbfbd29da7073aa8d5e39461c0ddbdad8891894|0xfba2c4592d32a4e2e6393b8898f9110b4e272983f4bd416b38f81672a17fe3dc,ABSENT_NO_HOOK_ADDRESS,True,UniswapV3,True,PARTIAL_POOL_SET
0x6f14cd51627c2a6d9053e6bdf97fc921f68216505d92cd108f448c14c6da96a1,2054,2054,52332234,2026-10-08T10:03:35Z,A,trace-verified native flows; all legs priced,MISSING,0.087963,0_to_lt1,2,0xaa7067935d6a13b60758695e6a16338b49855fbcb7bbbc8bd08e35791a0cf8b8|0xcd912411a8ccaaa0851919ddadbfbd29da7073aa8d5e39461c0ddbdad8891894,ABSENT_NO_HOOK_ADDRESS,True,,True,UNMATCHABLE
0xeb10b29900e2743982699d577c24e04694e730212572f056c4d98e15ee585dd7,2055,2055,52332234,2026-10-08T10:03:35Z,B,"log-reconstructed (no native legs, no ext payouts); not trace-checked",INFERRED,0.325583,0_to_lt1,1,0xaa7067935d6a13b60758695e6a16338b49855fbcb7bbbc8bd08e35791a0cf8b8,ABSENT_NO_HOOK_ADDRESS,True,UniswapV3,True,UNMATCHED
0x6bcda191d080c324b3624e36235a314f0cf1f476a397e6036d5afa16cb1f3482,2056,2056,52332236,2026-10-08T10:03:39Z,B,"log-reconstructed (no native legs, no ext payouts); not trace-checked",MISSING,0.00517,0_to_lt1,1,0x4b89ddbd5693cbad4689f2d11ff2d91d5d24bd2d59320e4b4426a66581343385,ABSENT_NO_HOOK_ADDRESS,True,UniswapV3,True,UNMATCHED
0xf1d08529ccf3c700a30cd6ed3a635ff0c76bd4185063ad2e0b6b4c60ac86f407,2057,2057,52332237,2026-10-08T10:03:41Z,B,"log-reconstructed (no native legs, no ext payouts); not trace-checked",MISSING,0.632582,0_to_lt1,2,0xcd912411a8ccaaa0851919ddadbfbd29da7073aa8d5e39461c0ddbdad8891894|0xfba2c4592d32a4e2e6393b8898f9110b4e272983f4bd416b38f81672a17fe3dc,ABSENT_NO_HOOK_ADDRESS,True,UniswapV3,True,UNMATCHED
0xd26598683629167b81a080c416d96c95e83e4e3aef4a91b024fd026959e42e45,2058,2058,52332237,2026-10-08T10:03:41Z,B,"log-reconstructed (no native legs, no ext payouts); not trace-checked",MISSING,0.224567,0_to_lt1,1,0xfba2c4592d32a4e2e6393b8898f9110b4e272983f4bd416b38f81672a17fe3dc,ABSENT_NO_HOOK_ADDRESS,True,UniswapV3,True,UNMATCHED
0x7f8df6de55a22491a3334a15a5b875f97912dcab8f9da6395d455cf0868786c9,2060,2060,52332242,2026-10-08T10:03:51Z,B,"log-reconstructed (no native legs, no ext payouts); not trace-checked",MISSING,0.1664,0_to_lt1,1,0xfba2c4592d32a4e2e6393b8898f9110b4e272983f4bd416b38f81672a17fe3dc,ABSENT_NO_HOOK_ADDRESS,True,UniswapV3,True,UNMATCHED
0x53818455cf748106f5fa8e5e6fc7ca23a9874c155f1c8011cfcbdd947f024a78,2061,2061,52332244,2026-10-08T10:03:55Z,B,"log-reconstructed (no native legs, no ext payouts); not trace-checked",MISSING,0.010371,0_to_lt1,1,0x4b89ddbd5693cbad4689f2d11ff2d91d5d24bd2d59320e4b4426a66581343385,ABSENT_NO_HOOK_ADDRESS,True,UniswapV3,True,UNMATCHED
0x35f12590f24e3985f4d019dbac2e346c0cf7fe347f994c104237b16548811ba4,2062,2062,52332245,2026-10-08T10:03:57Z,B,"log-reconstructed (no native legs, no ext payouts); not trace-checked",MISSING,0.140957,0_to_lt1,1,0x49fff8ec544984d862c0c322c83bc0cfb7a9a953a7d4d4d352a2aff27f7602cf,ABSENT_NO_HOOK_ADDRESS,True,UniswapV3,True,UNMATCHED
0x58339859f3f37e9de6831d1b47288717f603df3ebff4ff02a5ac09af77f28251,2063,2063,52332247,2026-10-08T10:04:01Z,A,trace-verified native flows; all legs priced,INFERRED,0.293459,0_to_lt1,1,0x4b89ddbd5693cbad4689f2d11ff2d91d5d24bd2d59320e4b4426a66581343385,ABSENT_NO_HOOK_ADDRESS,True,UniswapV3,True,PARTIAL_POOL_SET
0x152f8bdf8b210b786a09a3cc67c0442883ae1213ba860edbc53b1cb2f0cc6302,2064,2064,52332247,2026-10-08T10:04:01Z,B,"log-reconstructed (no native legs, no ext payouts); not trace-checked",MISSING,0.138387,0_to_lt1,1,0xfba2c4592d32a4e2e6393b8898f9110b4e272983f4bd416b38f81672a17fe3dc,ABSENT_NO_HOOK_ADDRESS,True,UniswapV3,True,UNMATCHED
0x828fef15c0a6926fe33e8fdd75ff0fa8fdd7ae7d66b2055a0b4a4200df24a6ef,2065,2065,52332254,2026-10-08T10:04:15Z,B,"log-reconstructed (no native legs, no ext payouts); not trace-checked",MISSING,0.151857,0_to_lt1,3,0x264984e00973c1dd3e2e145687715f211568eb7685af5527bcee61a1e6812675|0x5bb0ecf046453a6ef7b2c947a744948249839622d28cd919ceb7a2f500475623|0x93f900e15be5ee054dd9a874e4ecdafd2a4f27e86424ab3a4f50af84eb51dad8,ABSENT_NO_HOOK_ADDRESS,True,,True,UNMATCHABLE
0x0785977470adf656e6e248610198496b4c00791464da3ce9f4a8f673052f7ed8,2066,2066,52332258,2026-10-08T10:04:23Z,B,"log-reconstructed (no native legs, no ext payouts); not trace-checked",MISSING,0.282216,0_to_lt1,3,0x0e66048257508e35510ba8aa1a48c18ff150212e2eb92d0a933aa2e1a79927ad|0x12a9c409e2f0868b3f5bf76cffcc0c5128a31c491188bd6dd35b3c232bb62a14|0x93f900e15be5ee054dd9a874e4ecdafd2a4f27e86424ab3a4f50af84eb51dad8,ABSENT_NO_HOOK_ADDRESS,True,,True,UNMATCHABLE
0x7dc8a197df59ae449059e99383fa42f833e8edb87ad8a732dd9f82becf087cdd,2067,2067,52332259,2026-10-08T10:04:25Z,B,"log-reconstructed (no native legs, no ext payouts); not trace-checked",MISSING,0.126637,0_to_lt1,3,0x264984e00973c1dd3e2e145687715f211568eb7685af5527bcee61a1e6812675|0x5bb0ecf046453a6ef7b2c947a744948249839622d28cd919ceb7a2f500475623|0x93f900e15be5ee054dd9a874e4ecdafd2a4f27e86424ab3a4f50af84eb51dad8,ABSENT_NO_HOOK_ADDRESS,True,,True,UNMATCHABLE
0xd730cb7d487171bc6c8ff0f899e2e59016bfe18d13d50a468fe84dcfcc9996ae,2068,2068,52332260,2026-10-08T10:04:27Z,B,"log-reconstructed (no native legs, no ext payouts); not trace-checked",MISSING,0.100109,0_to_lt1,1,0xcd912411a8ccaaa0851919ddadbfbd29da7073aa8d5e39461c0ddbdad8891894,ABSENT_NO_HOOK_ADDRESS,True,UniswapV3,True,UNMATCHED
0x92ced1ca323f538150449841145f9d0a152e262ed4f7e4bc939595ba74dda36d,2069,2069,52332277,2026-10-08T10:05:01Z,B,"log-reconstructed (no native legs, no ext payouts); not trace-checked",MISSING,0.09736,0_to_lt1,1,0xcd912411a8ccaaa0851919ddadbfbd29da7073aa8d5e39461c0ddbdad8891894,ABSENT_NO_HOOK_ADDRESS,True,UniswapV3,True,UNMATCHED
0x1fca4231bbf3e342ebb81657ad8266d5af6ff88ad5067798b6abcba0c9cb2a9a,2070,2070,52332289,2026-10-08T10:05:25Z,B,"log-reconstructed (no native legs, no ext payouts); not trace-checked",MISSING,0.006664,0_to_lt1,1,0xcd912411a8ccaaa0851919ddadbfbd29da7073aa8d5e39461c0ddbdad8891894,ABSENT_NO_HOOK_ADDRESS,True,UniswapV3,True,UNMATCHED
0x1de62405051f52a8d448c3eed0e5112353add11416ef0f1da89fab5b167bd3a7,2074,2074,52332313,2026-10-08T10:06:13Z,A,trace-verified native flows; all legs priced,INFERRED,0.242513,0_to_lt1,1,0x7681c00520c26da8d8970c21a65461c726f274068eb08743debc1178e697044e,ABSENT_NO_HOOK_ADDRESS,True,UniswapV3,True,PARTIAL_POOL_SET
0xc5d11e1db1117561b06d88a10300e084309344f3a0dcec387732bd4bb53b60c9,2075,2075,52332313,2026-10-08T10:06:13Z,A,trace-verified native flows; all legs priced,INFERRED,0.250431,0_to_lt1,1,0xcd912411a8ccaaa0851919ddadbfbd29da7073aa8d5e39461c0ddbdad8891894,ABSENT_NO_HOOK_ADDRESS,True,Aerodrome-Slipstream|UniswapV3,True,PARTIAL_POOL_SET
0xcaa0b4bb57d21a897f7dad11699ca340000fe9dddd7b48c08b2ee5f64c39c9ec,2077,2077,52332330,2026-10-08T10:06:47Z,B,"log-reconstructed (no native legs, no ext payouts); not trace-checked",MISSING,0.096287,0_to_lt1,1,0xcd912411a8ccaaa0851919ddadbfbd29da7073aa8d5e39461c0ddbdad8891894,ABSENT_NO_HOOK_ADDRESS,True,UniswapV3,True,UNMATCHED
0x0d038dfd14cd735b578bae031a55f791cfd0dba49a0924638967d1426220faeb,2079,2079,52332358,2026-10-08T10:07:43Z,B,"log-reconstructed (no native legs, no ext payouts); not trace-checked",MISSING,0.049271,0_to_lt1,1,0xaa7067935d6a13b60758695e6a16338b49855fbcb7bbbc8bd08e35791a0cf8b8,ABSENT_NO_HOOK_ADDRESS,True,UniswapV3,True,UNMATCHED
0x7f4d74d8db8c820ebc7e3163d5aa3bee51de4a04f847c589ddcb67f12e58e294,2080,2080,52332386,2026-10-08T10:08:39Z,D,cyclic_unknown_venue,MISSING,,kept_null,1,0xe2654cc01616e962fbfcc4277c23062e59e70e39f87221d77b6d438705a5f286,ABSENT_NO_HOOK_ADDRESS,True,,True,UNMATCHABLE
0xf4c454e934b6565f257ec70c167d2c4bbabe57f902492fb96964013bad01a963,2081,2081,52332390,2026-10-08T10:08:47Z,B,"log-reconstructed (no native legs, no ext payouts); not trace-checked",MISSING,0.141871,0_to_lt1,1,0x0f69fe7ede1ae7da272e1a75a53d01ef6e1ee2d166fd204aa4a4d850d6257e6b,ABSENT_NO_HOOK_ADDRESS,True,UniswapV3,True,UNMATCHED
0xef8791c4332d536fdd2676fe308df32176eec6dd78a53c73c57b2c87f144983d,2083,2083,52332411,2026-10-08T10:09:29Z,B,"log-reconstructed (no native legs, no ext payouts); not trace-checked",MISSING,0.004131,0_to_lt1,2,0x0f69fe7ede1ae7da272e1a75a53d01ef6e1ee2d166fd204aa4a4d850d6257e6b|0x4b89ddbd5693cbad4689f2d11ff2d91d5d24bd2d59320e4b4426a66581343385,ABSENT_NO_HOOK_ADDRESS,True,,True,UNMATCHABLE
0x606daabf4bf27e98f59f5cf74d9462186cec145eb720b37af94bd4695a62f558,2084,2084,52332412,2026-10-08T10:09:31Z,B,"log-reconstructed (no native legs, no ext payouts); not trace-checked",MISSING,0.121354,0_to_lt1,1,0x0f69fe7ede1ae7da272e1a75a53d01ef6e1ee2d166fd204aa4a4d850d6257e6b,ABSENT_NO_HOOK_ADDRESS,True,UniswapV3,True,UNMATCHED
0x2d57485bc3560ea55c1cd87e19678f610d88192228d14855f5f1340003578497,2085,2085,52332419,2026-10-08T10:09:45Z,B,"log-reconstructed (no native legs, no ext payouts); not trace-checked",MISSING,0.016076,0_to_lt1,2,0x0f69fe7ede1ae7da272e1a75a53d01ef6e1ee2d166fd204aa4a4d850d6257e6b|0x4b89ddbd5693cbad4689f2d11ff2d91d5d24bd2d59320e4b4426a66581343385,ABSENT_NO_HOOK_ADDRESS,True,,True,UNMATCHABLE
0xa693a5100b10f74d422951a6dcbd06c97274b68fba61d25bccc4d59577e97f04,2086,2086,52332422,2026-10-08T10:09:51Z,B,"log-reconstructed (no native legs, no ext payouts); not trace-checked",MISSING,0.00597,0_to_lt1,2,0x0f69fe7ede1ae7da272e1a75a53d01ef6e1ee2d166fd204aa4a4d850d6257e6b|0x4b89ddbd5693cbad4689f2d11ff2d91d5d24bd2d59320e4b4426a66581343385,ABSENT_NO_HOOK_ADDRESS,True,,True,UNMATCHABLE
0xa96c5fd1cbeaa5e95250e0e45d6b8edd3a627389bdd58d958b9a6422b5bc7030,2087,2087,52332443,2026-10-08T10:10:33Z,B,"log-reconstructed (no native legs, no ext payouts); not trace-checked",MISSING,0.098227,0_to_lt1,1,0x0f69fe7ede1ae7da272e1a75a53d01ef6e1ee2d166fd204aa4a4d850d6257e6b,ABSENT_NO_HOOK_ADDRESS,True,UniswapV3,True,UNMATCHED
0x94e05f7b7fa36f147d4a5564c9ad3368eca7736d939c2355b309c5876899f2c1,2088,2088,52332471,2026-10-08T10:11:29Z,B,"log-reconstructed (no native legs, no ext payouts); not trace-checked",MISSING,0.016005,0_to_lt1,2,0x0f69fe7ede1ae7da272e1a75a53d01ef6e1ee2d166fd204aa4a4d850d6257e6b|0x4b89ddbd5693cbad4689f2d11ff2d91d5d24bd2d59320e4b4426a66581343385,ABSENT_NO_HOOK_ADDRESS,True,,True,UNMATCHABLE
0x390dd7a8e543f8e9e8437eaaa272263048f805f743684f1fc8e27b9aea934471,2089,2089,52332471,2026-10-08T10:11:29Z,A,trace-verified native flows; all legs priced,INFERRED,0.364072,0_to_lt1,2,0x0f69fe7ede1ae7da272e1a75a53d01ef6e1ee2d166fd204aa4a4d850d6257e6b|0xfba2c4592d32a4e2e6393b8898f9110b4e272983f4bd416b38f81672a17fe3dc,ABSENT_NO_HOOK_ADDRESS,True,UniswapV3,True,PARTIAL_POOL_SET
0x39d5ff94063dab1f366281a8235e01aaaa27b242b77361aa2fa73b1f1af229b4,2090,2090,52332472,2026-10-08T10:11:31Z,A,trace-verified native flows; all legs priced,INFERRED,0.276018,0_to_lt1,2,0x0f69fe7ede1ae7da272e1a75a53d01ef6e1ee2d166fd204aa4a4d850d6257e6b|0xfba2c4592d32a4e2e6393b8898f9110b4e272983f4bd416b38f81672a17fe3dc,ABSENT_NO_HOOK_ADDRESS,True,UniswapV3,True,PARTIAL_POOL_SET
0x270e0ff318d68de4545ca90705152e2b3a1429fefd99e4c86d8eef803676c8f5,2092,2092,52332483,2026-10-08T10:11:53Z,B,"log-reconstructed (no native legs, no ext payouts); not trace-checked",MISSING,0.118916,0_to_lt1,2,0x0f69fe7ede1ae7da272e1a75a53d01ef6e1ee2d166fd204aa4a4d850d6257e6b|0x4b89ddbd5693cbad4689f2d11ff2d91d5d24bd2d59320e4b4426a66581343385,ABSENT_NO_HOOK_ADDRESS,True,,True,UNMATCHABLE
0x15f18ca9246f740433796da227a18ad1c221bac4ee0015820050523999219a96,2093,2093,52332489,2026-10-08T10:12:05Z,B,"log-reconstructed (no native legs, no ext payouts); not trace-checked",MISSING,0.113808,0_to_lt1,1,0x0f69fe7ede1ae7da272e1a75a53d01ef6e1ee2d166fd204aa4a4d850d6257e6b,ABSENT_NO_HOOK_ADDRESS,True,UniswapV3,True,UNMATCHED
0x2f2d90aee64a37f1fd2f08ce323e03a450ce8f237840b294f58496d52a9c2f95,2095,2095,52332539,2026-10-08T10:13:45Z,A,trace-verified native flows; all legs priced,INFERRED,0.788022,0_to_lt1,1,0xcd912411a8ccaaa0851919ddadbfbd29da7073aa8d5e39461c0ddbdad8891894,ABSENT_NO_HOOK_ADDRESS,True,UniswapV3,True,PARTIAL_POOL_SET
0x9e00ba937129bf396f5e22dc319534528362149faffd5d2930a87d04dee763ce,2096,2096,52332555,2026-10-08T10:14:17Z,A,trace-verified native flows; all legs priced,INFERRED,2.557103,1_to_lt25,2,0x53d7c951f09e4f7d1141d213ee71edb256eafdf32bc85af33c6fac8f6c3e436a|0xcd912411a8ccaaa0851919ddadbfbd29da7073aa8d5e39461c0ddbdad8891894,ABSENT_NO_HOOK_ADDRESS,True,UniswapV3,True,PARTIAL_POOL_UNSUPPORTED_VENUE
0x925af99ccb397c259835d64d118e827709a11a5739ef8479c2fff376078afacf,2098,2098,52332566,2026-10-08T10:14:39Z,B,"log-reconstructed (no native legs, no ext payouts); not trace-checked",MISSING,0.09121,0_to_lt1,1,0x53d7c951f09e4f7d1141d213ee71edb256eafdf32bc85af33c6fac8f6c3e436a,ABSENT_NO_HOOK_ADDRESS,True,UniswapV3,True,UNMATCHED
0x4f931aaff8c210b1bf5335e454be065fe68adf7b1be1da27aaca60ead69a8a71,2100,2100,52332568,2026-10-08T10:14:43Z,B,"log-reconstructed (no native legs, no ext payouts); not trace-checked",MISSING,0.05046,0_to_lt1,1,0x53d7c951f09e4f7d1141d213ee71edb256eafdf32bc85af33c6fac8f6c3e436a,ABSENT_NO_HOOK_ADDRESS,True,UniswapV3,True,UNMATCHED
0x6531b53c7574443ec4771610b34017f6fba492c748e874f6f8e1fc14f5cb606d,2101,2101,52332570,2026-10-08T10:14:47Z,B,"log-reconstructed (no native legs, no ext payouts); not trace-checked",MISSING,0.013347,0_to_lt1,1,0x53d7c951f09e4f7d1141d213ee71edb256eafdf32bc85af33c6fac8f6c3e436a,ABSENT_NO_HOOK_ADDRESS,True,UniswapV3,True,UNMATCHED
0x9323241978a8f03ae3bdf7335e9ecdbbdd736ac804414ba2d930f1e2098f73dc,2103,2103,52332577,2026-10-08T10:15:01Z,B,"log-reconstructed (no native legs, no ext payouts); not trace-checked",MISSING,0.144742,0_to_lt1,1,0x53d7c951f09e4f7d1141d213ee71edb256eafdf32bc85af33c6fac8f6c3e436a,ABSENT_NO_HOOK_ADDRESS,True,UniswapV3,True,UNMATCHED
0x78929c10c896c4089df12abf0b2fb07b3ffdcad9482b4699e6fbcff369cae155,2104,2104,52332578,2026-10-08T10:15:03Z,B,"log-reconstructed (no native legs, no ext payouts); not trace-checked",MISSING,0.08986,0_to_lt1,1,0x53d7c951f09e4f7d1141d213ee71edb256eafdf32bc85af33c6fac8f6c3e436a,ABSENT_NO_HOOK_ADDRESS,True,UniswapV3,True,UNMATCHED
0x984e93898114e22a7ca7e1800b9f4acf6c491b0a568faed132ed924edf7952a4,2105,2105,52332578,2026-10-08T10:15:03Z,A,trace-verified native flows; all legs priced,INFERRED,0.167117,0_to_lt1,1,0xfba2c4592d32a4e2e6393b8898f9110b4e272983f4bd416b38f81672a17fe3dc,ABSENT_NO_HOOK_ADDRESS,True,UniswapV3,True,PARTIAL_POOL_SET
0xa626ac7d1e8a331571a1e1ab6e2e3f835009fe05dc89f10b8338b79a733a6623,2106,2106,52332578,2026-10-08T10:15:03Z,A,trace-verified native flows; all legs priced,INFERRED,0.19309,0_to_lt1,1,0x7681c00520c26da8d8970c21a65461c726f274068eb08743debc1178e697044e,ABSENT_NO_HOOK_ADDRESS,True,UniswapV3,True,PARTIAL_POOL_SET
0xad0e2566f9a7192bf8d45dd449dd56ff19a19730544e319d434b4e74dd43bc8d,2107,2107,52332578,2026-10-08T10:15:03Z,A,trace-verified native flows; all legs priced,INFERRED,0.173512,0_to_lt1,1,0x53d7c951f09e4f7d1141d213ee71edb256eafdf32bc85af33c6fac8f6c3e436a,ABSENT_NO_HOOK_ADDRESS,True,UniswapV3,True,PARTIAL_POOL_SET
0xdca432d107289757f9fcc5733afbaa7606e329412cfcfb49c190645e2a21e190,2110,2110,52332582,2026-10-08T10:15:11Z,A,trace-verified native flows; all legs priced,INFERRED,0.258816,0_to_lt1,1,0xfba2c4592d32a4e2e6393b8898f9110b4e272983f4bd416b38f81672a17fe3dc,ABSENT_NO_HOOK_ADDRESS,True,Aerodrome-Slipstream3|UniswapV3,True,PARTIAL_POOL_SET
0xefa31acf6d2df3332721def46aa05f244bc0b5a84edc8fbbe3f036a07fb3dedd,2111,2111,52332583,2026-10-08T10:15:13Z,A,trace-verified native flows; all legs priced,MISSING,0.054949,0_to_lt1,1,0x0f69fe7ede1ae7da272e1a75a53d01ef6e1ee2d166fd204aa4a4d850d6257e6b,ABSENT_NO_HOOK_ADDRESS,True,UniswapV3,True,UNMATCHED
0xe79cbbad00c1b8e23f4811b9698523c72f2c66d7103406a7de38bff7789d0838,2112,2112,52332615,2026-10-08T10:16:17Z,B,"log-reconstructed (no native legs, no ext payouts); not trace-checked",MISSING,0.037571,0_to_lt1,1,0xfba2c4592d32a4e2e6393b8898f9110b4e272983f4bd416b38f81672a17fe3dc,ABSENT_NO_HOOK_ADDRESS,True,Aerodrome-Slipstream,False,UNMATCHED
0x712f640942f1814d67ae8a7914e69961a986c6426b0a70680b68608916a26181,2113,2113,52332615,2026-10-08T10:16:17Z,B,"log-reconstructed (no native legs, no ext payouts); not trace-checked",MISSING,0.001494,0_to_lt1,1,0x7681c00520c26da8d8970c21a65461c726f274068eb08743debc1178e697044e,ABSENT_NO_HOOK_ADDRESS,True,Aerodrome-Slipstream,False,UNMATCHED
0x2c34ab0e5d335abb386f31b19878d37cc3eb0bec55f7f6e94c74d71e8b115549,2115,2115,52332621,2026-10-08T10:16:29Z,B,"log-reconstructed (no native legs, no ext payouts); not trace-checked",MISSING,0.830368,0_to_lt1,1,0xfba2c4592d32a4e2e6393b8898f9110b4e272983f4bd416b38f81672a17fe3dc,ABSENT_NO_HOOK_ADDRESS,True,UniswapV3,True,UNMATCHED
0x0de6e92007af6c7da061cec97a40f0764fd25e9368b9eda79be9df78b6398f34,2116,2116,52332621,2026-10-08T10:16:29Z,A,trace-verified native flows; all legs priced,MISSING,0.396436,0_to_lt1,1,0x7681c00520c26da8d8970c21a65461c726f274068eb08743debc1178e697044e,ABSENT_NO_HOOK_ADDRESS,True,UniswapV3,True,UNMATCHED
0x913b02dc8a15d4775fda97ac210235a12cd876cd5140ff0c6b57a91e2dc411ce,2117,2117,52332650,2026-10-08T10:17:27Z,B,"log-reconstructed (no native legs, no ext payouts); not trace-checked",MISSING,0.075993,0_to_lt1,1,0x49fff8ec544984d862c0c322c83bc0cfb7a9a953a7d4d4d352a2aff27f7602cf,ABSENT_NO_HOOK_ADDRESS,True,UniswapV3,True,UNMATCHED
0x0cd5f72669483c65906236a82599699ce2c84a2477653bd3b97cfdd1518bcb26,2118,2118,52332653,2026-10-08T10:17:33Z,B,"log-reconstructed (no native legs, no ext payouts); not trace-checked",MISSING,0.144878,0_to_lt1,1,0xf13203ddbf2c9816a79b656a1a952521702715d92fea465b84ae2ed6e94a7f22,ABSENT_NO_HOOK_ADDRESS,True,UniswapV3,True,UNMATCHED
0x244b1cb63dd16f3518b90ee6758170d58398b1f6d9162ae1d1554f11b303cd8b,2119,2119,52332660,2026-10-08T10:17:47Z,B,"log-reconstructed (no native legs, no ext payouts); not trace-checked",MISSING,0.134555,0_to_lt1,1,0xfba2c4592d32a4e2e6393b8898f9110b4e272983f4bd416b38f81672a17fe3dc,ABSENT_NO_HOOK_ADDRESS,True,UniswapV3,True,UNMATCHED
0xf85829a7ea155f1085a9f5fcd18f56ea4f32d03731106e3a6eae37eea7a92174,2120,2120,52332667,2026-10-08T10:18:01Z,D,cyclic_v4_unresolved,INFERRED,,kept_null,2,0x2706322a30d4e244fb0a61b47d4951a277561e2cddb2614fcd41bae530777180|0xaf861cf0c9660712dfac0b4b30a5684c7e632c5567c07df54cd1f68c8e587a3e,ABSENT_NO_HOOK_ADDRESS,True,UniswapV3,True,PARTIAL_POOL_UNSUPPORTED_VENUE
0xa232a042679e2c31fe85fa49d626eb2b46ef48c36bad604e980de75c55783df4,2121,2121,52332673,2026-10-08T10:18:13Z,B,"log-reconstructed (no native legs, no ext payouts); not trace-checked",MISSING,0.084265,0_to_lt1,1,0x49fff8ec544984d862c0c322c83bc0cfb7a9a953a7d4d4d352a2aff27f7602cf,ABSENT_NO_HOOK_ADDRESS,True,UniswapV3,True,UNMATCHED
0xcd17217eb621bb0007ea4d5ee6096762b137463ba05997e950ec6e1ddfc64320,2122,2122,52332673,2026-10-08T10:18:13Z,A,trace-verified native flows; all legs priced,INFERRED,0.160634,0_to_lt1,1,0x7681c00520c26da8d8970c21a65461c726f274068eb08743debc1178e697044e,ABSENT_NO_HOOK_ADDRESS,True,UniswapV3,True,PARTIAL_POOL_SET
0xc617870172d0d296f0c817cf0f0fd551ddb511c14879b6a27b1c0e7d0c4382b3,2123,2123,52332690,2026-10-08T10:18:47Z,B,"log-reconstructed (no native legs, no ext payouts); not trace-checked",MISSING,0.146791,0_to_lt1,1,0xf13203ddbf2c9816a79b656a1a952521702715d92fea465b84ae2ed6e94a7f22,ABSENT_NO_HOOK_ADDRESS,True,UniswapV3,True,UNMATCHED
0x4ce70c753adb1940935667ff68fcae55b9c3a09258e4764a53a60bbc41458a31,2125,2125,52332727,2026-10-08T10:20:01Z,B,"log-reconstructed (no native legs, no ext payouts); not trace-checked",MISSING,0.086766,0_to_lt1,1,0x7681c00520c26da8d8970c21a65461c726f274068eb08743debc1178e697044e,ABSENT_NO_HOOK_ADDRESS,True,UniswapV3,True,UNMATCHED
0xef295fe2e072bf0f294d7bc38ceffa51a9468e8336b453a9039a36dd2554fa1a,2128,2128,52332744,2026-10-08T10:20:35Z,B,"log-reconstructed (no native legs, no ext payouts); not trace-checked",MISSING,0.011719,0_to_lt1,5,0x3fdd561e9c94de2d224f57189637d225de1230b84323924a5f036f9a49043dd8|0x7c02705adb182b9b6c3551b43fe73d3836a2fe3b29e8c669f84e271807f554d0|0x95475b9b1492cf109969ff25c2862ef38d1a9998c6288f8b9b7d1c99c6443c2e|0xb5ec9a0a70868e86c9bb6ae6fb643490abbe4e8f155588c26ca7b9c99328c1c8|0xd5fe92b625820fcdd77f7976f70115f5da63d567ee3752102e1cc4c872198b0b,ABSENT_NO_HOOK_ADDRESS,True,,True,UNMATCHABLE
0xc8dd45f39750f060eac4e590cbb3cda0214f43fc5187ea637a3f82b6a0c08c3f,2129,2129,52332755,2026-10-08T10:20:57Z,B,"log-reconstructed (no native legs, no ext payouts); not trace-checked",MISSING,0.106723,0_to_lt1,1,0x7681c00520c26da8d8970c21a65461c726f274068eb08743debc1178e697044e,ABSENT_NO_HOOK_ADDRESS,True,UniswapV3,True,UNMATCHED
0x4b595f76320fbe4240ede26f16c04d78995261dd5e3dddf0a5c659e0482b76db,2130,2130,52332756,2026-10-08T10:20:59Z,B,"log-reconstructed (no native legs, no ext payouts); not trace-checked",MISSING,0.085626,0_to_lt1,1,0x7681c00520c26da8d8970c21a65461c726f274068eb08743debc1178e697044e,ABSENT_NO_HOOK_ADDRESS,True,UniswapV3,True,UNMATCHED
0x320483211f9d971ce9e725e0c001e85c22d98bbbcf152b91efa9afa5b1d832f0,2131,2131,52332772,2026-10-08T10:21:31Z,B,"log-reconstructed (no native legs, no ext payouts); not trace-checked",MISSING,0.097609,0_to_lt1,1,0xe1d05fe2b899df927bc67e5eedaccb95d06bf7c769ed68469bb773615f2401f8,ABSENT_NO_HOOK_ADDRESS,True,UniswapV3,True,UNMATCHED
0x60a38b1d9ddb57715138f048c542727085c2d46cda5ba64495cb5894c2a26f5b,2132,2132,52332777,2026-10-08T10:21:41Z,B,"log-reconstructed (no native legs, no ext payouts); not trace-checked",MISSING,0.11063,0_to_lt1,1,0xfba2c4592d32a4e2e6393b8898f9110b4e272983f4bd416b38f81672a17fe3dc,ABSENT_NO_HOOK_ADDRESS,True,UniswapV3,True,UNMATCHED
0x99e0dba702090b2d1bf9070092de77ffa929fc34e823ae1ac5a78b8a450666ba,2133,2133,52332785,2026-10-08T10:21:57Z,B,"log-reconstructed (no native legs, no ext payouts); not trace-checked",MISSING,0.094427,0_to_lt1,1,0x49fff8ec544984d862c0c322c83bc0cfb7a9a953a7d4d4d352a2aff27f7602cf,ABSENT_NO_HOOK_ADDRESS,True,UniswapV3,True,UNMATCHED
0x324beeba6b13862dc7caec7d9eabd0cb0535e9aecc0939eea2e492f69d537a6d,2134,2134,52332797,2026-10-08T10:22:21Z,A,trace-verified native flows; all legs priced,INFERRED,0.128168,0_to_lt1,1,0xf13203ddbf2c9816a79b656a1a952521702715d92fea465b84ae2ed6e94a7f22,ABSENT_NO_HOOK_ADDRESS,True,UniswapV3,True,PARTIAL_POOL_SET
0x12c41874d0f5c889ea06d650541d4facb7e134797474f78eda7b46a7caf3ad25,2138,2138,52332802,2026-10-08T10:22:31Z,A,trace-verified native flows; all legs priced,INFERRED,3.293758,1_to_lt25,1,0x4b89ddbd5693cbad4689f2d11ff2d91d5d24bd2d59320e4b4426a66581343385,ABSENT_NO_HOOK_ADDRESS,True,UniswapV3,True,PARTIAL_POOL_SET
0x860a645fe6f582df7ed0eeec3e86553ef4a35762f0433604739257c46a8b26dd,2139,2139,52332803,2026-10-08T10:22:33Z,B,"log-reconstructed (no native legs, no ext payouts); not trace-checked",MISSING,0.073889,0_to_lt1,1,0xf13203ddbf2c9816a79b656a1a952521702715d92fea465b84ae2ed6e94a7f22,ABSENT_NO_HOOK_ADDRESS,True,UniswapV3,True,UNMATCHED
0x3ea91a39e967249c1cf3b29c315524683ff4f2e0812bb31474d7fa20eadf68c2,2141,2141,52332814,2026-10-08T10:22:55Z,B,"log-reconstructed (no native legs, no ext payouts); not trace-checked",MISSING,0.176805,0_to_lt1,1,0xf13203ddbf2c9816a79b656a1a952521702715d92fea465b84ae2ed6e94a7f22,ABSENT_NO_HOOK_ADDRESS,True,UniswapV3,True,UNMATCHED
0x26a77934f8cbc158ddb9b02c466e42c1872c7f5c3459efd96af0b0da38054c8c,2145,2145,52332863,2026-10-08T10:24:33Z,B,"log-reconstructed (no native legs, no ext payouts); not trace-checked",MISSING,0.109117,0_to_lt1,1,0x7681c00520c26da8d8970c21a65461c726f274068eb08743debc1178e697044e,ABSENT_NO_HOOK_ADDRESS,True,UniswapV3,True,UNMATCHED
0xf867532421ffa4fb53ffda988bf21514243616bc595238e849b87ef787cc1449,2146,2146,52332869,2026-10-08T10:24:45Z,B,"log-reconstructed (no native legs, no ext payouts); not trace-checked",INFERRED,0.152786,0_to_lt1,1,0xfba2c4592d32a4e2e6393b8898f9110b4e272983f4bd416b38f81672a17fe3dc,ABSENT_NO_HOOK_ADDRESS,True,UniswapV3,True,UNMATCHED
0x4b83e9e31b57bb3a8e873a4943adee5a198ce868410721cf914302dbdcc1adf8,2147,2147,52332870,2026-10-08T10:24:47Z,B,"log-reconstructed (no native legs, no ext payouts); not trace-checked",MISSING,0.147017,0_to_lt1,1,0x7681c00520c26da8d8970c21a65461c726f274068eb08743debc1178e697044e,ABSENT_NO_HOOK_ADDRESS,True,UniswapV3,True,UNMATCHED
0xb60460a02d94156f7c0ace10a568f64c10712d7c84a98b9b0a278b8de69e4fdd,2150,2150,52332894,2026-10-08T10:25:35Z,B,"log-reconstructed (no native legs, no ext payouts); not trace-checked",INFERRED,0.815129,0_to_lt1,1,0xaa7067935d6a13b60758695e6a16338b49855fbcb7bbbc8bd08e35791a0cf8b8,ABSENT_NO_HOOK_ADDRESS,True,UniswapV3,True,UNMATCHED
0x0f7b61dbe89ed15d80969778e9ef78b5d169e26b1f8cc2f3f02db03d70ceef09,2153,2153,52332910,2026-10-08T10:26:07Z,B,"log-reconstructed (no native legs, no ext payouts); not trace-checked",MISSING,0.136718,0_to_lt1,1,0x7681c00520c26da8d8970c21a65461c726f274068eb08743debc1178e697044e,ABSENT_NO_HOOK_ADDRESS,True,UniswapV3,True,UNMATCHED
0xdd9446a0d1bc75df10b0b8463974a3a0d962df9b49ecf1212195c5f58523f288,2155,2155,52332931,2026-10-08T10:26:49Z,B,"log-reconstructed (no native legs, no ext payouts); not trace-checked",MISSING,0.072999,0_to_lt1,1,0x7681c00520c26da8d8970c21a65461c726f274068eb08743debc1178e697044e,ABSENT_NO_HOOK_ADDRESS,True,UniswapV3,True,UNMATCHED
0x94ef998281993df06fd037e6bb41aaad6d1ecb481d25e96ec94e88595bcd7c09,2157,2157,52332944,2026-10-08T10:27:15Z,D,cyclic_v4_unresolved,MISSING,,kept_null,3,0x3c413da139697d02e3864303071c9884ae629ed476b29eadef03747ca954f43b|0xaf861cf0c9660712dfac0b4b30a5684c7e632c5567c07df54cd1f68c8e587a3e|0xe0e30e94a850a5bbc155708dba39e0de8f71c633e8483246a846eb976a705e76,ABSENT_NO_HOOK_ADDRESS,True,,True,UNMATCHABLE
0x2571e065827259a1024821727020fa85f26e96a0c36f3d2fcd0ff3ac410bdd6c,2158,2158,52332959,2026-10-08T10:27:45Z,B,"log-reconstructed (no native legs, no ext payouts); not trace-checked",MISSING,0.082898,0_to_lt1,1,0x7681c00520c26da8d8970c21a65461c726f274068eb08743debc1178e697044e,ABSENT_NO_HOOK_ADDRESS,True,UniswapV3,True,UNMATCHED
0x36c853ae19fbf54063efbf51627f2cb252fe97ae338204672b4cbd6899c155b6,2160,2160,52332975,2026-10-08T10:28:17Z,D,cyclic_v4_unresolved,MISSING,,kept_null,3,0x2706322a30d4e244fb0a61b47d4951a277561e2cddb2614fcd41bae530777180|0x96d4b53a38337a5733179751781178a2613306063c511b78cd02684739288c0a|0xaf861cf0c9660712dfac0b4b30a5684c7e632c5567c07df54cd1f68c8e587a3e,ABSENT_NO_HOOK_ADDRESS,True,,True,UNMATCHABLE
0x5dd49f557470a36ec6e771482f7d4da02fe7211bccfde5dada469e1298944d3d,2162,2162,52333010,2026-10-08T10:29:27Z,A,trace-verified native flows; all legs priced,INFERRED,0.197878,0_to_lt1,1,0xfba2c4592d32a4e2e6393b8898f9110b4e272983f4bd416b38f81672a17fe3dc,ABSENT_NO_HOOK_ADDRESS,True,UniswapV3,True,PARTIAL_POOL_SET
0x9687a0efaa7475a1f07419ee8156c223fabb02b502a205cf8cd77d835d22e4e9,2163,2163,52333011,2026-10-08T10:29:29Z,B,"log-reconstructed (no native legs, no ext payouts); not trace-checked",MISSING,0.150211,0_to_lt1,1,0xfba2c4592d32a4e2e6393b8898f9110b4e272983f4bd416b38f81672a17fe3dc,ABSENT_NO_HOOK_ADDRESS,True,UniswapV3,True,UNMATCHED
0xc8e2bee05a93e429ddfd430654886cf106d760fcfe7f56c8ec685a73ee99b8ed,2164,2164,52333032,2026-10-08T10:30:11Z,B,"log-reconstructed (no native legs, no ext payouts); not trace-checked",MISSING,0.085493,0_to_lt1,1,0x49fff8ec544984d862c0c322c83bc0cfb7a9a953a7d4d4d352a2aff27f7602cf,ABSENT_NO_HOOK_ADDRESS,True,UniswapV3,True,UNMATCHED
0x59ba78258797d72808238acf94ccca205134fad056090e0e0bc43e0a92e610b2,2166,2166,52333045,2026-10-08T10:30:37Z,B,"log-reconstructed (no native legs, no ext payouts); not trace-checked",INFERRED,0.110071,0_to_lt1,1,0x7681c00520c26da8d8970c21a65461c726f274068eb08743debc1178e697044e,ABSENT_NO_HOOK_ADDRESS,True,UniswapV3,True,UNMATCHED
0x763f4ad8c5fda7c02e2ec41f4bd3c482dd1a4ae56146b4eca6d37466d0020235,2168,2168,52333087,2026-10-08T10:32:01Z,A,trace-verified native flows; all legs priced,INFERRED,0.209321,0_to_lt1,2,0x4b89ddbd5693cbad4689f2d11ff2d91d5d24bd2d59320e4b4426a66581343385|0x53d7c951f09e4f7d1141d213ee71edb256eafdf32bc85af33c6fac8f6c3e436a,ABSENT_NO_HOOK_ADDRESS,True,UniswapV3,True,PARTIAL_POOL_UNSUPPORTED_VENUE
0x887338597a39712b723b46c77ac79406bd2347e97b49371d8fcdcb5fa0d323ac,2169,2169,52333096,2026-10-08T10:32:19Z,B,"log-reconstructed (no native legs, no ext payouts); not trace-checked",MISSING,0.012489,0_to_lt1,2,0x4b89ddbd5693cbad4689f2d11ff2d91d5d24bd2d59320e4b4426a66581343385|0x53d7c951f09e4f7d1141d213ee71edb256eafdf32bc85af33c6fac8f6c3e436a,ABSENT_NO_HOOK_ADDRESS,True,,True,UNMATCHABLE
0x28c7267a15b0dc21060fc07c61be3f42f92e657b4adecf75737279fa47fdb0ce,2170,2170,52333100,2026-10-08T10:32:27Z,A,trace-verified native flows; all legs priced,MISSING,1.343343,1_to_lt25,1,0x7681c00520c26da8d8970c21a65461c726f274068eb08743debc1178e697044e,ABSENT_NO_HOOK_ADDRESS,True,UniswapV3,True,UNMATCHED
0xf7936142a12458e0b0f49794a99415c3511dda3e6066cea719199277f9acb548,2171,2171,52333100,2026-10-08T10:32:27Z,B,"log-reconstructed (no native legs, no ext payouts); not trace-checked",INFERRED,0.442132,0_to_lt1,1,0x53d7c951f09e4f7d1141d213ee71edb256eafdf32bc85af33c6fac8f6c3e436a,ABSENT_NO_HOOK_ADDRESS,True,UniswapV3,True,UNMATCHED
0xe82d0e86ef2c46d8ce48738ae314320e10815a479a17188090be42c57fe5b70c,2172,2172,52333100,2026-10-08T10:32:27Z,A,trace-verified native flows; all legs priced,MISSING,0.22006,0_to_lt1,1,0x7681c00520c26da8d8970c21a65461c726f274068eb08743debc1178e697044e,ABSENT_NO_HOOK_ADDRESS,True,Aerodrome-Slipstream3|UniswapV3,True,UNMATCHED
0x65a727259102ca8f8ffb8351e8a3cf3812027372251faf3bedeadcf456f9979e,2173,2173,52333101,2026-10-08T10:32:29Z,B,"log-reconstructed (no native legs, no ext payouts); not trace-checked",MISSING,0.009403,0_to_lt1,1,0x53d7c951f09e4f7d1141d213ee71edb256eafdf32bc85af33c6fac8f6c3e436a,ABSENT_NO_HOOK_ADDRESS,True,UniswapV3,True,UNMATCHED
0xe7493058108b1c898a8c27120ecac06ed44a549d9d2f7d24b24724cd0ca3256a,2174,2174,52333101,2026-10-08T10:32:29Z,A,trace-verified native flows; all legs priced,INFERRED,0.749376,0_to_lt1,1,0x4b89ddbd5693cbad4689f2d11ff2d91d5d24bd2d59320e4b4426a66581343385,ABSENT_NO_HOOK_ADDRESS,True,UniswapV3,True,PARTIAL_POOL_SET
0xc81978c6f848123a159b9402e4f497b6cffb1e12219c57b78c3237a42e745c33,2175,2175,52333101,2026-10-08T10:32:29Z,B,"log-reconstructed (no native legs, no ext payouts); not trace-checked",MISSING,0.096283,0_to_lt1,1,0x4b89ddbd5693cbad4689f2d11ff2d91d5d24bd2d59320e4b4426a66581343385,ABSENT_NO_HOOK_ADDRESS,True,UniswapV3,True,UNMATCHED
0xd1c7cdb6c2a55a86859bec18ac56f5d86345377deec6414165897029b8eaa79a,2176,2176,52333102,2026-10-08T10:32:31Z,B,"log-reconstructed (no native legs, no ext payouts); not trace-checked",MISSING,0.283384,0_to_lt1,1,0x4b89ddbd5693cbad4689f2d11ff2d91d5d24bd2d59320e4b4426a66581343385,ABSENT_NO_HOOK_ADDRESS,True,UniswapV3,True,UNMATCHED
0x23eaac24d4dd87dc185f5a8a494d7c1f970eb20bbe5a0a595eeaa6c382299fa4,2178,2178,52333104,2026-10-08T10:32:35Z,B,"log-reconstructed (no native legs, no ext payouts); not trace-checked",MISSING,0.072655,0_to_lt1,1,0x49fff8ec544984d862c0c322c83bc0cfb7a9a953a7d4d4d352a2aff27f7602cf,ABSENT_NO_HOOK_ADDRESS,True,UniswapV3,True,UNMATCHED
0xba1da2dbffcfebff18052b9ce5dbb8a3491990706949c27af7b7430c2cd386b7,2179,2179,52333107,2026-10-08T10:32:41Z,A,trace-verified native flows; all legs priced,MISSING,0.06685,0_to_lt1,1,0xaa7067935d6a13b60758695e6a16338b49855fbcb7bbbc8bd08e35791a0cf8b8,ABSENT_NO_HOOK_ADDRESS,True,UniswapV3,True,UNMATCHED
0x8ed27cdc653b11162a8abbe3ce913f38197d0193fe4e84e2d0168d41f065c6b2,2180,2180,52333109,2026-10-08T10:32:45Z,B,"log-reconstructed (no native legs, no ext payouts); not trace-checked",INFERRED,0.168848,0_to_lt1,1,0x7681c00520c26da8d8970c21a65461c726f274068eb08743debc1178e697044e,ABSENT_NO_HOOK_ADDRESS,True,UniswapV3,True,UNMATCHED
0x81cdb1cd363b13575764697857ab27de58a5b9572b87c6f12d2f13467c554a10,2181,2181,52333111,2026-10-08T10:32:49Z,B,"log-reconstructed (no native legs, no ext payouts); not trace-checked",INFERRED,0.089486,0_to_lt1,1,0xf13203ddbf2c9816a79b656a1a952521702715d92fea465b84ae2ed6e94a7f22,ABSENT_NO_HOOK_ADDRESS,True,UniswapV3,True,UNMATCHED
0xafb79be4eebf4056bbc82eacb3cd755b08b43a1ece55ee70ae3afbb8b96c237b,2183,2183,52333121,2026-10-08T10:33:09Z,B,"log-reconstructed (no native legs, no ext payouts); not trace-checked",MISSING,0.108919,0_to_lt1,1,0xfba2c4592d32a4e2e6393b8898f9110b4e272983f4bd416b38f81672a17fe3dc,ABSENT_NO_HOOK_ADDRESS,True,UniswapV3,True,UNMATCHED
0xccbd45fa445d8a0cc71baa62bdcc2408b3289d2c873a88ef7e0a39af639e8a0a,2184,2184,52333125,2026-10-08T10:33:17Z,B,"log-reconstructed (no native legs, no ext payouts); not trace-checked",MISSING,0.0756,0_to_lt1,1,0x7681c00520c26da8d8970c21a65461c726f274068eb08743debc1178e697044e,ABSENT_NO_HOOK_ADDRESS,True,UniswapV3,True,UNMATCHED
0xf2473823b330f9527e844928bbe5422c79db23a8e841a60d30ba8832bd370cec,2186,2186,52333146,2026-10-08T10:33:59Z,A,trace-verified native flows; all legs priced,INFERRED,0.500105,0_to_lt1,1,0x4b89ddbd5693cbad4689f2d11ff2d91d5d24bd2d59320e4b4426a66581343385,ABSENT_NO_HOOK_ADDRESS,True,UniswapV3,True,PARTIAL_POOL_SET
0x3e93a9c30553fe82d68e70cc739c16dd41f871c434794ac166bf157ab0a4ec65,2187,2187,52333151,2026-10-08T10:34:09Z,B,"log-reconstructed (no native legs, no ext payouts); not trace-checked",MISSING,0.141945,0_to_lt1,3,0x45782b259d533553a4a5f7851a2ed87ae73ded19f26af504dac590ab03b28839|0x93f900e15be5ee054dd9a874e4ecdafd2a4f27e86424ab3a4f50af84eb51dad8|0xc8e2ead0f86c658becc7fe0f6acc4e528b87b22bebc7dffa6848810282614078,ABSENT_NO_HOOK_ADDRESS,True,,True,UNMATCHABLE
0x791661dd2934a04e56b7fe6c2fc54246d77de067d4e3fcd4ca688d299d2310e7,2189,2189,52333163,2026-10-08T10:34:33Z,B,"log-reconstructed (no native legs, no ext payouts); not trace-checked",MISSING,0.076796,0_to_lt1,1,0x49fff8ec544984d862c0c322c83bc0cfb7a9a953a7d4d4d352a2aff27f7602cf,ABSENT_NO_HOOK_ADDRESS,True,UniswapV3,True,UNMATCHED
0xbd9c4a002acadca9a12b60563d987404ae1ff1314d333b7de4da4aae9836ece7,2190,2190,52333164,2026-10-08T10:34:35Z,B,"log-reconstructed (no native legs, no ext payouts); not trace-checked",MISSING,0.109464,0_to_lt1,1,0x49fff8ec544984d862c0c322c83bc0cfb7a9a953a7d4d4d352a2aff27f7602cf,ABSENT_NO_HOOK_ADDRESS,True,UniswapV3,True,UNMATCHED
0x55ea3915f66e30ee1e8e1f205dfddcc9855d4ca025035fc556c5a21cc29909a8,2194,2194,52333183,2026-10-08T10:35:13Z,B,"log-reconstructed (no native legs, no ext payouts); not trace-checked",MISSING,0.08377,0_to_lt1,1,0xfba2c4592d32a4e2e6393b8898f9110b4e272983f4bd416b38f81672a17fe3dc,ABSENT_NO_HOOK_ADDRESS,True,UniswapV3,True,UNMATCHED
0xd167cb1ec5068ee2db947bd5c28d0248d0c8a1928e5170be717748994d683026,2198,2198,52333190,2026-10-08T10:35:27Z,A,trace-verified native flows; all legs priced,INFERRED,1.238567,1_to_lt25,1,0x4b89ddbd5693cbad4689f2d11ff2d91d5d24bd2d59320e4b4426a66581343385,ABSENT_NO_HOOK_ADDRESS,True,UniswapV3,True,PARTIAL_POOL_SET
0xde5ab1b376e255c714f37fdb2d3bc9daf85b640a9d2fcce2244e39e9b3894e90,2199,2199,52333193,2026-10-08T10:35:33Z,B,"log-reconstructed (no native legs, no ext payouts); not trace-checked",INFERRED,0.093273,0_to_lt1,1,0xaa3f41df57766197c15679db7db272058137b26b371b285813ecc620428a4c6c,ABSENT_NO_HOOK_ADDRESS,True,UniswapV3,True,UNMATCHED
0x33338efc326a1f46b07e47bb3388363ac7e9e0070533e5ad65aef3958d57baef,2200,2200,52333199,2026-10-08T10:35:45Z,B,"log-reconstructed (no native legs, no ext payouts); not trace-checked",MISSING,0.008886,0_to_lt1,1,0xaa3f41df57766197c15679db7db272058137b26b371b285813ecc620428a4c6c,ABSENT_NO_HOOK_ADDRESS,True,UniswapV3,True,UNMATCHED
0xc9b964c285e454c12a053f45e8088c55540c46b632d0a268cfb8efa30806e665,2204,2204,52333223,2026-10-08T10:36:33Z,B,"log-reconstructed (no native legs, no ext payouts); not trace-checked",INFERRED,0.156006,0_to_lt1,1,0xaa3f41df57766197c15679db7db272058137b26b371b285813ecc620428a4c6c,ABSENT_NO_HOOK_ADDRESS,True,UniswapV3,True,UNMATCHED
0x87691759ba0fb4fb9fa6ed350392f8fa209ca74fc443a742391e49dce69bb7e3,2206,2206,52333244,2026-10-08T10:37:15Z,A,trace-verified native flows; all legs priced,INFERRED,0.276132,0_to_lt1,1,0xaa3f41df57766197c15679db7db272058137b26b371b285813ecc620428a4c6c,ABSENT_NO_HOOK_ADDRESS,True,UniswapV3,True,PARTIAL_POOL_SET
0x181ce4f52b70795ed3f7f30d1e66283f142d03d2815a0171376f3ce63a419323,2207,2207,52333251,2026-10-08T10:37:29Z,A,trace-verified native flows; all legs priced,INFERRED,0.252252,0_to_lt1,1,0xaa3f41df57766197c15679db7db272058137b26b371b285813ecc620428a4c6c,ABSENT_NO_HOOK_ADDRESS,True,UniswapV3,True,PARTIAL_POOL_SET
0xe429a9d0346cb8773bb65eb7bc5f3677bd65649bae2bb3ef8108930f83950dd1,2209,2209,52333269,2026-10-08T10:38:05Z,B,"log-reconstructed (no native legs, no ext payouts); not trace-checked",MISSING,0.019983,0_to_lt1,1,0xaa3f41df57766197c15679db7db272058137b26b371b285813ecc620428a4c6c,ABSENT_NO_HOOK_ADDRESS,True,UniswapV3,True,UNMATCHED
0x3ad359c8c2838d439e7572c5fe630bd1595896acca4583058688d36a1646746b,2213,2213,52333311,2026-10-08T10:39:29Z,B,"log-reconstructed (no native legs, no ext payouts); not trace-checked",MISSING,0.080192,0_to_lt1,1,0xfba2c4592d32a4e2e6393b8898f9110b4e272983f4bd416b38f81672a17fe3dc,ABSENT_NO_HOOK_ADDRESS,True,Aerodrome-Slipstream3|UniswapV3,True,UNMATCHED
0x5706a9b6159c3cc66132a72246f6cdf5e856a9a4a9fc6ad9365b977b7520bad3,2214,2214,52333328,2026-10-08T10:40:03Z,B,"log-reconstructed (no native legs, no ext payouts); not trace-checked",MISSING,0.087535,0_to_lt1,1,0x49fff8ec544984d862c0c322c83bc0cfb7a9a953a7d4d4d352a2aff27f7602cf,ABSENT_NO_HOOK_ADDRESS,True,UniswapV3,True,UNMATCHED
0x6ccef51dadc28eaa9d7c50154a7a9f934b30cdbf96c54bd3554c00718e16b1af,2215,2215,52333333,2026-10-08T10:40:13Z,B,"log-reconstructed (no native legs, no ext payouts); not trace-checked",MISSING,0.016643,0_to_lt1,1,0xaa3f41df57766197c15679db7db272058137b26b371b285813ecc620428a4c6c,ABSENT_NO_HOOK_ADDRESS,True,Aerodrome-Slipstream3,True,UNMATCHED
0xcf9b86bebbbc5f8c0eecd38881a82936fcbb6137b4f80d9d20e13cbd7c7e7edc,2218,2218,52333382,2026-10-08T10:41:51Z,A,trace-verified native flows; all legs priced,INFERRED,0.0823,0_to_lt1,2,0x4b89ddbd5693cbad4689f2d11ff2d91d5d24bd2d59320e4b4426a66581343385|0x53d7c951f09e4f7d1141d213ee71edb256eafdf32bc85af33c6fac8f6c3e436a,ABSENT_NO_HOOK_ADDRESS,True,UniswapV3,True,PARTIAL_POOL_UNSUPPORTED_VENUE
0xecbb372bdecf61e072f7377d77755581ea24c8202bc76070db391a9e98e35b07,2219,2219,52333383,2026-10-08T10:41:53Z,B,"log-reconstructed (no native legs, no ext payouts); not trace-checked",MISSING,0.089546,0_to_lt1,1,0x7681c00520c26da8d8970c21a65461c726f274068eb08743debc1178e697044e,ABSENT_NO_HOOK_ADDRESS,True,UniswapV3,True,UNMATCHED
0x961ea294d59f206a0f4f59255cc79117fefea0fb2c759030c4cddde59aa59c98,2220,2220,52333386,2026-10-08T10:41:59Z,B,"log-reconstructed (no native legs, no ext payouts); not trace-checked",MISSING,0.104846,0_to_lt1,1,0x53d7c951f09e4f7d1141d213ee71edb256eafdf32bc85af33c6fac8f6c3e436a,ABSENT_NO_HOOK_ADDRESS,True,UniswapV3,True,UNMATCHED
0xde94332f25b64a6e01ba30a7351412d7d30bafad1fef44059be4f45bfbf64ec0,2221,2221,52333390,2026-10-08T10:42:07Z,B,"log-reconstructed (no native legs, no ext payouts); not trace-checked",MISSING,0.003388,0_to_lt1,2,0x4b89ddbd5693cbad4689f2d11ff2d91d5d24bd2d59320e4b4426a66581343385|0x53d7c951f09e4f7d1141d213ee71edb256eafdf32bc85af33c6fac8f6c3e436a,ABSENT_NO_HOOK_ADDRESS,True,,True,UNMATCHABLE
0xeefd95c1e1016981181b53a94c7b97b725a3b532b98d3c0b0d789ed9e51b3d2c,2227,2227,52333407,2026-10-08T10:42:41Z,A,trace-verified native flows; all legs priced,INFERRED,0.723278,0_to_lt1,1,0x9ebaaad083d7645b0e07d9da000079989170b6a7ae92748950186dfe8d635099,ABSENT_NO_HOOK_ADDRESS,True,Aerodrome-Slipstream3|UniswapV3,True,PARTIAL_POOL_SET
0x76c06854df394dca31f08000f101478e050827eeae5f5197fab92c7de356c14e,2228,2228,52333412,2026-10-08T10:42:51Z,B,"log-reconstructed (no native legs, no ext payouts); not trace-checked",MISSING,0.247792,0_to_lt1,1,0x53d7c951f09e4f7d1141d213ee71edb256eafdf32bc85af33c6fac8f6c3e436a,ABSENT_NO_HOOK_ADDRESS,True,UniswapV3,True,UNMATCHED
0xcc52283b9b76b9e72fb7eb774bef0c6567585c4e9148bad3bddfd3ca920e531a,2229,2229,52333414,2026-10-08T10:42:55Z,B,"log-reconstructed (no native legs, no ext payouts); not trace-checked",MISSING,0.086631,0_to_lt1,1,0x53d7c951f09e4f7d1141d213ee71edb256eafdf32bc85af33c6fac8f6c3e436a,ABSENT_NO_HOOK_ADDRESS,True,UniswapV3,True,UNMATCHED
0xb401c4fe53aee1bf61470f1375e21af2c6af5facb8218216a7cc49dd3e2e6471,2230,2230,52333415,2026-10-08T10:42:57Z,A,trace-verified native flows; all legs priced,INFERRED,1.300486,1_to_lt25,2,0x50f80ea6f1610519c7dadbc29b1f255a07354d0eec373fea17e28063d125fec3|0x53d7c951f09e4f7d1141d213ee71edb256eafdf32bc85af33c6fac8f6c3e436a,ABSENT_NO_HOOK_ADDRESS,True,UniswapV3,True,PARTIAL_POOL_UNSUPPORTED_VENUE
0xd87e21a2d7c3217c99a747eeb065b866ae080d0de31be6b949cee44193f5a967,2231,2231,52333415,2026-10-08T10:42:57Z,B,"log-reconstructed (no native legs, no ext payouts); not trace-checked",MISSING,0.106059,0_to_lt1,1,0x53d7c951f09e4f7d1141d213ee71edb256eafdf32bc85af33c6fac8f6c3e436a,ABSENT_NO_HOOK_ADDRESS,True,UniswapV3,True,UNMATCHED
0xad1d982f251e587ed028368c9d094437fb581146c3dc999a0fb04bc13fd8b23c,2232,2232,52333417,2026-10-08T10:43:01Z,B,"log-reconstructed (no native legs, no ext payouts); not trace-checked",MISSING,0.126087,0_to_lt1,2,0x4b89ddbd5693cbad4689f2d11ff2d91d5d24bd2d59320e4b4426a66581343385|0x53d7c951f09e4f7d1141d213ee71edb256eafdf32bc85af33c6fac8f6c3e436a,ABSENT_NO_HOOK_ADDRESS,True,,True,UNMATCHABLE
0x9f684c53f4c8f9d05d89321bc6a4ae418742990a5f0be2ce28adde1239e6dc96,2234,2234,52333428,2026-10-08T10:43:23Z,A,trace-verified native flows; all legs priced,INFERRED,0.158661,0_to_lt1,2,0x4b89ddbd5693cbad4689f2d11ff2d91d5d24bd2d59320e4b4426a66581343385|0x53d7c951f09e4f7d1141d213ee71edb256eafdf32bc85af33c6fac8f6c3e436a,ABSENT_NO_HOOK_ADDRESS,True,UniswapV3,True,PARTIAL_POOL_UNSUPPORTED_VENUE
0xa67375403be83e3ac5e2f2d10fdf0eb44d4ad16e1aa9496f27bc6791ef6f559f,2235,2235,52333436,2026-10-08T10:43:39Z,B,"log-reconstructed (no native legs, no ext payouts); not trace-checked",MISSING,0.109678,0_to_lt1,1,0x53d7c951f09e4f7d1141d213ee71edb256eafdf32bc85af33c6fac8f6c3e436a,ABSENT_NO_HOOK_ADDRESS,True,UniswapV3,True,UNMATCHED
0x2af7610c5a6da7cafb8a7e1d2203b93e859bacd1c790f319b6eee35c2a676ca9,2237,2237,52333443,2026-10-08T10:43:53Z,B,"log-reconstructed (no native legs, no ext payouts); not trace-checked",MISSING,0.086251,0_to_lt1,2,0x0f69fe7ede1ae7da272e1a75a53d01ef6e1ee2d166fd204aa4a4d850d6257e6b|0x7681c00520c26da8d8970c21a65461c726f274068eb08743debc1178e697044e,ABSENT_NO_HOOK_ADDRESS,True,UniswapV3,True,UNMATCHED
0x0b2077470f1ddb955981a878bc089b1aadc95cb213d0db13786bd8ba46856a81,2238,2238,52333461,2026-10-08T10:44:29Z,B,"log-reconstructed (no native legs, no ext payouts); not trace-checked",MISSING,0.012619,0_to_lt1,2,0x0f69fe7ede1ae7da272e1a75a53d01ef6e1ee2d166fd204aa4a4d850d6257e6b|0x53d7c951f09e4f7d1141d213ee71edb256eafdf32bc85af33c6fac8f6c3e436a,ABSENT_NO_HOOK_ADDRESS,True,,True,UNMATCHABLE
0xa479c5103b1cf7cb991c1bfda6f2f030c9845a814aaa7ca1886555bb03f961f8,2239,2239,52333465,2026-10-08T10:44:37Z,B,"log-reconstructed (no native legs, no ext payouts); not trace-checked",MISSING,0.017273,0_to_lt1,2,0x0f69fe7ede1ae7da272e1a75a53d01ef6e1ee2d166fd204aa4a4d850d6257e6b|0x53d7c951f09e4f7d1141d213ee71edb256eafdf32bc85af33c6fac8f6c3e436a,ABSENT_NO_HOOK_ADDRESS,True,,True,UNMATCHABLE
0x07d20afe7efc119c8e2c5fb9a26d2d935302aae7bce682be3bd26cf0d91a6927,2240,2240,52333476,2026-10-08T10:44:59Z,B,"log-reconstructed (no native legs, no ext payouts); not trace-checked",MISSING,0.018371,0_to_lt1,2,0x0f69fe7ede1ae7da272e1a75a53d01ef6e1ee2d166fd204aa4a4d850d6257e6b|0x53d7c951f09e4f7d1141d213ee71edb256eafdf32bc85af33c6fac8f6c3e436a,ABSENT_NO_HOOK_ADDRESS,True,,True,UNMATCHABLE
0xaf0f797fc35271f5bab6287580a9b47e4488d154ce33789c3c70bc567425413e,2241,2241,52333481,2026-10-08T10:45:09Z,D,cyclic_v4_unresolved,INFERRED,,kept_null,1,0xd316152008e12105594c32686b9d0401fd2c60ca4805c84f280069d218b771a8,ABSENT_NO_HOOK_ADDRESS,True,Aerodrome-V2|PancakeV3|UniswapV3,True,UNMATCHED
0x346d6b020032775fd07d8a412a455bb9a48ff7aebe8f1edbdba87b9d0aae55ca,2243,2243,52333481,2026-10-08T10:45:09Z,A,trace-verified native flows; all legs priced,MISSING,0.394668,0_to_lt1,1,0x42e0452e7ce8557b889af78f0fefff309f193028824910ebbce863a06c240033,ABSENT_NO_HOOK_ADDRESS,True,UniswapV3,True,UNMATCHED
0xefe44be056f6aebc4bca4eb9161806a498b51822aef3378e1883d02dd9a8f282,2244,2244,52333514,2026-10-08T10:46:15Z,B,"log-reconstructed (no native legs, no ext payouts); not trace-checked",MISSING,0.144491,0_to_lt1,1,0x42e0452e7ce8557b889af78f0fefff309f193028824910ebbce863a06c240033,ABSENT_NO_HOOK_ADDRESS,True,Aerodrome-V2,True,UNMATCHED
0x542df580f22af483a6ca3e810a1f27d457804463d9a5fa45e63c1db724aae66b,2248,2248,52333567,2026-10-08T10:48:01Z,A,trace-verified native flows; all legs priced,MISSING,0.121308,0_to_lt1,1,0xcd912411a8ccaaa0851919ddadbfbd29da7073aa8d5e39461c0ddbdad8891894,ABSENT_NO_HOOK_ADDRESS,True,UniswapV3,True,UNMATCHED
0x03612408daf8c37341acf231ea04561774933f4cf8967ef7f27eaec479daa149,2249,2249,52333568,2026-10-08T10:48:03Z,B,"log-reconstructed (no native legs, no ext payouts); not trace-checked",MISSING,0.008183,0_to_lt1,1,0xe4a1407210e5edfd381e6343fbf8daff3daa0ecbfa9121e3118898baa0601200,ABSENT_NO_HOOK_ADDRESS,True,Aerodrome-Slipstream3,True,UNMATCHED
0x2dcc60ef34bc0a33943b9ea8aa44e71ec631023724b7e7584c2cd892a3adc6b4,2252,2252,52333576,2026-10-08T10:48:19Z,B,"log-reconstructed (no native legs, no ext payouts); not trace-checked",INFERRED,0.029012,0_to_lt1,2,0x53d7c951f09e4f7d1141d213ee71edb256eafdf32bc85af33c6fac8f6c3e436a|0xcd912411a8ccaaa0851919ddadbfbd29da7073aa8d5e39461c0ddbdad8891894,ABSENT_NO_HOOK_ADDRESS,True,,True,UNMATCHABLE
0x086bd01ec35a651f3f243de163361f38d4b297e21a5a2211e0738c9ff6c29abe,2253,2253,52333580,2026-10-08T10:48:27Z,D,cyclic_unknown_venue,MISSING,,kept_null,1,0xe2654cc01616e962fbfcc4277c23062e59e70e39f87221d77b6d438705a5f286,ABSENT_NO_HOOK_ADDRESS,True,,True,UNMATCHABLE
0x00c3d5b39ff1e025cb0dcc2753f3353eba7cf13b180b0c375232826437d7c7f2,2254,2254,52333580,2026-10-08T10:48:27Z,D,cyclic_unknown_venue,MISSING,,kept_null,1,0xe2654cc01616e962fbfcc4277c23062e59e70e39f87221d77b6d438705a5f286,ABSENT_NO_HOOK_ADDRESS,True,,True,UNMATCHABLE
0x35c142f157ed50a13867c42714a48090e467c5dae629142d8c73f2289e9778c7,2255,2255,52333580,2026-10-08T10:48:27Z,D,cyclic_unknown_venue,MISSING,,kept_null,1,0xe2654cc01616e962fbfcc4277c23062e59e70e39f87221d77b6d438705a5f286,ABSENT_NO_HOOK_ADDRESS,True,,True,UNMATCHABLE
0x8615353bc0e2cfc394196b1b657c822abc00761d0a37bb2386c584b3291eea5d,2257,2257,52333610,2026-10-08T10:49:27Z,D,cyclic_unknown_venue,MISSING,,kept_null,1,0xe2654cc01616e962fbfcc4277c23062e59e70e39f87221d77b6d438705a5f286,ABSENT_NO_HOOK_ADDRESS,True,,True,UNMATCHABLE
0x8c11719c48531bd50550f27f218a86d376ac85e91ba9a19d46f0e837071250ab,2258,2258,52333614,2026-10-08T10:49:35Z,D,cyclic_unknown_venue,MISSING,,kept_null,1,0xe2654cc01616e962fbfcc4277c23062e59e70e39f87221d77b6d438705a5f286,ABSENT_NO_HOOK_ADDRESS,True,,True,UNMATCHABLE
0x9c75e57157466f7515684cd24344f753a209ba7d04baf02731c5421b708cc262,2259,2259,52333657,2026-10-08T10:51:01Z,B,"log-reconstructed (no native legs, no ext payouts); not trace-checked",MISSING,0.022736,0_to_lt1,1,0xcd912411a8ccaaa0851919ddadbfbd29da7073aa8d5e39461c0ddbdad8891894,ABSENT_NO_HOOK_ADDRESS,True,UniswapV3,True,UNMATCHED
0xe7afb21f5d8d2545f43452a8bcaad96e34ad34e0d54a20e6aeb4059ec4df29d8,2260,2260,52333674,2026-10-08T10:51:35Z,B,"log-reconstructed (no native legs, no ext payouts); not trace-checked",INFERRED,0.021107,0_to_lt1,2,0x53d7c951f09e4f7d1141d213ee71edb256eafdf32bc85af33c6fac8f6c3e436a|0xcd912411a8ccaaa0851919ddadbfbd29da7073aa8d5e39461c0ddbdad8891894,ABSENT_NO_HOOK_ADDRESS,True,,True,UNMATCHABLE
0x7d3ef8e2de56a763dd2001867993464b5b5496d2971aee82bd70d7e68392be01,2261,2261,52333674,2026-10-08T10:51:35Z,B,"log-reconstructed (no native legs, no ext payouts); not trace-checked",MISSING,0.101019,0_to_lt1,1,0x53d7c951f09e4f7d1141d213ee71edb256eafdf32bc85af33c6fac8f6c3e436a,ABSENT_NO_HOOK_ADDRESS,True,UniswapV3,True,UNMATCHED
0x3f6aa9ca49057b188e541a2807b9940147efa952aa510db9ae81c5d627b6b4a0,2264,2264,52333686,2026-10-08T10:51:59Z,A,trace-verified native flows; all legs priced,INFERRED,0.220278,0_to_lt1,1,0x0f69fe7ede1ae7da272e1a75a53d01ef6e1ee2d166fd204aa4a4d850d6257e6b,ABSENT_NO_HOOK_ADDRESS,True,UniswapV3,True,PARTIAL_POOL_SET
0xfa84a92a3101bda5c4b73ea0601412251b25c2f70a9dd37060bbd80fadf748be,2265,2265,52333692,2026-10-08T10:52:11Z,B,"log-reconstructed (no native legs, no ext payouts); not trace-checked",MISSING,0.115366,0_to_lt1,1,0x50f80ea6f1610519c7dadbc29b1f255a07354d0eec373fea17e28063d125fec3,ABSENT_NO_HOOK_ADDRESS,True,UniswapV3,True,UNMATCHED
0x67efd62d59e68e4edaaf201540d171b6b993fde706fe46271ce896ed905397b4,2266,2266,52333692,2026-10-08T10:52:11Z,B,"log-reconstructed (no native legs, no ext payouts); not trace-checked",MISSING,0.082204,0_to_lt1,1,0x53d7c951f09e4f7d1141d213ee71edb256eafdf32bc85af33c6fac8f6c3e436a,ABSENT_NO_HOOK_ADDRESS,True,UniswapV3,True,UNMATCHED
0x7145c957c05b383ba5e50915e13d8b998cda71c0f3e578f5bafbf6cad65ca9e4,2267,2267,52333693,2026-10-08T10:52:13Z,B,"log-reconstructed (no native legs, no ext payouts); not trace-checked",MISSING,0.14625,0_to_lt1,1,0x50f80ea6f1610519c7dadbc29b1f255a07354d0eec373fea17e28063d125fec3,ABSENT_NO_HOOK_ADDRESS,True,UniswapV3,True,UNMATCHED
0xefd0b17bc27ae48d2edbd22c25c6901abfb7065ca86c68918faed9214d4e4532,2269,2269,52333713,2026-10-08T10:52:53Z,A,trace-verified native flows; all legs priced,INFERRED,0.168858,0_to_lt1,2,0x49fff8ec544984d862c0c322c83bc0cfb7a9a953a7d4d4d352a2aff27f7602cf|0x50f80ea6f1610519c7dadbc29b1f255a07354d0eec373fea17e28063d125fec3,ABSENT_NO_HOOK_ADDRESS,True,UniswapV3,True,PARTIAL_POOL_SET
0xadfd15e44b157454ffb7d1c3e2a45ee28a58392bcd804cabe02f0c5f415edec3,2270,2270,52333714,2026-10-08T10:52:55Z,A,trace-verified native flows; all legs priced,INFERRED,0.200175,0_to_lt1,2,0x49fff8ec544984d862c0c322c83bc0cfb7a9a953a7d4d4d352a2aff27f7602cf|0x53d7c951f09e4f7d1141d213ee71edb256eafdf32bc85af33c6fac8f6c3e436a,ABSENT_NO_HOOK_ADDRESS,True,UniswapV3,True,PARTIAL_POOL_SET
0xc644b81b80cb6e85b4bcebe62ef47f188641703679b7041aa71ad541b203b78e,2271,2271,52333726,2026-10-08T10:53:19Z,B,"log-reconstructed (no native legs, no ext payouts); not trace-checked",MISSING,0.099591,0_to_lt1,1,0x53d7c951f09e4f7d1141d213ee71edb256eafdf32bc85af33c6fac8f6c3e436a,ABSENT_NO_HOOK_ADDRESS,True,UniswapV3,True,UNMATCHED
0xcfe81fbba16752fa580852903b46dfff8bc824084743ceb361ac6d80d2bfcf55,2272,2272,52333738,2026-10-08T10:53:43Z,B,"log-reconstructed (no native legs, no ext payouts); not trace-checked",MISSING,0.513435,0_to_lt1,1,0x0f69fe7ede1ae7da272e1a75a53d01ef6e1ee2d166fd204aa4a4d850d6257e6b,ABSENT_NO_HOOK_ADDRESS,True,UniswapV3,True,UNMATCHED
0x02e2b56ad0f1027b2b50f137cae659f922a7e7dafcc53a00fc9c9ad729c94a81,2273,2273,52333738,2026-10-08T10:53:43Z,A,trace-verified native flows; all legs priced,INFERRED,0.198259,0_to_lt1,1,0x50f80ea6f1610519c7dadbc29b1f255a07354d0eec373fea17e28063d125fec3,ABSENT_NO_HOOK_ADDRESS,True,UniswapV3,True,PARTIAL_POOL_SET
0x9f68af63ac724c7e48c3f03854bdc3d527489298f0f3885b0b544049669c1f32,2274,2274,52333739,2026-10-08T10:53:45Z,B,"log-reconstructed (no native legs, no ext payouts); not trace-checked",MISSING,0.109195,0_to_lt1,1,0x53d7c951f09e4f7d1141d213ee71edb256eafdf32bc85af33c6fac8f6c3e436a,ABSENT_NO_HOOK_ADDRESS,True,UniswapV3,True,UNMATCHED
0xb98f6b17cd1a2dbc9c3dd5e80c5d7a76cadcd7cea8c0579e773b840272e416e7,2275,2275,52333739,2026-10-08T10:53:45Z,B,"log-reconstructed (no native legs, no ext payouts); not trace-checked",MISSING,0.090586,0_to_lt1,1,0x50f80ea6f1610519c7dadbc29b1f255a07354d0eec373fea17e28063d125fec3,ABSENT_NO_HOOK_ADDRESS,True,UniswapV3,True,UNMATCHED
0x9ce8237a083ec44011134ea04bea09d1619e1230505db81248760f47c433eae3,2280,2280,52333791,2026-10-08T10:55:29Z,B,"log-reconstructed (no native legs, no ext payouts); not trace-checked",INFERRED,0.070523,0_to_lt1,1,0xaa3f41df57766197c15679db7db272058137b26b371b285813ecc620428a4c6c,ABSENT_NO_HOOK_ADDRESS,True,UniswapV3,True,UNMATCHED
0xa10bde4f6853f9e94b5accb9d8248d8ded9114d0552cecd5aafbb3d220b8adf2,2282,2282,52333817,2026-10-08T10:56:21Z,B,"log-reconstructed (no native legs, no ext payouts); not trace-checked",MISSING,0.124009,0_to_lt1,1,0xcd912411a8ccaaa0851919ddadbfbd29da7073aa8d5e39461c0ddbdad8891894,ABSENT_NO_HOOK_ADDRESS,True,Aerodrome-Slipstream3,True,UNMATCHED
0x5b05225bc9b72c705521b9626109afa20af2539d22c66a87f43523cf4a989661,2283,2283,52333818,2026-10-08T10:56:23Z,A,trace-verified native flows; all legs priced,INFERRED,2.03108,1_to_lt25,2,0x50f80ea6f1610519c7dadbc29b1f255a07354d0eec373fea17e28063d125fec3|0xcd912411a8ccaaa0851919ddadbfbd29da7073aa8d5e39461c0ddbdad8891894,ABSENT_NO_HOOK_ADDRESS,True,UniswapV3,True,PARTIAL_POOL_UNSUPPORTED_VENUE
0xc1b420782f80aed2737b11a0ce7564dc377fb7ef031aafea662f3c8138f0740f,2284,2284,52333822,2026-10-08T10:56:31Z,A,trace-verified native flows; all legs priced,MISSING,0.437988,0_to_lt1,1,0xcd912411a8ccaaa0851919ddadbfbd29da7073aa8d5e39461c0ddbdad8891894,ABSENT_NO_HOOK_ADDRESS,True,UniswapV3,True,UNMATCHED
0x7132b9518aa3f9899caa1dcd70a0d017cef4b266d996b7252aa98a06acc7e2be,2285,2285,52333830,2026-10-08T10:56:47Z,D,cyclic_unknown_venue,VERIFIED,,kept_null,1,0xbb2aefc6c55a0464b944c0478869527ba1a537f05f90a1bb82e1196c6e9403e2,ABSENT_NO_HOOK_ADDRESS,False,PancakeV3,False,UNMATCHED
0xf2220d067a32a6652bad49a2b819588d99550b1b83d30c3fa4a4d1cff588e191,2286,2286,52333846,2026-10-08T10:57:19Z,A,trace-verified native flows; all legs priced,INFERRED,0.326074,0_to_lt1,2,0x50f80ea6f1610519c7dadbc29b1f255a07354d0eec373fea17e28063d125fec3|0xcd912411a8ccaaa0851919ddadbfbd29da7073aa8d5e39461c0ddbdad8891894,ABSENT_NO_HOOK_ADDRESS,True,UniswapV3,True,PARTIAL_POOL_UNSUPPORTED_VENUE
0x4321d39a1aaf81b55b15e90c488cddd867e0540bcd6ea3b7a906048de00950ad,2288,2288,52333883,2026-10-08T10:58:33Z,A,trace-verified native flows; all legs priced,INFERRED,0.165117,0_to_lt1,1,0xc9c1898e8d5c2eea14419410815cfd43aab3d21d70ff6fda9a42ddf5e761b30d,ABSENT_NO_HOOK_ADDRESS,True,Aerodrome-Slipstream3|UniswapV3,True,PARTIAL_POOL_SET
0x1ea36bd374223bd6db9405c00add9a89819fdf6d2845b85cddf7a098ae4f52ab,2292,2292,52333950,2026-10-08T11:00:47Z,A,trace-verified native flows; all legs priced,INFERRED,0.403761,0_to_lt1,3,0x9b56237c0f03c0f66906ca801b836137dbbc3af0d05e52200866a6d872477cad|0xeee714a165308eb97efa05fb9243a55bdc5501f39408dc214e6f91e61eaa4a0e|0xfba2c4592d32a4e2e6393b8898f9110b4e272983f4bd416b38f81672a17fe3dc,ABSENT_NO_HOOK_ADDRESS,True,UniswapV3,True,PARTIAL_POOL_UNSUPPORTED_VENUE
0xe31e3f63a21de665f3f8d77aaf672a0fab9de6d86c0ad62f964c27f2a60a0550,2294,2294,52333996,2026-10-08T11:02:19Z,A,trace-verified native flows; all legs priced,MISSING,0.015891,0_to_lt1,3,0x49fff8ec544984d862c0c322c83bc0cfb7a9a953a7d4d4d352a2aff27f7602cf|0x53d7c951f09e4f7d1141d213ee71edb256eafdf32bc85af33c6fac8f6c3e436a|0xeee714a165308eb97efa05fb9243a55bdc5501f39408dc214e6f91e61eaa4a0e,ABSENT_NO_HOOK_ADDRESS,True,,True,UNMATCHABLE
0xfe58f6c4a3a248aaf8e473b39721c537dc1c822a72f46f286e4d9231da826efa,2296,2296,52334026,2026-10-08T11:03:19Z,B,"log-reconstructed (no native legs, no ext payouts); not trace-checked",INFERRED,0.873522,0_to_lt1,1,0xcd912411a8ccaaa0851919ddadbfbd29da7073aa8d5e39461c0ddbdad8891894,ABSENT_NO_HOOK_ADDRESS,True,Aerodrome-Slipstream3,True,UNMATCHED
0x8ce6f5458f596002d9af2f1805bf46087aafe581ebb14a4160e8c8143148e689,2307,2307,52334063,2026-10-08T11:04:33Z,C,cyclic_native_leg_unverified,MISSING,,kept_null,2,0x8be5b87ece64619cbe51260db2cd784582b2b5ad72300229656966b99e043494|0xbb2aefc6c55a0464b944c0478869527ba1a537f05f90a1bb82e1196c6e9403e2,ABSENT_NO_HOOK_ADDRESS,True,PancakeV3@0xb5620f90,False,UNMATCHED
0x9d6df3e697109828ea5b32525ee514541db26952a39e523e50094f9902eb4113,2311,2311,52334083,2026-10-08T11:05:13Z,A,trace-verified native flows; all legs priced,MISSING,0.372564,0_to_lt1,1,0xcd912411a8ccaaa0851919ddadbfbd29da7073aa8d5e39461c0ddbdad8891894,ABSENT_NO_HOOK_ADDRESS,True,UniswapV3,True,UNMATCHED
0xf01ad3eb22cf9584611bab4b35e011461a87a950e1fb583a1c7f5443e2072f18,2312,2312,52334096,2026-10-08T11:05:39Z,A,trace-verified native flows; all legs priced,INFERRED,0.46005,0_to_lt1,3,0x49fff8ec544984d862c0c322c83bc0cfb7a9a953a7d4d4d352a2aff27f7602cf|0x8fa12c2e1f56a0962559344afa0d6dad4b96ace5258c8a079029907924dfeba7|0xcd912411a8ccaaa0851919ddadbfbd29da7073aa8d5e39461c0ddbdad8891894,ABSENT_NO_HOOK_ADDRESS,True,UniswapV3,True,PARTIAL_POOL_UNSUPPORTED_VENUE
0xf34b5fa614b351f0ff3eb7e274bf33d52c8e01f742363ac471f4120d1dd5d8dc,2313,2313,52334103,2026-10-08T11:05:53Z,C,implausible return (>50% of trade input) with gain in a non-major token: probable pricing artifact,INFERRED,,kept_null,1,0xbc94a571767139984504676ec9347f57ca5f9ad10e917f235ef2c88fb1df79bf,ABSENT_NO_HOOK_ADDRESS,True,Aerodrome-Slipstream3|UniswapV3,True,UNMATCHED
0xc89047a739f53aef258c08104752dcb0fafdd67be578831b52b00fc3957ef41d,2319,2319,52334131,2026-10-08T11:06:49Z,A,trace-verified native flows; all legs priced,INFERRED,0.261007,0_to_lt1,2,0xcd912411a8ccaaa0851919ddadbfbd29da7073aa8d5e39461c0ddbdad8891894|0xdd82c36e8e570dcac53f6c18033ede5ededc7b91dc4fafc09a6281f2669c43e2,ABSENT_NO_HOOK_ADDRESS,True,UniswapV3,True,PARTIAL_POOL_UNSUPPORTED_VENUE
0x413db8f6e8e4d18b32a69df5b1b49aafa731a4699ce438256fa6c8dd47e12488,2321,2321,52334150,2026-10-08T11:07:27Z,B,"log-reconstructed (no native legs, no ext payouts); not trace-checked",VERIFIED,0.16869,0_to_lt1,3,0xdd82c36e8e570dcac53f6c18033ede5ededc7b91dc4fafc09a6281f2669c43e2|0xeee714a165308eb97efa05fb9243a55bdc5501f39408dc214e6f91e61eaa4a0e|0xf13203ddbf2c9816a79b656a1a952521702715d92fea465b84ae2ed6e94a7f22,ABSENT_NO_HOOK_ADDRESS,True,,True,UNMATCHABLE
0x91bac90434e135b8c7b397efdf846af443cced7d1ec5a09e2b0c220199a71e9e,2325,2325,52334178,2026-10-08T11:08:23Z,B,"log-reconstructed (no native legs, no ext payouts); not trace-checked",MISSING,0.105765,0_to_lt1,3,0x8fa12c2e1f56a0962559344afa0d6dad4b96ace5258c8a079029907924dfeba7|0xcd912411a8ccaaa0851919ddadbfbd29da7073aa8d5e39461c0ddbdad8891894|0xfba2c4592d32a4e2e6393b8898f9110b4e272983f4bd416b38f81672a17fe3dc,ABSENT_NO_HOOK_ADDRESS,True,,True,UNMATCHABLE
0x1a3ae133cec38a0c78a72134bd9827561ea92cbc9d3be1e5cdef92e74868532d,2326,2326,52334189,2026-10-08T11:08:45Z,B,"log-reconstructed (no native legs, no ext payouts); not trace-checked",MISSING,0.043525,0_to_lt1,3,0x53d7c951f09e4f7d1141d213ee71edb256eafdf32bc85af33c6fac8f6c3e436a|0x8fa12c2e1f56a0962559344afa0d6dad4b96ace5258c8a079029907924dfeba7|0xfba2c4592d32a4e2e6393b8898f9110b4e272983f4bd416b38f81672a17fe3dc,ABSENT_NO_HOOK_ADDRESS,True,,True,UNMATCHABLE
0x78f0e9ec463d775177c4a12c07227b157ce1e87a5b3efaee2a67ed5c430a058b,2327,2327,52334197,2026-10-08T11:09:01Z,B,"log-reconstructed (no native legs, no ext payouts); not trace-checked",MISSING,0.014126,0_to_lt1,2,0x53d7c951f09e4f7d1141d213ee71edb256eafdf32bc85af33c6fac8f6c3e436a|0xdd82c36e8e570dcac53f6c18033ede5ededc7b91dc4fafc09a6281f2669c43e2,ABSENT_NO_HOOK_ADDRESS,True,,True,UNMATCHABLE
0x8cc097b04450734ebfd4a7631904abb1860c6af84519ba1102ae58d0b413f123,2329,2329,52334216,2026-10-08T11:09:39Z,B,"log-reconstructed (no native legs, no ext payouts); not trace-checked",MISSING,0.021123,0_to_lt1,3,0x53d7c951f09e4f7d1141d213ee71edb256eafdf32bc85af33c6fac8f6c3e436a|0x8fa12c2e1f56a0962559344afa0d6dad4b96ace5258c8a079029907924dfeba7|0xfba2c4592d32a4e2e6393b8898f9110b4e272983f4bd416b38f81672a17fe3dc,ABSENT_NO_HOOK_ADDRESS,True,,True,UNMATCHABLE
0xb35654f7b5092f5df0841a2eb943d68d932709f8190571830542cb90a2da2162,2330,2330,52334221,2026-10-08T11:09:49Z,B,"log-reconstructed (no native legs, no ext payouts); not trace-checked",MISSING,0.033671,0_to_lt1,3,0x7681c00520c26da8d8970c21a65461c726f274068eb08743debc1178e697044e|0xdd82c36e8e570dcac53f6c18033ede5ededc7b91dc4fafc09a6281f2669c43e2|0xeee714a165308eb97efa05fb9243a55bdc5501f39408dc214e6f91e61eaa4a0e,ABSENT_NO_HOOK_ADDRESS,True,,True,UNMATCHABLE
0xf3cebf72983a0689e5790cc820bfd64fc312b23e26f47c55edd4dc098c45c90b,2332,2332,52334230,2026-10-08T11:10:07Z,B,"log-reconstructed (no native legs, no ext payouts); not trace-checked",MISSING,0.14335,0_to_lt1,3,0x8fa12c2e1f56a0962559344afa0d6dad4b96ace5258c8a079029907924dfeba7|0xcd912411a8ccaaa0851919ddadbfbd29da7073aa8d5e39461c0ddbdad8891894|0xf13203ddbf2c9816a79b656a1a952521702715d92fea465b84ae2ed6e94a7f22,ABSENT_NO_HOOK_ADDRESS,True,,True,UNMATCHABLE
0xeaaa89bb1702a50cbbdf63bc4c7131fbaf9f38db131909f29fbb8975e5c0b092,2333,2333,52334231,2026-10-08T11:10:09Z,B,"log-reconstructed (no native legs, no ext payouts); not trace-checked",MISSING,0.038835,0_to_lt1,3,0x7681c00520c26da8d8970c21a65461c726f274068eb08743debc1178e697044e|0x8fa12c2e1f56a0962559344afa0d6dad4b96ace5258c8a079029907924dfeba7|0xf4c4b1634e23e51e923a005a1c8c7fd1e3d4648a34ea2ae0f2234cd7596f2bd5,ABSENT_NO_HOOK_ADDRESS,True,,True,UNMATCHABLE
0x861a4239fbd89b10aa5c34bda66a2f901edc5446e7aae44276945f66fc5df54a,2343,2343,52334269,2026-10-08T11:11:25Z,B,"log-reconstructed (no native legs, no ext payouts); not trace-checked",MISSING,0.018495,0_to_lt1,3,0x8fa12c2e1f56a0962559344afa0d6dad4b96ace5258c8a079029907924dfeba7|0xf4c4b1634e23e51e923a005a1c8c7fd1e3d4648a34ea2ae0f2234cd7596f2bd5|0xfba2c4592d32a4e2e6393b8898f9110b4e272983f4bd416b38f81672a17fe3dc,ABSENT_NO_HOOK_ADDRESS,True,,True,UNMATCHABLE
0xb18c26d9d0e91f867e1d0584b5185301d069d3cdb229b77c59e8a9b25b790fec,2346,2346,52334270,2026-10-08T11:11:27Z,B,"log-reconstructed (no native legs, no ext payouts); not trace-checked",INFERRED,0.157074,0_to_lt1,1,0xf13203ddbf2c9816a79b656a1a952521702715d92fea465b84ae2ed6e94a7f22,ABSENT_NO_HOOK_ADDRESS,True,Aerodrome-Slipstream|Aerodrome-Slipstream3|PancakeV3,True,UNMATCHED
0x2a8941ad9e3cd8c9c4719a8554f9279dc2ebec88e265594141f2fd84d458d825,2348,2348,52334270,2026-10-08T11:11:27Z,D,cyclic_unknown_venue,MISSING,,kept_null,1,0x7681c00520c26da8d8970c21a65461c726f274068eb08743debc1178e697044e,ABSENT_NO_HOOK_ADDRESS,True,,False,UNMATCHABLE
0xad1516fb2bd65f374275ecf265e864b06ad3be3d9e5cba6719abf01c6ad0ce51,2351,2351,52334270,2026-10-08T11:11:27Z,C,cyclic_native_leg_unverified,MISSING,,kept_null,2,0x6aeda4ed4b45fdb3c3d496f1779a59945b60a88cfc4281781256adfcce0fe821|0xe0e30e94a850a5bbc155708dba39e0de8f71c633e8483246a846eb976a705e76,ABSENT_NO_HOOK_ADDRESS,True,V3-type@0xe6da85fe,True,UNMATCHED
0xa1ade12b6047d59670c597f015b1208c5ab30372941909daa66e0a7cbc1c20b0,2360,2360,52334275,2026-10-08T11:11:37Z,B,"log-reconstructed (no native legs, no ext payouts); not trace-checked",MISSING,0.035218,0_to_lt1,3,0x49fff8ec544984d862c0c322c83bc0cfb7a9a953a7d4d4d352a2aff27f7602cf|0xeee714a165308eb97efa05fb9243a55bdc5501f39408dc214e6f91e61eaa4a0e|0xf4c4b1634e23e51e923a005a1c8c7fd1e3d4648a34ea2ae0f2234cd7596f2bd5,ABSENT_NO_HOOK_ADDRESS,True,,True,UNMATCHABLE
0xcdb4f63b19c58eecd792ab0e0b92778f4ceb393c70574abc7c485bc2a8b4aa9b,2361,2361,52334277,2026-10-08T11:11:41Z,A,trace-verified native flows; all legs priced,INFERRED,0.412959,0_to_lt1,2,0x53d7c951f09e4f7d1141d213ee71edb256eafdf32bc85af33c6fac8f6c3e436a|0xcd912411a8ccaaa0851919ddadbfbd29da7073aa8d5e39461c0ddbdad8891894,ABSENT_NO_HOOK_ADDRESS,True,UniswapV3,True,PARTIAL_POOL_UNSUPPORTED_VENUE
0x4569dd45aabf6a51df8c9ad5a57167a3f23fe11c8317b62733d247007b5e8027,2364,2364,52334293,2026-10-08T11:12:13Z,B,"log-reconstructed (no native legs, no ext payouts); not trace-checked",VERIFIED,0.084855,0_to_lt1,3,0x7681c00520c26da8d8970c21a65461c726f274068eb08743debc1178e697044e|0xdd82c36e8e570dcac53f6c18033ede5ededc7b91dc4fafc09a6281f2669c43e2|0xeee714a165308eb97efa05fb9243a55bdc5501f39408dc214e6f91e61eaa4a0e,ABSENT_NO_HOOK_ADDRESS,True,,True,UNMATCHABLE
0x2df0ceae086ee0ad589c76d45de82ae15e834bb25a4082b172b0dc11ca9628e7,2366,2366,52334306,2026-10-08T11:12:39Z,B,"log-reconstructed (no native legs, no ext payouts); not trace-checked",MISSING,0.019188,0_to_lt1,3,0x53d7c951f09e4f7d1141d213ee71edb256eafdf32bc85af33c6fac8f6c3e436a|0x7681c00520c26da8d8970c21a65461c726f274068eb08743debc1178e697044e|0xeee714a165308eb97efa05fb9243a55bdc5501f39408dc214e6f91e61eaa4a0e,ABSENT_NO_HOOK_ADDRESS,True,,True,UNMATCHABLE
0x0b09be045d9498ade76f127df6cd4564b399c54438442404d82205886d537b64,2367,2367,52334311,2026-10-08T11:12:49Z,B,"log-reconstructed (no native legs, no ext payouts); not trace-checked",MISSING,0.025722,0_to_lt1,3,0x53d7c951f09e4f7d1141d213ee71edb256eafdf32bc85af33c6fac8f6c3e436a|0x7681c00520c26da8d8970c21a65461c726f274068eb08743debc1178e697044e|0xeee714a165308eb97efa05fb9243a55bdc5501f39408dc214e6f91e61eaa4a0e,ABSENT_NO_HOOK_ADDRESS,True,,True,UNMATCHABLE
0x093e411fdf7f9c80890da80c973f8eea175fc96481413df556479da3abb9205e,2369,2369,52334317,2026-10-08T11:13:01Z,B,"log-reconstructed (no native legs, no ext payouts); not trace-checked",MISSING,0.019528,0_to_lt1,3,0x53d7c951f09e4f7d1141d213ee71edb256eafdf32bc85af33c6fac8f6c3e436a|0xeee714a165308eb97efa05fb9243a55bdc5501f39408dc214e6f91e61eaa4a0e|0xfba2c4592d32a4e2e6393b8898f9110b4e272983f4bd416b38f81672a17fe3dc,ABSENT_NO_HOOK_ADDRESS,True,,True,UNMATCHABLE
0x8413d682cba25c2444fa9fbcb71c1a771bcf22e442f7217e88b533254503b4e3,2370,2370,52334318,2026-10-08T11:13:03Z,D,cyclic_v4_unresolved,MISSING,,kept_null,1,0x41084f2d35b54dc0d070fbf76aa52c46f5d9c7e36c163252064b6b184d9429d9,ABSENT_NO_HOOK_ADDRESS,False,Aerodrome-Slipstream3,True,UNMATCHED
0x04a579ddca1b9941bdcbce1b401a6035230169c244e330df95295e3f3973c9ea,2376,2376,52334393,2026-10-08T11:15:33Z,A,trace-verified native flows; all legs priced,MISSING,0.850689,0_to_lt1,1,0xcd912411a8ccaaa0851919ddadbfbd29da7073aa8d5e39461c0ddbdad8891894,ABSENT_NO_HOOK_ADDRESS,True,UniswapV3,True,UNMATCHED
0x135f600b825e97aad1a66ae79722a3884d22fa4757a4cef28f8dd8704411df0d,2377,2377,52334395,2026-10-08T11:15:37Z,B,"log-reconstructed (no native legs, no ext payouts); not trace-checked",MISSING,0.118219,0_to_lt1,2,0xaa3f41df57766197c15679db7db272058137b26b371b285813ecc620428a4c6c|0xcd912411a8ccaaa0851919ddadbfbd29da7073aa8d5e39461c0ddbdad8891894,ABSENT_NO_HOOK_ADDRESS,True,,True,UNMATCHABLE
0xd5a109db425e5264dda3d0734f613bca8b785521c67ddebe697fd6f4ddb1fd0e,2378,2378,52334404,2026-10-08T11:15:55Z,A,trace-verified native flows; all legs priced,MISSING,0.530615,0_to_lt1,1,0xcd912411a8ccaaa0851919ddadbfbd29da7073aa8d5e39461c0ddbdad8891894,ABSENT_NO_HOOK_ADDRESS,True,UniswapV3,True,UNMATCHED
0x8036b8deaa410361b9d6b99850696d79d963cdae85b4e1df32fe91d5cd310fad,2379,2379,52334404,2026-10-08T11:15:55Z,A,trace-verified native flows; all legs priced,INFERRED,0.687093,0_to_lt1,3,0x7681c00520c26da8d8970c21a65461c726f274068eb08743debc1178e697044e|0xcd912411a8ccaaa0851919ddadbfbd29da7073aa8d5e39461c0ddbdad8891894|0xeee714a165308eb97efa05fb9243a55bdc5501f39408dc214e6f91e61eaa4a0e,ABSENT_NO_HOOK_ADDRESS,True,UniswapV3,True,PARTIAL_POOL_UNSUPPORTED_VENUE
0xae448c911ce4d4f1f9c0b1123ae45b05fcceb8afd850e8d874db091a7b471cc8,2380,2380,52334420,2026-10-08T11:16:27Z,B,"log-reconstructed (no native legs, no ext payouts); not trace-checked",INFERRED,0.022739,0_to_lt1,3,0x53d7c951f09e4f7d1141d213ee71edb256eafdf32bc85af33c6fac8f6c3e436a|0x7681c00520c26da8d8970c21a65461c726f274068eb08743debc1178e697044e|0xeee714a165308eb97efa05fb9243a55bdc5501f39408dc214e6f91e61eaa4a0e,ABSENT_NO_HOOK_ADDRESS,True,,True,UNMATCHABLE
0x2889ad9b0af9a112903e8dd72aa40c0d011238fd11640694c5570d992615f842,2382,2382,52334423,2026-10-08T11:16:33Z,B,"log-reconstructed (no native legs, no ext payouts); not trace-checked",VERIFIED,0.087743,0_to_lt1,3,0x53d7c951f09e4f7d1141d213ee71edb256eafdf32bc85af33c6fac8f6c3e436a|0xeee714a165308eb97efa05fb9243a55bdc5501f39408dc214e6f91e61eaa4a0e|0xf13203ddbf2c9816a79b656a1a952521702715d92fea465b84ae2ed6e94a7f22,ABSENT_NO_HOOK_ADDRESS,True,,True,UNMATCHABLE
0x0c42fde4c9171fb034f93562cfc2ea6af226b8754a24a4e2778fbac758f461d3,2383,2383,52334424,2026-10-08T11:16:35Z,B,"log-reconstructed (no native legs, no ext payouts); not trace-checked",MISSING,0.012265,0_to_lt1,2,0x50f80ea6f1610519c7dadbc29b1f255a07354d0eec373fea17e28063d125fec3|0xcd912411a8ccaaa0851919ddadbfbd29da7073aa8d5e39461c0ddbdad8891894,ABSENT_NO_HOOK_ADDRESS,True,,True,UNMATCHABLE
0xce54e9d61ea1697e3a6635ab0a0e56a59f61516b19a031837277cec4b04084de,2385,2385,52334445,2026-10-08T11:17:17Z,B,"log-reconstructed (no native legs, no ext payouts); not trace-checked",MISSING,0.037351,0_to_lt1,3,0x49fff8ec544984d862c0c322c83bc0cfb7a9a953a7d4d4d352a2aff27f7602cf|0xdd82c36e8e570dcac53f6c18033ede5ededc7b91dc4fafc09a6281f2669c43e2|0xeee714a165308eb97efa05fb9243a55bdc5501f39408dc214e6f91e61eaa4a0e,ABSENT_NO_HOOK_ADDRESS,True,,True,UNMATCHABLE
0xd647561b17ce3ab1601d02fd168d33393da304e114572ae706195ef1fdb1b178,2386,2386,52334448,2026-10-08T11:17:23Z,B,"log-reconstructed (no native legs, no ext payouts); not trace-checked",MISSING,0.032125,0_to_lt1,3,0xdd82c36e8e570dcac53f6c18033ede5ededc7b91dc4fafc09a6281f2669c43e2|0xeee714a165308eb97efa05fb9243a55bdc5501f39408dc214e6f91e61eaa4a0e|0xfba2c4592d32a4e2e6393b8898f9110b4e272983f4bd416b38f81672a17fe3dc,ABSENT_NO_HOOK_ADDRESS,True,,True,UNMATCHABLE
0xcfb18fa44c0ada7ce3eabbea21e6e420c1a52db39bac7fcdbf9ba53498795f63,2387,2387,52334506,2026-10-08T11:19:19Z,A,trace-verified native flows; all legs priced,INFERRED,0.441524,0_to_lt1,1,0xa7cfa6bac05206b5781d2eacff67f4e8046efe60fba79ccd0b13a8e6d5a9db9d,ABSENT_NO_HOOK_ADDRESS,True,Aerodrome-Slipstream3|UniswapV3,True,PARTIAL_POOL_SET
0x3d85088a61f5aafd37705aa981895cc6c2bcf167c29aaca19226652e5e26d1c6,2389,2389,52334523,2026-10-08T11:19:53Z,B,"log-reconstructed (no native legs, no ext payouts); not trace-checked",MISSING,0.045541,0_to_lt1,1,0xf13203ddbf2c9816a79b656a1a952521702715d92fea465b84ae2ed6e94a7f22,ABSENT_NO_HOOK_ADDRESS,True,Aerodrome-Slipstream|PancakeV3,False,UNMATCHED
0x148423a58f30028526fb7ba6b120c4bfdf68e6fe279e2ddb46cbf7b14b786976,2390,2390,52334535,2026-10-08T11:20:17Z,A,trace-verified native flows; all legs priced,INFERRED,0.145565,0_to_lt1,2,0xdd82c36e8e570dcac53f6c18033ede5ededc7b91dc4fafc09a6281f2669c43e2|0xeee714a165308eb97efa05fb9243a55bdc5501f39408dc214e6f91e61eaa4a0e,ABSENT_NO_HOOK_ADDRESS,True,Aerodrome-Slipstream|UniswapV3,True,PARTIAL_POOL_SET
0x3952e17aaa8ee503cc4dc3ca2314140046d2cb19e85daf8343eb2d2ef09a4002,2393,2393,52334583,2026-10-08T11:21:53Z,A,trace-verified native flows; all legs priced,MISSING,0.483602,0_to_lt1,1,0xcd912411a8ccaaa0851919ddadbfbd29da7073aa8d5e39461c0ddbdad8891894,ABSENT_NO_HOOK_ADDRESS,True,UniswapV3,True,UNMATCHED
0xa9dd6fd21c9b45d31242625a0a3ff770f4d1d0bedfb331a15842585ca19ffaff,2394,2394,52334585,2026-10-08T11:21:57Z,A,trace-verified native flows; all legs priced,MISSING,0.429074,0_to_lt1,1,0xcd912411a8ccaaa0851919ddadbfbd29da7073aa8d5e39461c0ddbdad8891894,ABSENT_NO_HOOK_ADDRESS,True,UniswapV3,True,UNMATCHED
0x3cd5d5b52ccd4ea1efd22e7d937f90cdeade922ffae5c2a132235d62fd0c0e92,2395,2395,52334586,2026-10-08T11:21:59Z,B,"log-reconstructed (no native legs, no ext payouts); not trace-checked",MISSING,0.246723,0_to_lt1,1,0xcd912411a8ccaaa0851919ddadbfbd29da7073aa8d5e39461c0ddbdad8891894,ABSENT_NO_HOOK_ADDRESS,True,UniswapV3,True,UNMATCHED
0x9bc035527c946ae432b0bc2276f9d4d08a2bbd39fd26ef0b2e81a1e7992176ea,2396,2396,52334587,2026-10-08T11:22:01Z,B,"log-reconstructed (no native legs, no ext payouts); not trace-checked",MISSING,0.02179,0_to_lt1,1,0xcd912411a8ccaaa0851919ddadbfbd29da7073aa8d5e39461c0ddbdad8891894,ABSENT_NO_HOOK_ADDRESS,True,UniswapV3,True,UNMATCHED
0x66ab9e945eb94e87be70a4fb05c9bf40b238884e9137b5f6ca926c35bae1833b,2397,2397,52334587,2026-10-08T11:22:01Z,B,"log-reconstructed (no native legs, no ext payouts); not trace-checked",MISSING,0.158146,0_to_lt1,1,0xf13203ddbf2c9816a79b656a1a952521702715d92fea465b84ae2ed6e94a7f22,ABSENT_NO_HOOK_ADDRESS,True,UniswapV3,True,UNMATCHED
0xbf7879e915b751d5c1908778a911b4cf7897323b9e1c98fc60cc0319e6de604b,2398,2398,52334590,2026-10-08T11:22:07Z,A,trace-verified native flows; all legs priced,INFERRED,0.833311,0_to_lt1,1,0xcd912411a8ccaaa0851919ddadbfbd29da7073aa8d5e39461c0ddbdad8891894,ABSENT_NO_HOOK_ADDRESS,True,UniswapV3,True,PARTIAL_POOL_SET
0x9b2594f61ef1f9284d68305706a22aae496109c0edbb268194abe2a6bd17462a,2399,2399,52334591,2026-10-08T11:22:09Z,B,"log-reconstructed (no native legs, no ext payouts); not trace-checked",INFERRED,0.119077,0_to_lt1,1,0xfba2c4592d32a4e2e6393b8898f9110b4e272983f4bd416b38f81672a17fe3dc,ABSENT_NO_HOOK_ADDRESS,True,UniswapV3,True,UNMATCHED
0xd4f71556bc79d589c630494f6e815359a3c4a39880b9e6bf481ede9ad73ad654,2401,2401,52334593,2026-10-08T11:22:13Z,B,"log-reconstructed (no native legs, no ext payouts); not trace-checked",MISSING,0.009811,0_to_lt1,1,0xcd912411a8ccaaa0851919ddadbfbd29da7073aa8d5e39461c0ddbdad8891894,ABSENT_NO_HOOK_ADDRESS,True,UniswapV3,True,UNMATCHED
0x2008e23443636fc2a2a79a32e290193fa1b01ab24fbea7ab99a12bd53dc0a2c3,2402,2402,52334593,2026-10-08T11:22:13Z,A,trace-verified native flows; all legs priced,INFERRED,0.203696,0_to_lt1,1,0x7681c00520c26da8d8970c21a65461c726f274068eb08743debc1178e697044e,ABSENT_NO_HOOK_ADDRESS,True,Aerodrome-Slipstream3|UniswapV3,True,PARTIAL_POOL_SET
0x3139e6d124d76aee3039155fd717a51015a1c1fff6d701ae62d52a379041f24c,2403,2403,52334593,2026-10-08T11:22:13Z,A,trace-verified native flows; all legs priced,INFERRED,0.059277,0_to_lt1,1,0xcd912411a8ccaaa0851919ddadbfbd29da7073aa8d5e39461c0ddbdad8891894,ABSENT_NO_HOOK_ADDRESS,True,UniswapV3,True,PARTIAL_POOL_SET
0x1cd574cd08a9be66f67b192b957e1b125e69002abdf04b0b765bcfb5d7fb02de,2404,2404,52334594,2026-10-08T11:22:15Z,A,trace-verified native flows; all legs priced,INFERRED,0.267505,0_to_lt1,1,0x7681c00520c26da8d8970c21a65461c726f274068eb08743debc1178e697044e,ABSENT_NO_HOOK_ADDRESS,True,UniswapV3,True,PARTIAL_POOL_SET
0xa73d33331f431f963400eae1f8d7b6f8765820e5269b76ab4167a688107e882b,2405,2405,52334595,2026-10-08T11:22:17Z,B,"log-reconstructed (no native legs, no ext payouts); not trace-checked",MISSING,0.135851,0_to_lt1,1,0x7681c00520c26da8d8970c21a65461c726f274068eb08743debc1178e697044e,ABSENT_NO_HOOK_ADDRESS,True,UniswapV3,True,UNMATCHED
0xb3c6c1c20ce7479694a2abce6f355269ae4b46ee3286cf3e150bbfd4443a0837,2407,2407,52334598,2026-10-08T11:22:23Z,A,trace-verified native flows; all legs priced,MISSING,0.014819,0_to_lt1,1,0xa0675763947a930e3736cdb47b59713865a4d24be6f01f39bc79c2ed7d55b9b6,ABSENT_NO_HOOK_ADDRESS,True,Aerodrome-Slipstream|UniswapV3,True,UNMATCHED
0x6d2e2acff10d4982957e1d9490bab9abe07f850e0e7f23522659b076862e7ab1,2408,2408,52334604,2026-10-08T11:22:35Z,A,trace-verified native flows; all legs priced,INFERRED,0.310335,0_to_lt1,1,0x49fff8ec544984d862c0c322c83bc0cfb7a9a953a7d4d4d352a2aff27f7602cf,ABSENT_NO_HOOK_ADDRESS,True,UniswapV3,True,PARTIAL_POOL_SET
0x427d669a7773d7a836756ba05c52369da6bbe90a6efb148a97cf1dc8e99cc46b,2409,2409,52334604,2026-10-08T11:22:35Z,A,trace-verified native flows; all legs priced,MISSING,0.541644,0_to_lt1,1,0xe1d05fe2b899df927bc67e5eedaccb95d06bf7c769ed68469bb773615f2401f8,ABSENT_NO_HOOK_ADDRESS,True,UniswapV3,True,UNMATCHED
0xee65ea2d18398ec54b4690763c027f9f9cb83e201da2da6a008be9771f9bcbf7,2410,2410,52334604,2026-10-08T11:22:35Z,A,trace-verified native flows; all legs priced,MISSING,0.780901,0_to_lt1,1,0xf13203ddbf2c9816a79b656a1a952521702715d92fea465b84ae2ed6e94a7f22,ABSENT_NO_HOOK_ADDRESS,True,UniswapV3,True,UNMATCHED
0xe02ae9ac4c4f7ced5cffce20881e7b45e244f355bda2fad003cbaeba892f8444,2411,2411,52334608,2026-10-08T11:22:43Z,A,trace-verified native flows; all legs priced,MISSING,0.734278,0_to_lt1,1,0xfba2c4592d32a4e2e6393b8898f9110b4e272983f4bd416b38f81672a17fe3dc,ABSENT_NO_HOOK_ADDRESS,True,UniswapV3,True,UNMATCHED
0xe3ff143c3a2eb5e63440af9592abab64651c5d8830745799207d7dd5c366afd9,2413,2413,52334609,2026-10-08T11:22:45Z,A,trace-verified native flows; all legs priced,INFERRED,0.256856,0_to_lt1,1,0xfba2c4592d32a4e2e6393b8898f9110b4e272983f4bd416b38f81672a17fe3dc,ABSENT_NO_HOOK_ADDRESS,True,UniswapV3,True,PARTIAL_POOL_SET
0xa69f214d624db59641dbee2a58ff923258eb9e730079c25f0ef5ccef00baec3e,2414,2414,52334610,2026-10-08T11:22:47Z,A,trace-verified native flows; all legs priced,INFERRED,0.1931,0_to_lt1,1,0xfba2c4592d32a4e2e6393b8898f9110b4e272983f4bd416b38f81672a17fe3dc,ABSENT_NO_HOOK_ADDRESS,True,UniswapV3,True,PARTIAL_POOL_SET
0x2ec6ded5ed587fb806012ad61de8a0ae1f819b1c7583f7e915cd468324364f0a,2415,2415,52334616,2026-10-08T11:22:59Z,B,"log-reconstructed (no native legs, no ext payouts); not trace-checked",MISSING,0.135435,0_to_lt1,1,0x7681c00520c26da8d8970c21a65461c726f274068eb08743debc1178e697044e,ABSENT_NO_HOOK_ADDRESS,True,UniswapV3,True,UNMATCHED
0xb8f6fe7e727323b8150051119732a73edbc556d466f55c7e81bc6e70e5470644,2416,2416,52334616,2026-10-08T11:22:59Z,A,trace-verified native flows; all legs priced,MISSING,0.081027,0_to_lt1,1,0xfba2c4592d32a4e2e6393b8898f9110b4e272983f4bd416b38f81672a17fe3dc,ABSENT_NO_HOOK_ADDRESS,True,UniswapV3,True,UNMATCHED
0x68d7a16dd7d315df0f6f04dd7c3e9cc577e4745e73f99087a643525b7b6f43bb,2417,2417,52334617,2026-10-08T11:23:01Z,A,trace-verified native flows; all legs priced,INFERRED,0.75696,0_to_lt1,1,0x7681c00520c26da8d8970c21a65461c726f274068eb08743debc1178e697044e,ABSENT_NO_HOOK_ADDRESS,True,UniswapV3,True,PARTIAL_POOL_SET
0x1deb4ee140707af7dcc9155800a862b33b5c5cad3b94e4100e2dd7b034e9ae51,2418,2418,52334618,2026-10-08T11:23:03Z,A,trace-verified native flows; all legs priced,INFERRED,0.72673,0_to_lt1,1,0xfba2c4592d32a4e2e6393b8898f9110b4e272983f4bd416b38f81672a17fe3dc,ABSENT_NO_HOOK_ADDRESS,True,UniswapV3,True,PARTIAL_POOL_SET
0xc54f33bb78ace24602107466c4a7b99f08743f3323409e1074b336f03252ab89,2419,2419,52334628,2026-10-08T11:23:23Z,B,"log-reconstructed (no native legs, no ext payouts); not trace-checked",MISSING,0.131817,0_to_lt1,1,0xaa3f41df57766197c15679db7db272058137b26b371b285813ecc620428a4c6c,ABSENT_NO_HOOK_ADDRESS,True,UniswapV3,True,UNMATCHED
0x86f42b73442d7fe38759d76daad82df3ab78aa352deeade65934b12b52971d3b,2420,2420,52334637,2026-10-08T11:23:41Z,B,"log-reconstructed (no native legs, no ext payouts); not trace-checked",MISSING,0.156762,0_to_lt1,1,0xfba2c4592d32a4e2e6393b8898f9110b4e272983f4bd416b38f81672a17fe3dc,ABSENT_NO_HOOK_ADDRESS,True,UniswapV3,True,UNMATCHED
0xe6083f290f58da7ac765f169cfec764760d25c49c15f92302be2fed871b1e700,2422,2422,52334646,2026-10-08T11:23:59Z,B,"log-reconstructed (no native legs, no ext payouts); not trace-checked",MISSING,0.082558,0_to_lt1,1,0xfba2c4592d32a4e2e6393b8898f9110b4e272983f4bd416b38f81672a17fe3dc,ABSENT_NO_HOOK_ADDRESS,True,UniswapV3,True,UNMATCHED
0x5c72be9eb9d41633d6b5ca9ee98807d38ab9082f09628a8391fa142c8452645d,2423,2423,52334656,2026-10-08T11:24:19Z,B,"log-reconstructed (no native legs, no ext payouts); not trace-checked",MISSING,0.223577,0_to_lt1,1,0x49fff8ec544984d862c0c322c83bc0cfb7a9a953a7d4d4d352a2aff27f7602cf,ABSENT_NO_HOOK_ADDRESS,True,UniswapV3,True,UNMATCHED
0x889c665864ec168b4f1ff16a5d262964e0cc21f57c23705f79c98fc02e926ca7,2424,2424,52334656,2026-10-08T11:24:19Z,B,"log-reconstructed (no native legs, no ext payouts); not trace-checked",MISSING,0.096755,0_to_lt1,1,0xf13203ddbf2c9816a79b656a1a952521702715d92fea465b84ae2ed6e94a7f22,ABSENT_NO_HOOK_ADDRESS,True,UniswapV3,True,UNMATCHED
0x05c79b2672d116411c83f14c31122d8c19ace4511c725e699bd913fdc627e6d2,2425,2425,52334656,2026-10-08T11:24:19Z,A,trace-verified native flows; all legs priced,INFERRED,0.382185,0_to_lt1,1,0xfba2c4592d32a4e2e6393b8898f9110b4e272983f4bd416b38f81672a17fe3dc,ABSENT_NO_HOOK_ADDRESS,True,UniswapV3,True,PARTIAL_POOL_SET
0x77a4d5eb263fa6eea7f97943621aa5a8091df2cc70320e3ae434d572860f50a0,2426,2426,52334656,2026-10-08T11:24:19Z,A,trace-verified native flows; all legs priced,INFERRED,0.166944,0_to_lt1,1,0xfba2c4592d32a4e2e6393b8898f9110b4e272983f4bd416b38f81672a17fe3dc,ABSENT_NO_HOOK_ADDRESS,True,UniswapV3,True,PARTIAL_POOL_SET
0xed05bf4568b9bfb981c46367c8ffd8992fefb809a1260082ce7c6c2b38edd4ec,2427,2427,52334657,2026-10-08T11:24:21Z,B,"log-reconstructed (no native legs, no ext payouts); not trace-checked",MISSING,0.084724,0_to_lt1,1,0xfba2c4592d32a4e2e6393b8898f9110b4e272983f4bd416b38f81672a17fe3dc,ABSENT_NO_HOOK_ADDRESS,True,UniswapV3,True,UNMATCHED
0x220ecdb1ec682950e277ecf59c04570a1a20628985528e79fc3373329054b014,2429,2429,52334682,2026-10-08T11:25:11Z,B,"log-reconstructed (no native legs, no ext payouts); not trace-checked",VERIFIED,0.062938,0_to_lt1,5,0x12a9c409e2f0868b3f5bf76cffcc0c5128a31c491188bd6dd35b3c232bb62a14|0xaa362e4301abe8627b5bf52b55336a6d5f1af6711f2ce5cde6c635dad813b341|0xc8e2ead0f86c658becc7fe0f6acc4e528b87b22bebc7dffa6848810282614078|0xd5fe92b625820fcdd77f7976f70115f5da63d567ee3752102e1cc4c872198b0b|0xf5c981bb345f1d4fdb25cc7d1e1bcf6b00ef515968c086870312d98144586535,ABSENT_NO_HOOK_ADDRESS,True,,True,UNMATCHABLE
0xadb3836d22908a7890353da35b32bea345534a4ac33b8b909aec1765447b6af9,2430,2430,52334686,2026-10-08T11:25:19Z,B,"log-reconstructed (no native legs, no ext payouts); not trace-checked",MISSING,0.077709,0_to_lt1,1,0xfba2c4592d32a4e2e6393b8898f9110b4e272983f4bd416b38f81672a17fe3dc,ABSENT_NO_HOOK_ADDRESS,True,UniswapV3,True,UNMATCHED
0x5a5fa5b4664796477fa59316a8a0aa4bf7425048267a5e0a8485aa641056297b,2431,2431,52334694,2026-10-08T11:25:35Z,B,"log-reconstructed (no native legs, no ext payouts); not trace-checked",MISSING,0.075479,0_to_lt1,1,0xfba2c4592d32a4e2e6393b8898f9110b4e272983f4bd416b38f81672a17fe3dc,ABSENT_NO_HOOK_ADDRESS,True,UniswapV3,True,UNMATCHED
0x3e8f4aa5731031e9a7bcf0ce8830908b34b3643b83d96cf84fe857c216aaee5c,2432,2432,52334708,2026-10-08T11:26:03Z,B,"log-reconstructed (no native legs, no ext payouts); not trace-checked",MISSING,0.119691,0_to_lt1,3,0x0e66048257508e35510ba8aa1a48c18ff150212e2eb92d0a933aa2e1a79927ad|0x12a9c409e2f0868b3f5bf76cffcc0c5128a31c491188bd6dd35b3c232bb62a14|0x93f900e15be5ee054dd9a874e4ecdafd2a4f27e86424ab3a4f50af84eb51dad8,ABSENT_NO_HOOK_ADDRESS,True,,True,UNMATCHABLE
0xe4d7c789084b32e692945bcc689751a2e6efa51d7449c5f7bed4f9044783c2c8,2433,2433,52334712,2026-10-08T11:26:11Z,B,"log-reconstructed (no native legs, no ext payouts); not trace-checked",MISSING,0.143864,0_to_lt1,1,0xfba2c4592d32a4e2e6393b8898f9110b4e272983f4bd416b38f81672a17fe3dc,ABSENT_NO_HOOK_ADDRESS,True,UniswapV3,True,UNMATCHED
0x1714d9962301cfd68bff278dbad78333750cd9dbe9210fe8f2f2f8ac89d74017,2434,2434,52334713,2026-10-08T11:26:13Z,B,"log-reconstructed (no native legs, no ext payouts); not trace-checked",MISSING,0.277336,0_to_lt1,1,0xfba2c4592d32a4e2e6393b8898f9110b4e272983f4bd416b38f81672a17fe3dc,ABSENT_NO_HOOK_ADDRESS,True,UniswapV3,True,UNMATCHED
0x37bb89b1e8d83f5bcef201361cfbc890679e6ea940afab679aac36c61b667180,2435,2435,52334717,2026-10-08T11:26:21Z,B,"log-reconstructed (no native legs, no ext payouts); not trace-checked",MISSING,0.155801,0_to_lt1,1,0xfba2c4592d32a4e2e6393b8898f9110b4e272983f4bd416b38f81672a17fe3dc,ABSENT_NO_HOOK_ADDRESS,True,UniswapV3,True,UNMATCHED
0x9780c03e0d752e752044eb4afb4c314881b26b9b4dbda6aa6261685825712fa1,2436,2436,52334719,2026-10-08T11:26:25Z,B,"log-reconstructed (no native legs, no ext payouts); not trace-checked",MISSING,0.006925,0_to_lt1,1,0xfba2c4592d32a4e2e6393b8898f9110b4e272983f4bd416b38f81672a17fe3dc,ABSENT_NO_HOOK_ADDRESS,True,UniswapV3,True,UNMATCHED
0xfae258980af6aadff15a32a5ccb3c5def104ce7699693d1fcb84f2087f81f1b0,2437,2437,52334724,2026-10-08T11:26:35Z,B,"log-reconstructed (no native legs, no ext payouts); not trace-checked",MISSING,0.183934,0_to_lt1,1,0x7681c00520c26da8d8970c21a65461c726f274068eb08743debc1178e697044e,ABSENT_NO_HOOK_ADDRESS,True,UniswapV3,True,UNMATCHED
0x41003d230b0d367f5893bf22993eb4f64d9c499f3a32013516b0a6273d90c3e2,2443,2443,52334821,2026-10-08T11:29:49Z,B,"log-reconstructed (no native legs, no ext payouts); not trace-checked",MISSING,0.090219,0_to_lt1,1,0x7681c00520c26da8d8970c21a65461c726f274068eb08743debc1178e697044e,ABSENT_NO_HOOK_ADDRESS,True,UniswapV3,True,UNMATCHED
0xe76b68836ef4581434ae7e121e338db51021d8f0bb56831e3e382ba074bf1219,2444,2444,52334825,2026-10-08T11:29:57Z,B,"log-reconstructed (no native legs, no ext payouts); not trace-checked",MISSING,0.076252,0_to_lt1,1,0xf13203ddbf2c9816a79b656a1a952521702715d92fea465b84ae2ed6e94a7f22,ABSENT_NO_HOOK_ADDRESS,True,UniswapV3,True,UNMATCHED
0xca523cc24c9e2dca830a537951f650d56807ce62e267775f897ab8231457cf35,2447,2447,52334843,2026-10-08T11:30:33Z,B,"log-reconstructed (no native legs, no ext payouts); not trace-checked",MISSING,0.082682,0_to_lt1,1,0xfba2c4592d32a4e2e6393b8898f9110b4e272983f4bd416b38f81672a17fe3dc,ABSENT_NO_HOOK_ADDRESS,True,UniswapV3,True,UNMATCHED
0x26dfbd2fc9e9c78288c9b753bf21d77b812470c80b34a597e3b1fe4e58e1ef81,2448,2448,52334849,2026-10-08T11:30:45Z,B,"log-reconstructed (no native legs, no ext payouts); not trace-checked",MISSING,0.082081,0_to_lt1,1,0x7681c00520c26da8d8970c21a65461c726f274068eb08743debc1178e697044e,ABSENT_NO_HOOK_ADDRESS,True,UniswapV3,True,UNMATCHED
0x15724cf213a23e9fba1065486e0467fe2018e5085c1ab43029c4bd99ae76be93,2450,2450,52334850,2026-10-08T11:30:47Z,B,"log-reconstructed (no native legs, no ext payouts); not trace-checked",MISSING,0.087112,0_to_lt1,1,0x7681c00520c26da8d8970c21a65461c726f274068eb08743debc1178e697044e,ABSENT_NO_HOOK_ADDRESS,True,UniswapV3,True,UNMATCHED
0xe36ac32c1ad1039350e95961c05b9de851d772d15032860b67e1e6e53ede56c0,2451,2451,52334850,2026-10-08T11:30:47Z,B,"log-reconstructed (no native legs, no ext payouts); not trace-checked",MISSING,0.071728,0_to_lt1,1,0x7681c00520c26da8d8970c21a65461c726f274068eb08743debc1178e697044e,ABSENT_NO_HOOK_ADDRESS,True,UniswapV3,True,UNMATCHED
0xdfccebd1da43d18df1353310ca780a199aa10568194b1b64d040c0f7e346a55e,2452,2452,52334851,2026-10-08T11:30:49Z,B,"log-reconstructed (no native legs, no ext payouts); not trace-checked",MISSING,0.068996,0_to_lt1,1,0x7681c00520c26da8d8970c21a65461c726f274068eb08743debc1178e697044e,ABSENT_NO_HOOK_ADDRESS,True,UniswapV3,True,UNMATCHED
0xaa1b998b82978732b9774e194baac5addd784a5f2d2773ac8c5bcf2b123c0204,2454,2454,52334856,2026-10-08T11:30:59Z,B,"log-reconstructed (no native legs, no ext payouts); not trace-checked",MISSING,0.112105,0_to_lt1,1,0xfba2c4592d32a4e2e6393b8898f9110b4e272983f4bd416b38f81672a17fe3dc,ABSENT_NO_HOOK_ADDRESS,True,UniswapV3,True,UNMATCHED
0xf6537f9b7d46cc814424aaadee85188c2951e392c5d98e2a038bf695afd1cb9b,2455,2455,52334860,2026-10-08T11:31:07Z,D,cyclic_v4_unresolved,INFERRED,,kept_null,2,0x96d4b53a38337a5733179751781178a2613306063c511b78cd02684739288c0a|0x9af570b4cba99acf761a2d7f26f280b57e0db4634ac4452ed543e5e701e6ca3d,ABSENT_NO_HOOK_ADDRESS,True,Aerodrome-Slipstream|Aerodrome-Slipstream2|Aerodrome-V2|PancakeV3@0x829ce741,True,UNMATCHED
0xf98a316c9fc672a4e23e28b721b5679895227824b979b66818c56248b41f618a,2459,2459,52334860,2026-10-08T11:31:07Z,B,"log-reconstructed (no native legs, no ext payouts); not trace-checked",MISSING,0.003061,0_to_lt1,1,0x9af570b4cba99acf761a2d7f26f280b57e0db4634ac4452ed543e5e701e6ca3d,ABSENT_NO_HOOK_ADDRESS,True,PancakeV3@0x829ce741|UniswapV3,True,PARTIAL_POOL_SET
0x9ffb39464ce550e3c3b0d397149be343a46005f97449bfabc1ec978d009e0792,2461,2461,52334867,2026-10-08T11:31:21Z,B,"log-reconstructed (no native legs, no ext payouts); not trace-checked",MISSING,0.072811,0_to_lt1,1,0xfba2c4592d32a4e2e6393b8898f9110b4e272983f4bd416b38f81672a17fe3dc,ABSENT_NO_HOOK_ADDRESS,True,UniswapV3,True,UNMATCHED
0x3df35570de07f0f28beb15515d3885674311364e2099b466e96692531ee75bf7,2462,2462,52334878,2026-10-08T11:31:43Z,B,"log-reconstructed (no native legs, no ext payouts); not trace-checked",MISSING,0.076722,0_to_lt1,1,0x7681c00520c26da8d8970c21a65461c726f274068eb08743debc1178e697044e,ABSENT_NO_HOOK_ADDRESS,True,UniswapV3,True,UNMATCHED
0x115fb34ac779044c186ad526fb2553be40d5ccb91e8c289047b0c9d66900064e,2463,2463,52334881,2026-10-08T11:31:49Z,B,"log-reconstructed (no native legs, no ext payouts); not trace-checked",MISSING,0.073592,0_to_lt1,1,0x7681c00520c26da8d8970c21a65461c726f274068eb08743debc1178e697044e,ABSENT_NO_HOOK_ADDRESS,True,Aerodrome-Slipstream3|UniswapV3,True,UNMATCHED
0x29b6974dc67b985ea5c1db953409512e658c9ddc391da28ebaae5a204e7dd9a8,2464,2464,52334885,2026-10-08T11:31:57Z,B,"log-reconstructed (no native legs, no ext payouts); not trace-checked",MISSING,0.181196,0_to_lt1,3,0x264984e00973c1dd3e2e145687715f211568eb7685af5527bcee61a1e6812675|0x7adeeb7a418b85147088ec22e1624f8f8696f75ac7a48f5c52c7c6d606a06040|0x95475b9b1492cf109969ff25c2862ef38d1a9998c6288f8b9b7d1c99c6443c2e,ABSENT_NO_HOOK_ADDRESS,True,,True,UNMATCHABLE
0x8e5b4bb98e0829b5c252829ec8101ad689f46cac1047ef0a2e6a56dd6eb6e7f0,2465,2465,52334889,2026-10-08T11:32:05Z,B,"log-reconstructed (no native legs, no ext payouts); not trace-checked",MISSING,0.094452,0_to_lt1,1,0xfba2c4592d32a4e2e6393b8898f9110b4e272983f4bd416b38f81672a17fe3dc,ABSENT_NO_HOOK_ADDRESS,True,UniswapV3,True,UNMATCHED
0x80ce353cd0ee648a338cf67b5f0f543232057b645514e7b1cfe36b0292e9bbf3,2470,2470,52334903,2026-10-08T11:32:33Z,B,"log-reconstructed (no native legs, no ext payouts); not trace-checked",MISSING,0.07395,0_to_lt1,1,0xfba2c4592d32a4e2e6393b8898f9110b4e272983f4bd416b38f81672a17fe3dc,ABSENT_NO_HOOK_ADDRESS,True,UniswapV3,True,UNMATCHED
0xe365e05782b66b8a83ff9cc4d9477b501345c5a763f937e1f71cd5de34785cf7,2471,2471,52334912,2026-10-08T11:32:51Z,D,cyclic_v4_unresolved,INFERRED,,kept_null,2,0xb221ead27c1ede1cedd1440a504813e50a16cf61ae9ef3354c07b6040296d9a2|0xc6e7bd8e72ad4aaeb7276083d28431db4ac162ded30bf549a3bc588329a01596,ABSENT_NO_HOOK_ADDRESS,True,Aerodrome-Slipstream3,True,UNMATCHED
0xee81f3ffb505e069bc14e8cc425e7810026669a9f8aefa444bf4a1c25a30c5fe,2475,2475,52334946,2026-10-08T11:33:59Z,B,"log-reconstructed (no native legs, no ext payouts); not trace-checked",MISSING,0.110398,0_to_lt1,3,0x264984e00973c1dd3e2e145687715f211568eb7685af5527bcee61a1e6812675|0x7adeeb7a418b85147088ec22e1624f8f8696f75ac7a48f5c52c7c6d606a06040|0x95475b9b1492cf109969ff25c2862ef38d1a9998c6288f8b9b7d1c99c6443c2e,ABSENT_NO_HOOK_ADDRESS,True,,True,UNMATCHABLE
0x05747535922192e368c2d8dcc0ae1a338c0fb36d67dde6febd43d87606be7a1d,2477,2477,52334963,2026-10-08T11:34:33Z,B,"log-reconstructed (no native legs, no ext payouts); not trace-checked",INFERRED,0.099404,0_to_lt1,2,0xeee714a165308eb97efa05fb9243a55bdc5501f39408dc214e6f91e61eaa4a0e|0xfba2c4592d32a4e2e6393b8898f9110b4e272983f4bd416b38f81672a17fe3dc,ABSENT_NO_HOOK_ADDRESS,True,UniswapV3,True,UNMATCHED
0x359e4dc6f7a5e9a13cd1c4f24b27e9bca4c52b636001a38d7b74e74695c73637,2478,2478,52334966,2026-10-08T11:34:39Z,B,"log-reconstructed (no native legs, no ext payouts); not trace-checked",INFERRED,-0.853998,below_0,2,0x49fff8ec544984d862c0c322c83bc0cfb7a9a953a7d4d4d352a2aff27f7602cf|0xeee714a165308eb97efa05fb9243a55bdc5501f39408dc214e6f91e61eaa4a0e,ABSENT_NO_HOOK_ADDRESS,True,UniswapV3,True,UNMATCHED
0xdc281595902b10114e2028d102e498aa571b0e9f2a0afeefdfe405f173b81375,2479,2479,52334967,2026-10-08T11:34:41Z,B,"log-reconstructed (no native legs, no ext payouts); not trace-checked",MISSING,0.018844,0_to_lt1,3,0xa158f17456688662960aa599c762f3772bc838f124a9b8d9cf77ca52e21c1696|0xeee714a165308eb97efa05fb9243a55bdc5501f39408dc214e6f91e61eaa4a0e|0xfba2c4592d32a4e2e6393b8898f9110b4e272983f4bd416b38f81672a17fe3dc,ABSENT_NO_HOOK_ADDRESS,True,,True,UNMATCHABLE
0xc7c18464b1ee2be75bec627da627040c74e3c0cc846fed866f311b8159e07d7b,2480,2480,52334972,2026-10-08T11:34:51Z,B,"log-reconstructed (no native legs, no ext payouts); not trace-checked",MISSING,0.031071,0_to_lt1,3,0xa158f17456688662960aa599c762f3772bc838f124a9b8d9cf77ca52e21c1696|0xeee714a165308eb97efa05fb9243a55bdc5501f39408dc214e6f91e61eaa4a0e|0xfba2c4592d32a4e2e6393b8898f9110b4e272983f4bd416b38f81672a17fe3dc,ABSENT_NO_HOOK_ADDRESS,True,,True,UNMATCHABLE
0xb28c622cd4498216dad5d3f0ae02257ddd3a2427f8c09ec77d9e50e5a1f9b376,2481,2481,52334980,2026-10-08T11:35:07Z,B,"log-reconstructed (no native legs, no ext payouts); not trace-checked",MISSING,0.029685,0_to_lt1,3,0xa158f17456688662960aa599c762f3772bc838f124a9b8d9cf77ca52e21c1696|0xeee714a165308eb97efa05fb9243a55bdc5501f39408dc214e6f91e61eaa4a0e|0xfba2c4592d32a4e2e6393b8898f9110b4e272983f4bd416b38f81672a17fe3dc,ABSENT_NO_HOOK_ADDRESS,True,,True,UNMATCHABLE
0xa7ba6dbf0ffebfb5217cf7f8a925ddcbb18cf974b4f17111a1232a6f53fe654b,2482,2482,52334992,2026-10-08T11:35:31Z,B,"log-reconstructed (no native legs, no ext payouts); not trace-checked",MISSING,0.00295,0_to_lt1,2,0x76d0ea20730aa1128a82728a1729e079ad64ade74b6e093f7b33e5615bfa708d|0xa158f17456688662960aa599c762f3772bc838f124a9b8d9cf77ca52e21c1696,ABSENT_NO_HOOK_ADDRESS,True,,True,UNMATCHABLE
0x55f8d4136520f440916aca2bc6ed8b8ac69e354c2c07bc75c7bcf0bbe78d7f3d,2484,2484,52335015,2026-10-08T11:36:17Z,A,trace-verified native flows; all legs priced,INFERRED,0.420556,0_to_lt1,3,0x7681c00520c26da8d8970c21a65461c726f274068eb08743debc1178e697044e|0xdd82c36e8e570dcac53f6c18033ede5ededc7b91dc4fafc09a6281f2669c43e2|0xeee714a165308eb97efa05fb9243a55bdc5501f39408dc214e6f91e61eaa4a0e,ABSENT_NO_HOOK_ADDRESS,True,UniswapV3,True,PARTIAL_POOL_UNSUPPORTED_VENUE
0x4c4031a7e68d990b79cd0a650c6d0032b4e32bfba81e5a432974ef8e76fe1842,2485,2485,52335015,2026-10-08T11:36:17Z,B,"log-reconstructed (no native legs, no ext payouts); not trace-checked",MISSING,0.006392,0_to_lt1,2,0x76d0ea20730aa1128a82728a1729e079ad64ade74b6e093f7b33e5615bfa708d|0xdd82c36e8e570dcac53f6c18033ede5ededc7b91dc4fafc09a6281f2669c43e2,ABSENT_NO_HOOK_ADDRESS,True,,True,UNMATCHABLE
0xeb14aaf493ee893908826f4be10bee90189f6e7053765921d0a595a96b711cf0,2486,2486,52335020,2026-10-08T11:36:27Z,B,"log-reconstructed (no native legs, no ext payouts); not trace-checked",MISSING,0.002683,0_to_lt1,1,0xa158f17456688662960aa599c762f3772bc838f124a9b8d9cf77ca52e21c1696,ABSENT_NO_HOOK_ADDRESS,True,UniswapV3,True,UNMATCHED
0xa0b7e33e0511e6e36f8b2c14ba51b87ee7e4359d515f2889fb2c2db8f7a63180,2487,2487,52335020,2026-10-08T11:36:27Z,B,"log-reconstructed (no native legs, no ext payouts); not trace-checked",MISSING,0.132429,0_to_lt1,1,0xfba2c4592d32a4e2e6393b8898f9110b4e272983f4bd416b38f81672a17fe3dc,ABSENT_NO_HOOK_ADDRESS,True,UniswapV3,True,UNMATCHED
0x859658ea422fb4f34669562a02d9d8312ff03d9c7d863249375ca8f50a59f0d2,2489,2489,52335025,2026-10-08T11:36:37Z,A,trace-verified native flows; all legs priced,MISSING,28.768398,ge25,1,0xbc94a571767139984504676ec9347f57ca5f9ad10e917f235ef2c88fb1df79bf,ABSENT_NO_HOOK_ADDRESS,True,Aerodrome-Slipstream3|UniswapV3,True,UNMATCHED
0x7d9b0290ebde2af7077f266ef69a79ff07b209e3c92fe09276a0a02bb09b7d7e,2490,2490,52335031,2026-10-08T11:36:49Z,A,trace-verified native flows; all legs priced,INFERRED,0.301182,0_to_lt1,1,0x5027d7d84cde96c3ec944d854e914a557491440f61a03148caac1fd2835ec403,ABSENT_NO_HOOK_ADDRESS,True,UniswapV2,True,UNMATCHED
0x844fe88a47af6734268dc2b061658a15e1163d6f4dc105e71ca8563fc2fbf568,2491,2491,52335044,2026-10-08T11:37:15Z,B,"log-reconstructed (no native legs, no ext payouts); not trace-checked",MISSING,0.00288,0_to_lt1,2,0x76d0ea20730aa1128a82728a1729e079ad64ade74b6e093f7b33e5615bfa708d|0xdd82c36e8e570dcac53f6c18033ede5ededc7b91dc4fafc09a6281f2669c43e2,ABSENT_NO_HOOK_ADDRESS,True,,True,UNMATCHABLE
0x101fae88db682539f6f337aa9a4e9b2314c738249b5f9da58d75c26bef67399b,2492,2492,52335047,2026-10-08T11:37:21Z,D,cyclic_v4_unresolved,MISSING,,kept_null,1,0x893d654ad170fe1c68ac919814423d1e795d780c841b9aa4e8df2cdef79bc635,ABSENT_NO_HOOK_ADDRESS,True,Aerodrome-Slipstream3,True,UNMATCHED
0x1e414a17354dc9f3e5d8ae1e6f6a12fc2a02384ebf2fe69187f6b9683742006c,2493,2493,52335047,2026-10-08T11:37:21Z,D,cyclic_v4_unresolved,MISSING,,kept_null,1,0x893d654ad170fe1c68ac919814423d1e795d780c841b9aa4e8df2cdef79bc635,ABSENT_NO_HOOK_ADDRESS,True,Aerodrome-Slipstream3,True,UNMATCHED
0x6d2d36be649cf4b9f5e1b6cdc09d1c3c599a3f9729a0d81651bb2fee35e7c59e,2494,2494,52335047,2026-10-08T11:37:21Z,D,cyclic_v4_unresolved,INFERRED,,kept_null,1,0x893d654ad170fe1c68ac919814423d1e795d780c841b9aa4e8df2cdef79bc635,ABSENT_NO_HOOK_ADDRESS,True,Aerodrome-Slipstream3|UniswapV3,True,UNMATCHED
0x66ba54bf65121aac1eebd71913aae55d94df5dcf6b23c5b18505794928f07875,2495,2495,52335047,2026-10-08T11:37:21Z,D,cyclic_v4_unresolved,MISSING,,kept_null,3,0x893d654ad170fe1c68ac919814423d1e795d780c841b9aa4e8df2cdef79bc635|0x96d4b53a38337a5733179751781178a2613306063c511b78cd02684739288c0a|0xb84a41d61d1742294ac331ab664d31bfdb7fd95787d4e2d8e7d8f9c2e3c4fe34,ABSENT_NO_HOOK_ADDRESS,True,,True,UNMATCHABLE
0xe73f3e21fb5c48039bb210394f291752b1d88daea9297840d8b6cb91e2146d88,2496,2496,52335047,2026-10-08T11:37:21Z,D,cyclic_v4_unresolved,MISSING,,kept_null,1,0x893d654ad170fe1c68ac919814423d1e795d780c841b9aa4e8df2cdef79bc635,ABSENT_NO_HOOK_ADDRESS,True,Aerodrome-Slipstream3|PancakeV3,True,UNMATCHED
0x9a901e57c2d5b7aef3fe60d650196984b710cb2bd92f66a76dd1902e359f9960,2497,2497,52335049,2026-10-08T11:37:25Z,B,"log-reconstructed (no native legs, no ext payouts); not trace-checked",INFERRED,0.040358,0_to_lt1,1,0x76d0ea20730aa1128a82728a1729e079ad64ade74b6e093f7b33e5615bfa708d,ABSENT_NO_HOOK_ADDRESS,True,UniswapV3,True,UNMATCHED
0x30c736ea0b7232467dd83a8b0a3af289f262477fa28bde297ab174163a21c96c,2498,2498,52335056,2026-10-08T11:37:39Z,A,trace-verified native flows; all legs priced,INFERRED,0.165209,0_to_lt1,2,0x76d0ea20730aa1128a82728a1729e079ad64ade74b6e093f7b33e5615bfa708d|0xdd82c36e8e570dcac53f6c18033ede5ededc7b91dc4fafc09a6281f2669c43e2,ABSENT_NO_HOOK_ADDRESS,True,UniswapV3,True,PARTIAL_POOL_UNSUPPORTED_VENUE
0x3d490f1e412ec376b802aa3c3ac832a668a7700616ce944ecec0457986a47a93,2499,2499,52335061,2026-10-08T11:37:49Z,B,"log-reconstructed (no native legs, no ext payouts); not trace-checked",MISSING,0.003566,0_to_lt1,2,0x76d0ea20730aa1128a82728a1729e079ad64ade74b6e093f7b33e5615bfa708d|0xdd82c36e8e570dcac53f6c18033ede5ededc7b91dc4fafc09a6281f2669c43e2,ABSENT_NO_HOOK_ADDRESS,True,,True,UNMATCHABLE
0xe4c11cbc9989d65e971de1a3b398e8c3c354f25bbbdba62d26933352b39e0580,2500,2500,52335073,2026-10-08T11:38:13Z,B,"log-reconstructed (no native legs, no ext payouts); not trace-checked",INFERRED,0.029517,0_to_lt1,1,0xa158f17456688662960aa599c762f3772bc838f124a9b8d9cf77ca52e21c1696,ABSENT_NO_HOOK_ADDRESS,True,UniswapV3,True,UNMATCHED
0x7cff9800240b7f1e1f26c4ec3a25994acc3dd010133fc28fe61ea42553516538,2501,2501,52335076,2026-10-08T11:38:19Z,B,"log-reconstructed (no native legs, no ext payouts); not trace-checked",MISSING,0.404982,0_to_lt1,1,0xbc94a571767139984504676ec9347f57ca5f9ad10e917f235ef2c88fb1df79bf,ABSENT_NO_HOOK_ADDRESS,True,Aerodrome-Slipstream3|UniswapV3,True,UNMATCHED
0xb560d9722f2363cb2f30746c5915f0824099f125dc2d763e67c1a9d1518c4fb8,2502,2502,52335076,2026-10-08T11:38:19Z,D,cyclic_v4_unresolved,MISSING,,kept_null,1,0x893d654ad170fe1c68ac919814423d1e795d780c841b9aa4e8df2cdef79bc635,ABSENT_NO_HOOK_ADDRESS,True,Aerodrome-Slipstream3,True,UNMATCHED
0x92547daeb333407421f2323be22735d6df304df261cc0350c22850db4372d5af,2503,2503,52335080,2026-10-08T11:38:27Z,B,"log-reconstructed (no native legs, no ext payouts); not trace-checked",MISSING,0.003375,0_to_lt1,2,0x76d0ea20730aa1128a82728a1729e079ad64ade74b6e093f7b33e5615bfa708d|0xa158f17456688662960aa599c762f3772bc838f124a9b8d9cf77ca52e21c1696,ABSENT_NO_HOOK_ADDRESS,True,,True,UNMATCHABLE
0x823ae7d26afe70b990e3a92d7828893ce375f9de95a505260f85e9d1b58cccdd,2504,2504,52335082,2026-10-08T11:38:31Z,A,trace-verified native flows; all legs priced,MISSING,7.309898,1_to_lt25,1,0xbc94a571767139984504676ec9347f57ca5f9ad10e917f235ef2c88fb1df79bf,ABSENT_NO_HOOK_ADDRESS,True,UniswapV3,True,UNMATCHED
0xbbc1698822e760b879d0cc2bf72b8c39885889d31bd08d522d5da4aaf8d2d793,2505,2505,52335085,2026-10-08T11:38:37Z,B,"log-reconstructed (no native legs, no ext payouts); not trace-checked",MISSING,0.001967,0_to_lt1,2,0x76d0ea20730aa1128a82728a1729e079ad64ade74b6e093f7b33e5615bfa708d|0xa158f17456688662960aa599c762f3772bc838f124a9b8d9cf77ca52e21c1696,ABSENT_NO_HOOK_ADDRESS,True,,True,UNMATCHABLE
0xa2144482474763a9aba56b76dc928e9993e8e1c981f55fcbf1bda8fadb8ab295,2506,2506,52335087,2026-10-08T11:38:41Z,B,"log-reconstructed (no native legs, no ext payouts); not trace-checked",MISSING,0.111502,0_to_lt1,2,0x76d0ea20730aa1128a82728a1729e079ad64ade74b6e093f7b33e5615bfa708d|0xa158f17456688662960aa599c762f3772bc838f124a9b8d9cf77ca52e21c1696,ABSENT_NO_HOOK_ADDRESS,True,,True,UNMATCHABLE
0x28fe29a6175dd02c36b49d2c1b4a9b4eb5c4147386cc51ba5ee33c5b83644abd,2508,2508,52335095,2026-10-08T11:38:57Z,B,"log-reconstructed (no native legs, no ext payouts); not trace-checked",MISSING,0.486,0_to_lt1,1,0xbc94a571767139984504676ec9347f57ca5f9ad10e917f235ef2c88fb1df79bf,ABSENT_NO_HOOK_ADDRESS,True,UniswapV3,True,UNMATCHED
0x1a7fc8dfe78e7d507e04256323759ccfa535dc9382f0526154a40e939fab41e5,2509,2509,52335095,2026-10-08T11:38:57Z,B,"log-reconstructed (no native legs, no ext payouts); not trace-checked",MISSING,0.074501,0_to_lt1,1,0xbc94a571767139984504676ec9347f57ca5f9ad10e917f235ef2c88fb1df79bf,ABSENT_NO_HOOK_ADDRESS,True,Aerodrome-Slipstream3|UniswapV3,True,UNMATCHED
0x088489debb7cb68e3c18aedbc8611ffc7326b7ba03fda72d62dd3582c990ae65,2510,2510,52335096,2026-10-08T11:38:59Z,B,"log-reconstructed (no native legs, no ext payouts); not trace-checked",MISSING,0.16667,0_to_lt1,1,0xdd82c36e8e570dcac53f6c18033ede5ededc7b91dc4fafc09a6281f2669c43e2,ABSENT_NO_HOOK_ADDRESS,True,UniswapV3,True,UNMATCHED
0x44a0fe03d7c8f34665375671a95ae8bffa5a8812403c485e9142dad2ef02f85d,2511,2511,52335100,2026-10-08T11:39:07Z,B,"log-reconstructed (no native legs, no ext payouts); not trace-checked",MISSING,0.112063,0_to_lt1,1,0xfba2c4592d32a4e2e6393b8898f9110b4e272983f4bd416b38f81672a17fe3dc,ABSENT_NO_HOOK_ADDRESS,True,UniswapV3,True,UNMATCHED
0x59fa30449123bc7e0d187014098aa937dc4f516435b2fb68368b7acb61810a42,2512,2512,52335102,2026-10-08T11:39:11Z,A,trace-verified native flows; all legs priced,MISSING,0.004254,0_to_lt1,1,0xdd82c36e8e570dcac53f6c18033ede5ededc7b91dc4fafc09a6281f2669c43e2,ABSENT_NO_HOOK_ADDRESS,True,UniswapV3,True,UNMATCHED
0xbb283c64ee2c048bf9e37df0cdef4a7450440e910e737e37ff40c061974c08cb,2513,2513,52335103,2026-10-08T11:39:13Z,B,"log-reconstructed (no native legs, no ext payouts); not trace-checked",MISSING,0.29074,0_to_lt1,1,0xdd82c36e8e570dcac53f6c18033ede5ededc7b91dc4fafc09a6281f2669c43e2,ABSENT_NO_HOOK_ADDRESS,True,UniswapV3,True,UNMATCHED
0x4a6088c1e600815739dda0f7a04d65a997bbfe85641bf4f49d67984804e0f60a,2514,2514,52335107,2026-10-08T11:39:21Z,B,"log-reconstructed (no native legs, no ext payouts); not trace-checked",MISSING,0.253785,0_to_lt1,1,0xa158f17456688662960aa599c762f3772bc838f124a9b8d9cf77ca52e21c1696,ABSENT_NO_HOOK_ADDRESS,True,UniswapV3,True,UNMATCHED
0xaec9c9325d054d6693dddb3d7791c63ebe0992a13a334aa4ace6d49d041f9aa1,2516,2516,52335117,2026-10-08T11:39:41Z,B,"log-reconstructed (no native legs, no ext payouts); not trace-checked",MISSING,0.018726,0_to_lt1,1,0xdd82c36e8e570dcac53f6c18033ede5ededc7b91dc4fafc09a6281f2669c43e2,ABSENT_NO_HOOK_ADDRESS,True,UniswapV3|V3-type@0x70fe4a44,True,UNMATCHED
0xfa796face7f02b8bf7b242db5436e1af33299eadd5d53ec71c10f15826563b9d,2517,2517,52335121,2026-10-08T11:39:49Z,B,"log-reconstructed (no native legs, no ext payouts); not trace-checked",INFERRED,0.108622,0_to_lt1,1,0xfba2c4592d32a4e2e6393b8898f9110b4e272983f4bd416b38f81672a17fe3dc,ABSENT_NO_HOOK_ADDRESS,True,UniswapV3,True,UNMATCHED
0xba06cfabd51172a50677f762b3a9db758a193caf687227768adcb426178c494c,2518,2518,52335121,2026-10-08T11:39:49Z,B,"log-reconstructed (no native legs, no ext payouts); not trace-checked",MISSING,0.007276,0_to_lt1,1,0xdd82c36e8e570dcac53f6c18033ede5ededc7b91dc4fafc09a6281f2669c43e2,ABSENT_NO_HOOK_ADDRESS,True,UniswapV3|V3-type@0x70fe4a44,True,UNMATCHED
0x9d880df8ed43e17c8d0d122a16552e7d841155c608fadbeaefaba3e96b39f125,2519,2519,52335121,2026-10-08T11:39:49Z,A,trace-verified native flows; all legs priced,INFERRED,1.273066,1_to_lt25,1,0xbc94a571767139984504676ec9347f57ca5f9ad10e917f235ef2c88fb1df79bf,ABSENT_NO_HOOK_ADDRESS,True,Aerodrome-Slipstream3|UniswapV3,True,PARTIAL_POOL_SET
0x423ef21d6f07f8d7a7478eb39ba17a1de16438d1db5a80118d95362777838e73,2520,2520,52335122,2026-10-08T11:39:51Z,B,"log-reconstructed (no native legs, no ext payouts); not trace-checked",MISSING,0.059733,0_to_lt1,1,0xa158f17456688662960aa599c762f3772bc838f124a9b8d9cf77ca52e21c1696,ABSENT_NO_HOOK_ADDRESS,True,UniswapV3,True,UNMATCHED
0x4f4096ed09abc8003b0b7fa66387e46624ccda1125ea08a0c2e848ac38f53476,2521,2521,52335126,2026-10-08T11:39:59Z,B,"log-reconstructed (no native legs, no ext payouts); not trace-checked",MISSING,0.002693,0_to_lt1,1,0xdd82c36e8e570dcac53f6c18033ede5ededc7b91dc4fafc09a6281f2669c43e2,ABSENT_NO_HOOK_ADDRESS,True,UniswapV3,True,UNMATCHED
0xc748bd77390a2397b3aa1324623384e8e6b3ff02f221e5734e74adb28d707d92,2522,2522,52335134,2026-10-08T11:40:15Z,B,"log-reconstructed (no native legs, no ext payouts); not trace-checked",MISSING,0.003826,0_to_lt1,2,0xa158f17456688662960aa599c762f3772bc838f124a9b8d9cf77ca52e21c1696|0xdd82c36e8e570dcac53f6c18033ede5ededc7b91dc4fafc09a6281f2669c43e2,ABSENT_NO_HOOK_ADDRESS,True,,True,UNMATCHABLE
0x0ff5abb4e94d8da3f2f1db1945a8ee4701d452dc45eb72070610f70b787e2a39,2524,2524,52335137,2026-10-08T11:40:21Z,B,"log-reconstructed (no native legs, no ext payouts); not trace-checked",MISSING,0.018488,0_to_lt1,2,0xdd82c36e8e570dcac53f6c18033ede5ededc7b91dc4fafc09a6281f2669c43e2|0xfba2c4592d32a4e2e6393b8898f9110b4e272983f4bd416b38f81672a17fe3dc,ABSENT_NO_HOOK_ADDRESS,True,UniswapV3,True,UNMATCHED
0xb8d5e519ec7726946f458de86613d0ee77e9efd599c4fa3b24463672ce133da8,2525,2525,52335148,2026-10-08T11:40:43Z,A,trace-verified native flows; all legs priced,INFERRED,1.777121,1_to_lt25,2,0x7681c00520c26da8d8970c21a65461c726f274068eb08743debc1178e697044e|0xeee714a165308eb97efa05fb9243a55bdc5501f39408dc214e6f91e61eaa4a0e,ABSENT_NO_HOOK_ADDRESS,True,UniswapV3,True,PARTIAL_POOL_SET
0x278df68a5fa59278711160ccd31e1735743cfe0bcfb518a7be4c58627a9a7e65,2526,2526,52335156,2026-10-08T11:40:59Z,B,"log-reconstructed (no native legs, no ext payouts); not trace-checked",INFERRED,0.085336,0_to_lt1,1,0xfba2c4592d32a4e2e6393b8898f9110b4e272983f4bd416b38f81672a17fe3dc,ABSENT_NO_HOOK_ADDRESS,True,UniswapV3,True,UNMATCHED
0x3ca946e24e96c95490bb041b0a8b6ddaae5db4ab4948781242b2b6df9bb780b7,2527,2527,52335168,2026-10-08T11:41:23Z,A,trace-verified native flows; all legs priced,MISSING,13.520578,1_to_lt25,1,0xbc94a571767139984504676ec9347f57ca5f9ad10e917f235ef2c88fb1df79bf,ABSENT_NO_HOOK_ADDRESS,True,UniswapV3,True,UNMATCHED
0xdfa96513e1ca7f4db06858190909a4a590017ecbbcfa8be1cd3e458ca9a03e5b,2529,2529,52335178,2026-10-08T11:41:43Z,A,trace-verified native flows; all legs priced,INFERRED,1.218072,1_to_lt25,1,0xeee714a165308eb97efa05fb9243a55bdc5501f39408dc214e6f91e61eaa4a0e,ABSENT_NO_HOOK_ADDRESS,True,Aerodrome-Slipstream|UniswapV3,True,PARTIAL_POOL_SET
0x45db7a8e93d9e6736a1121d718bda645a1afd9688e99c39921e8a9d6645836e3,2531,2531,52335184,2026-10-08T11:41:55Z,A,trace-verified native flows; all legs priced,INFERRED,0.163739,0_to_lt1,2,0x7681c00520c26da8d8970c21a65461c726f274068eb08743debc1178e697044e|0xeee714a165308eb97efa05fb9243a55bdc5501f39408dc214e6f91e61eaa4a0e,ABSENT_NO_HOOK_ADDRESS,True,UniswapV3,True,PARTIAL_POOL_SET
0x8552508e12e60f0141e1c213aea0d19a73aeb958c8cbd42d2887e5d2a979e023,2532,2532,52335204,2026-10-08T11:42:35Z,B,"log-reconstructed (no native legs, no ext payouts); not trace-checked",MISSING,0.011391,0_to_lt1,2,0xeee714a165308eb97efa05fb9243a55bdc5501f39408dc214e6f91e61eaa4a0e|0xfba2c4592d32a4e2e6393b8898f9110b4e272983f4bd416b38f81672a17fe3dc,ABSENT_NO_HOOK_ADDRESS,True,UniswapV3,True,UNMATCHED
0x04fac26fa716c8af92922ff578fa0710e52d44dc0a866db6f06b296f20fb7769,2533,2533,52335208,2026-10-08T11:42:43Z,B,"log-reconstructed (no native legs, no ext payouts); not trace-checked",MISSING,0.450554,0_to_lt1,1,0xfba2c4592d32a4e2e6393b8898f9110b4e272983f4bd416b38f81672a17fe3dc,ABSENT_NO_HOOK_ADDRESS,True,UniswapV3,True,UNMATCHED
0x02f839f0345a2ef471595f54856f6f88c27f835fad5cc1d700acc11f79614e3f,2534,2534,52335218,2026-10-08T11:43:03Z,B,"log-reconstructed (no native legs, no ext payouts); not trace-checked",MISSING,0.005111,0_to_lt1,2,0xeee714a165308eb97efa05fb9243a55bdc5501f39408dc214e6f91e61eaa4a0e|0xfba2c4592d32a4e2e6393b8898f9110b4e272983f4bd416b38f81672a17fe3dc,ABSENT_NO_HOOK_ADDRESS,True,UniswapV3,True,UNMATCHED
0x978ad6eefbc5ca3a764883d3c7096fb992e9af04e7efd8ac4b94503de6cc4416,2535,2535,52335226,2026-10-08T11:43:19Z,A,trace-verified native flows; all legs priced,MISSING,49.959449,ge25,1,0xbc94a571767139984504676ec9347f57ca5f9ad10e917f235ef2c88fb1df79bf,ABSENT_NO_HOOK_ADDRESS,True,UniswapV3,True,UNMATCHED
0xa732a303bfbb1b624ee8c26bf7beb9de3deadafd6a2265d5d4ac1e12683c8bf7,2536,2536,52335226,2026-10-08T11:43:19Z,A,trace-verified native flows; all legs priced,MISSING,6.853166,1_to_lt25,1,0xbc94a571767139984504676ec9347f57ca5f9ad10e917f235ef2c88fb1df79bf,ABSENT_NO_HOOK_ADDRESS,True,UniswapV3,True,UNMATCHED
0x261fca60c409e0ab154d830b60c10dcc39b9c61bb4c9b3ebf99514d7fa745254,2537,2537,52335226,2026-10-08T11:43:19Z,B,"log-reconstructed (no native legs, no ext payouts); not trace-checked",INFERRED,2.287072,1_to_lt25,1,0xbc94a571767139984504676ec9347f57ca5f9ad10e917f235ef2c88fb1df79bf,ABSENT_NO_HOOK_ADDRESS,True,Aerodrome-Slipstream3|UniswapV3,True,UNMATCHED
0x92f983a28bbe8545b8dee7cc2c5ecffd3386c0db4b34c8f36ae7fb0907016543,2538,2538,52335232,2026-10-08T11:43:31Z,B,"log-reconstructed (no native legs, no ext payouts); not trace-checked",MISSING,0.00397,0_to_lt1,1,0x7681c00520c26da8d8970c21a65461c726f274068eb08743debc1178e697044e,ABSENT_NO_HOOK_ADDRESS,True,UniswapV3,True,UNMATCHED
0x6845cc9720f2426e64a50fd48880c9e3c7cefa4f14f63cefc5d127d7ad86fe53,2540,2540,52335232,2026-10-08T11:43:31Z,B,"log-reconstructed (no native legs, no ext payouts); not trace-checked",MISSING,0.067262,0_to_lt1,1,0xfba2c4592d32a4e2e6393b8898f9110b4e272983f4bd416b38f81672a17fe3dc,ABSENT_NO_HOOK_ADDRESS,True,UniswapV3,True,UNMATCHED
0xa4fb38bc27016c090b0740f32f385f65f4c0094565cfd54351edb3e35e34e4fe,2543,2543,52335235,2026-10-08T11:43:37Z,B,"log-reconstructed (no native legs, no ext payouts); not trace-checked",MISSING,0.160221,0_to_lt1,1,0xf13203ddbf2c9816a79b656a1a952521702715d92fea465b84ae2ed6e94a7f22,ABSENT_NO_HOOK_ADDRESS,True,UniswapV3,True,UNMATCHED
0xccbdbe130fdc113e61e8e1bb4cd38e2021662718975d3edef01ae5169b5f0be2,2544,2544,52335235,2026-10-08T11:43:37Z,B,"log-reconstructed (no native legs, no ext payouts); not trace-checked",INFERRED,0.185806,0_to_lt1,1,0xfba2c4592d32a4e2e6393b8898f9110b4e272983f4bd416b38f81672a17fe3dc,ABSENT_NO_HOOK_ADDRESS,True,UniswapV3,True,UNMATCHED
0x5646059babefbbfe9b24b62b1a3081018d8d9c1536fe7f92645e410362aa605b,2545,2545,52335235,2026-10-08T11:43:37Z,B,"log-reconstructed (no native legs, no ext payouts); not trace-checked",MISSING,0.168607,0_to_lt1,1,0x49fff8ec544984d862c0c322c83bc0cfb7a9a953a7d4d4d352a2aff27f7602cf,ABSENT_NO_HOOK_ADDRESS,True,UniswapV3,True,UNMATCHED
0x693890581d2e8face5ed1556268acfee446ee985b58d32d3b2de028484763ab1,2546,2546,52335236,2026-10-08T11:43:39Z,A,trace-verified native flows; all legs priced,INFERRED,0.363381,0_to_lt1,1,0xa158f17456688662960aa599c762f3772bc838f124a9b8d9cf77ca52e21c1696,ABSENT_NO_HOOK_ADDRESS,True,UniswapV3,True,PARTIAL_POOL_SET
0x077890dde8f0fced658703fa28e91048bcc70754cc72d8f3d27a6de58779a3bf,2548,2548,52335240,2026-10-08T11:43:47Z,B,"log-reconstructed (no native legs, no ext payouts); not trace-checked",MISSING,0.265551,0_to_lt1,1,0xf13203ddbf2c9816a79b656a1a952521702715d92fea465b84ae2ed6e94a7f22,ABSENT_NO_HOOK_ADDRESS,True,UniswapV3,True,UNMATCHED
0x157117e201eb9d17886b2a8b8ba2fcb482957eb5b15af774a82a980bee65a386,2549,2549,52335242,2026-10-08T11:43:51Z,B,"log-reconstructed (no native legs, no ext payouts); not trace-checked",MISSING,0.002208,0_to_lt1,1,0xa158f17456688662960aa599c762f3772bc838f124a9b8d9cf77ca52e21c1696,ABSENT_NO_HOOK_ADDRESS,True,UniswapV3,True,UNMATCHED
0x5fa3d8c7e3f5def0d065cc6cd5720f78ac392afac5a75760f9d06e990d252b46,2552,2552,52335251,2026-10-08T11:44:09Z,B,"log-reconstructed (no native legs, no ext payouts); not trace-checked",MISSING,0.013714,0_to_lt1,2,0x49fff8ec544984d862c0c322c83bc0cfb7a9a953a7d4d4d352a2aff27f7602cf|0xeee714a165308eb97efa05fb9243a55bdc5501f39408dc214e6f91e61eaa4a0e,ABSENT_NO_HOOK_ADDRESS,True,UniswapV3,True,UNMATCHED
0x4ddce047ab11672629c750b9534f9d673924def8ec818b5fdc5b7becd8854552,2553,2553,52335252,2026-10-08T11:44:11Z,A,trace-verified native flows; all legs priced,INFERRED,2.207991,1_to_lt25,1,0xbc94a571767139984504676ec9347f57ca5f9ad10e917f235ef2c88fb1df79bf,ABSENT_NO_HOOK_ADDRESS,True,Aerodrome-Slipstream3|UniswapV3,True,PARTIAL_POOL_SET
0x60d8d1af4a145ec5403b233ac6c935209e5fe8db64d3c2c6596b8939cb8fbaeb,2554,2554,52335256,2026-10-08T11:44:19Z,A,trace-verified native flows; all legs priced,INFERRED,0.302389,0_to_lt1,2,0xeee714a165308eb97efa05fb9243a55bdc5501f39408dc214e6f91e61eaa4a0e|0xfba2c4592d32a4e2e6393b8898f9110b4e272983f4bd416b38f81672a17fe3dc,ABSENT_NO_HOOK_ADDRESS,True,UniswapV3,True,PARTIAL_POOL_SET
0x775a562412ba676ec435f28f86f882f2e1641808665d361dda116b6f9db5c5e9,2555,2555,52335256,2026-10-08T11:44:19Z,A,trace-verified native flows; all legs priced,MISSING,1.083528,1_to_lt25,1,0xfba2c4592d32a4e2e6393b8898f9110b4e272983f4bd416b38f81672a17fe3dc,ABSENT_NO_HOOK_ADDRESS,True,UniswapV3,True,UNMATCHED
0x3009739b153161e68ec4bb2677bc73ee1dd49e40c8d61d160a03338e9603986a,2556,2556,52335257,2026-10-08T11:44:21Z,A,trace-verified native flows; all legs priced,MISSING,1.06055,1_to_lt25,1,0xfba2c4592d32a4e2e6393b8898f9110b4e272983f4bd416b38f81672a17fe3dc,ABSENT_NO_HOOK_ADDRESS,True,UniswapV3,True,UNMATCHED
0xa38d1e9603c432421d0acb52a2fd6d458d52df323c24d23701dee5d2c9ff7ba8,2557,2557,52335257,2026-10-08T11:44:21Z,A,trace-verified native flows; all legs priced,INFERRED,1.533156,1_to_lt25,1,0x49fff8ec544984d862c0c322c83bc0cfb7a9a953a7d4d4d352a2aff27f7602cf,ABSENT_NO_HOOK_ADDRESS,True,Aerodrome-Slipstream3|UniswapV3,True,PARTIAL_POOL_SET
0xa03f2b048e2f45ebe97e26fed429f64de914ee7da59982bd67e3b90bde7cfdc1,2558,2558,52335257,2026-10-08T11:44:21Z,A,trace-verified native flows; all legs priced,INFERRED,1.819346,1_to_lt25,1,0x49fff8ec544984d862c0c322c83bc0cfb7a9a953a7d4d4d352a2aff27f7602cf,ABSENT_NO_HOOK_ADDRESS,True,Aerodrome-Slipstream3|UniswapV3,True,PARTIAL_POOL_SET
0x863584a3dab11be636b66e6fa60c7fc4e243697b57676e576798ca3d7178b605,2561,2561,52335264,2026-10-08T11:44:35Z,B,"log-reconstructed (no native legs, no ext payouts); not trace-checked",INFERRED,0.285845,0_to_lt1,1,0xf13203ddbf2c9816a79b656a1a952521702715d92fea465b84ae2ed6e94a7f22,ABSENT_NO_HOOK_ADDRESS,True,UniswapV3,True,UNMATCHED
0x1399930373796dd4d6a45a9a37d93a8592632c94b4230e5962a03a3b3c832d24,2562,2562,52335267,2026-10-08T11:44:41Z,B,"log-reconstructed (no native legs, no ext payouts); not trace-checked",MISSING,0.648784,0_to_lt1,1,0xfba2c4592d32a4e2e6393b8898f9110b4e272983f4bd416b38f81672a17fe3dc,ABSENT_NO_HOOK_ADDRESS,True,UniswapV3,True,UNMATCHED
0x31769872319b6137443237ba7f57e27c03dbdaf7c471ac279f7a885f5cd35c77,2563,2563,52335268,2026-10-08T11:44:43Z,A,trace-verified native flows; all legs priced,INFERRED,0.293602,0_to_lt1,1,0xf13203ddbf2c9816a79b656a1a952521702715d92fea465b84ae2ed6e94a7f22,ABSENT_NO_HOOK_ADDRESS,True,UniswapV3,True,PARTIAL_POOL_SET
0xd5f5bae646c1e11493865b90e7430379c5bc7a51585ebf91e3acd5a8c002c6b3,2564,2564,52335269,2026-10-08T11:44:45Z,A,trace-verified native flows; all legs priced,INFERRED,0.171923,0_to_lt1,1,0x76d0ea20730aa1128a82728a1729e079ad64ade74b6e093f7b33e5615bfa708d,ABSENT_NO_HOOK_ADDRESS,True,UniswapV3,True,PARTIAL_POOL_SET
0x865d483df00a03c4df8804caa2c4971bf7883423fc38a35a23c16d4d87e36a88,2566,2566,52335271,2026-10-08T11:44:49Z,B,"log-reconstructed (no native legs, no ext payouts); not trace-checked",INFERRED,0.131366,0_to_lt1,1,0xfba2c4592d32a4e2e6393b8898f9110b4e272983f4bd416b38f81672a17fe3dc,ABSENT_NO_HOOK_ADDRESS,True,UniswapV3,True,UNMATCHED
0x66bda783b6f3dca5e26e85ffcf0cc0b54d03deaf34a673eb64aa183935d958e7,2567,2567,52335271,2026-10-08T11:44:49Z,B,"log-reconstructed (no native legs, no ext payouts); not trace-checked",MISSING,0.00803,0_to_lt1,2,0x76d0ea20730aa1128a82728a1729e079ad64ade74b6e093f7b33e5615bfa708d|0xa158f17456688662960aa599c762f3772bc838f124a9b8d9cf77ca52e21c1696,ABSENT_NO_HOOK_ADDRESS,True,,True,UNMATCHABLE
0x87d39a4f584138d0634cfb13dd047bca6126d4112ec11830afa84023da680c58,2568,2568,52335271,2026-10-08T11:44:49Z,B,"log-reconstructed (no native legs, no ext payouts); not trace-checked",MISSING,0.003287,0_to_lt1,2,0x76d0ea20730aa1128a82728a1729e079ad64ade74b6e093f7b33e5615bfa708d|0xa158f17456688662960aa599c762f3772bc838f124a9b8d9cf77ca52e21c1696,ABSENT_NO_HOOK_ADDRESS,True,,True,UNMATCHABLE
0x72b51fb3be96592409631ff1de22037e049f9d7a3f9da0635cb184048db47efd,2569,2569,52335271,2026-10-08T11:44:49Z,B,"log-reconstructed (no native legs, no ext payouts); not trace-checked",MISSING,0.098741,0_to_lt1,1,0xf13203ddbf2c9816a79b656a1a952521702715d92fea465b84ae2ed6e94a7f22,ABSENT_NO_HOOK_ADDRESS,True,UniswapV3,True,UNMATCHED
0xca9a1466167492c5a8371fed791fc4ebbd084fe644eed45c4c07478719b7f2e2,2570,2570,52335274,2026-10-08T11:44:55Z,A,trace-verified native flows; all legs priced,INFERRED,0.242834,0_to_lt1,1,0x7681c00520c26da8d8970c21a65461c726f274068eb08743debc1178e697044e,ABSENT_NO_HOOK_ADDRESS,True,UniswapV3,True,PARTIAL_POOL_SET
0xaead5a3ea3ab1332864ed57a96ab36f1822cf75749c5985b8359eb00bcc577aa,2572,2572,52335274,2026-10-08T11:44:55Z,A,trace-verified native flows; all legs priced,INFERRED,0.195883,0_to_lt1,1,0x7681c00520c26da8d8970c21a65461c726f274068eb08743debc1178e697044e,ABSENT_NO_HOOK_ADDRESS,True,UniswapV3,True,PARTIAL_POOL_SET
0xb82e5a42c2c5902873bd6f9c8f6e84631bca63290f72bfdb9bdfeae2db7df5bc,2573,2573,52335275,2026-10-08T11:44:57Z,A,trace-verified native flows; all legs priced,INFERRED,0.208557,0_to_lt1,2,0x76d0ea20730aa1128a82728a1729e079ad64ade74b6e093f7b33e5615bfa708d|0xa158f17456688662960aa599c762f3772bc838f124a9b8d9cf77ca52e21c1696,ABSENT_NO_HOOK_ADDRESS,True,UniswapV3,True,PARTIAL_POOL_UNSUPPORTED_VENUE
0x0546095275f2702f28bb95fba7dec85b69a78c00266a9c3be4b7fb61f0da0e9d,2574,2574,52335278,2026-10-08T11:45:03Z,A,trace-verified native flows; all legs priced,INFERRED,0.850329,0_to_lt1,1,0x7681c00520c26da8d8970c21a65461c726f274068eb08743debc1178e697044e,ABSENT_NO_HOOK_ADDRESS,True,UniswapV3,True,PARTIAL_POOL_SET
0x78ecce3c6e1ddae4a77012f7937ba511abaf4c135982c2f81196b29d5611aabb,2575,2575,52335278,2026-10-08T11:45:03Z,A,trace-verified native flows; all legs priced,INFERRED,0.345747,0_to_lt1,1,0x7681c00520c26da8d8970c21a65461c726f274068eb08743debc1178e697044e,ABSENT_NO_HOOK_ADDRESS,True,UniswapV3,True,PARTIAL_POOL_SET
0x07b2b5f53f788f45c8b1e69a0e704d0dd9f8040c53dbbe9d092bde3c839d9e35,2576,2576,52335278,2026-10-08T11:45:03Z,B,"log-reconstructed (no native legs, no ext payouts); not trace-checked",MISSING,0.227524,0_to_lt1,1,0xfba2c4592d32a4e2e6393b8898f9110b4e272983f4bd416b38f81672a17fe3dc,ABSENT_NO_HOOK_ADDRESS,True,UniswapV3,True,UNMATCHED
0x50dc1b25da9ea08612ae42cf31a858cddf213e9c66eba3b20d615d92b1e30588,2577,2577,52335279,2026-10-08T11:45:05Z,A,trace-verified native flows; all legs priced,INFERRED,0.208995,0_to_lt1,1,0x49fff8ec544984d862c0c322c83bc0cfb7a9a953a7d4d4d352a2aff27f7602cf,ABSENT_NO_HOOK_ADDRESS,True,UniswapV3,True,PARTIAL_POOL_SET
0x25c9426aee906b9fc6a2f27fa31373e066836fbdbcb57c3bcf4b7e13c76cb39c,2578,2578,52335282,2026-10-08T11:45:11Z,A,trace-verified native flows; all legs priced,MISSING,1.422097,1_to_lt25,1,0x7681c00520c26da8d8970c21a65461c726f274068eb08743debc1178e697044e,ABSENT_NO_HOOK_ADDRESS,True,UniswapV3,True,UNMATCHED
0x9c4b87e70eecaca2717a62b61bf128fa00205fbfce4e218ff0dff305ccc1acad,2579,2579,52335290,2026-10-08T11:45:27Z,A,trace-verified native flows; all legs priced,INFERRED,0.385645,0_to_lt1,2,0x7681c00520c26da8d8970c21a65461c726f274068eb08743debc1178e697044e|0x76d0ea20730aa1128a82728a1729e079ad64ade74b6e093f7b33e5615bfa708d,ABSENT_NO_HOOK_ADDRESS,True,UniswapV3,True,PARTIAL_POOL_SET
0x5f0eea8b3d5abd37b1711e82c97694ccd58ec5cfe7fbf30b932af1b2334253d1,2580,2580,52335290,2026-10-08T11:45:27Z,A,trace-verified native flows; all legs priced,INFERRED,0.985667,0_to_lt1,2,0x7681c00520c26da8d8970c21a65461c726f274068eb08743debc1178e697044e|0x76d0ea20730aa1128a82728a1729e079ad64ade74b6e093f7b33e5615bfa708d,ABSENT_NO_HOOK_ADDRESS,True,UniswapV3,True,PARTIAL_POOL_SET
0x950c8cb0b11b6b4900704a259e85f4f865452ec8b78c42a33e105177ebfd667f,2581,2581,52335290,2026-10-08T11:45:27Z,B,"log-reconstructed (no native legs, no ext payouts); not trace-checked",MISSING,0.184749,0_to_lt1,1,0x49fff8ec544984d862c0c322c83bc0cfb7a9a953a7d4d4d352a2aff27f7602cf,ABSENT_NO_HOOK_ADDRESS,True,UniswapV3,True,UNMATCHED
0x5f689784e45b4b64b758e85570decbadf567295c6d4b9ae3555a96caba1e208a,2582,2582,52335296,2026-10-08T11:45:39Z,A,trace-verified native flows; all legs priced,INFERRED,0.306631,0_to_lt1,1,0x7681c00520c26da8d8970c21a65461c726f274068eb08743debc1178e697044e,ABSENT_NO_HOOK_ADDRESS,True,UniswapV3,True,PARTIAL_POOL_SET
0xef44ea2c610f8f4509719bf0929a12462cee6fa8a817d01bfac89c3c1539bfac,2583,2583,52335296,2026-10-08T11:45:39Z,B,"log-reconstructed (no native legs, no ext payouts); not trace-checked",MISSING,0.673486,0_to_lt1,1,0xf13203ddbf2c9816a79b656a1a952521702715d92fea465b84ae2ed6e94a7f22,ABSENT_NO_HOOK_ADDRESS,True,UniswapV3,True,UNMATCHED
0xdfdf146d64c8e922bc4fedfbd3aa810fcba4b31c792f635a288ebd4e95452286,2584,2584,52335299,2026-10-08T11:45:45Z,A,trace-verified native flows; all legs priced,INFERRED,0.279633,0_to_lt1,2,0x7681c00520c26da8d8970c21a65461c726f274068eb08743debc1178e697044e|0x76d0ea20730aa1128a82728a1729e079ad64ade74b6e093f7b33e5615bfa708d,ABSENT_NO_HOOK_ADDRESS,True,UniswapV3,True,PARTIAL_POOL_SET
0xfbde8f8ef32b95e2e00cd7b54cdbd8f3f6453c2249cade0fd1fbd38a3e1e609d,2588,2588,52335310,2026-10-08T11:46:07Z,A,trace-verified native flows; all legs priced,INFERRED,0.093851,0_to_lt1,1,0x76d0ea20730aa1128a82728a1729e079ad64ade74b6e093f7b33e5615bfa708d,ABSENT_NO_HOOK_ADDRESS,True,UniswapV3,True,PARTIAL_POOL_SET
0x648a072c5c00033b3b87c9bda93318a5d74c9818b9ae04f2ae62d75ee0c3cda9,2589,2589,52335314,2026-10-08T11:46:15Z,A,trace-verified native flows; all legs priced,INFERRED,1.224671,1_to_lt25,1,0xbc94a571767139984504676ec9347f57ca5f9ad10e917f235ef2c88fb1df79bf,ABSENT_NO_HOOK_ADDRESS,True,Aerodrome-Slipstream3|UniswapV3,True,PARTIAL_POOL_SET
0x3d2e442c36edc4002a023a2aaabbdcd47fdcd223882934e00b05c4d3ee294d0d,2590,2590,52335320,2026-10-08T11:46:27Z,A,trace-verified native flows; all legs priced,INFERRED,1.033293,1_to_lt25,2,0x76d0ea20730aa1128a82728a1729e079ad64ade74b6e093f7b33e5615bfa708d|0xeee714a165308eb97efa05fb9243a55bdc5501f39408dc214e6f91e61eaa4a0e,ABSENT_NO_HOOK_ADDRESS,True,Aerodrome-Slipstream|UniswapV3,True,PARTIAL_POOL_SET
0x48eb57fa17b88e77e14ea3a63ef31dbcbe6d2588608cbb26cfe0020f0dad7427,2591,2591,52335320,2026-10-08T11:46:27Z,A,trace-verified native flows; all legs priced,MISSING,0.029152,0_to_lt1,2,0xeee714a165308eb97efa05fb9243a55bdc5501f39408dc214e6f91e61eaa4a0e|0xfba2c4592d32a4e2e6393b8898f9110b4e272983f4bd416b38f81672a17fe3dc,ABSENT_NO_HOOK_ADDRESS,True,UniswapV3,True,UNMATCHED
0x7d00e39e8cccc466c964df4f5d9732f04cfa4a7620b7978ca4fcdbf7b05638d3,2592,2592,52335326,2026-10-08T11:46:39Z,A,trace-verified native flows; all legs priced,INFERRED,0.335788,0_to_lt1,2,0x7681c00520c26da8d8970c21a65461c726f274068eb08743debc1178e697044e|0x76d0ea20730aa1128a82728a1729e079ad64ade74b6e093f7b33e5615bfa708d,ABSENT_NO_HOOK_ADDRESS,True,UniswapV3,True,PARTIAL_POOL_SET
0x194f15d317af9e8cae54d82a85c9053c98fa428e33e4305b2ba8312d519cc258,2593,2593,52335327,2026-10-08T11:46:41Z,B,"log-reconstructed (no native legs, no ext payouts); not trace-checked",MISSING,0.002649,0_to_lt1,1,0x76d0ea20730aa1128a82728a1729e079ad64ade74b6e093f7b33e5615bfa708d,ABSENT_NO_HOOK_ADDRESS,True,UniswapV3,True,UNMATCHED
0xe699aa5fc2736f0bdc56ccd932beac78b251da8e16ba8af517f8fb2d89e3bf83,2594,2594,52335328,2026-10-08T11:46:43Z,B,"log-reconstructed (no native legs, no ext payouts); not trace-checked",MISSING,0.00599,0_to_lt1,1,0x76d0ea20730aa1128a82728a1729e079ad64ade74b6e093f7b33e5615bfa708d,ABSENT_NO_HOOK_ADDRESS,True,UniswapV3,True,UNMATCHED
0x7410690e1cfd9003c9f337ab64bf68770fcfa84a327ec4ceccf0a1414d601d22,2598,2598,52335339,2026-10-08T11:47:05Z,B,"log-reconstructed (no native legs, no ext payouts); not trace-checked",MISSING,0.003531,0_to_lt1,1,0xaa038333c87906bbfb7490b7007b317b0cc76bfc50d3f59da6343467efecfbfc,ABSENT_NO_HOOK_ADDRESS,True,Aerodrome-Slipstream3,True,UNMATCHED
0xe29b9babb4ee8aeed2e363de9c8597444733eb6bac61295858a9860dac9f9d4a,2599,2599,52335343,2026-10-08T11:47:13Z,B,"log-reconstructed (no native legs, no ext payouts); not trace-checked",MISSING,0.075975,0_to_lt1,1,0x7681c00520c26da8d8970c21a65461c726f274068eb08743debc1178e697044e,ABSENT_NO_HOOK_ADDRESS,True,UniswapV3,True,UNMATCHED
0xd24cf891740fdba34b266d7dfd66ec7cb79d549b62d68bb78168664a070f1973,2600,2600,52335347,2026-10-08T11:47:21Z,A,trace-verified native flows; all legs priced,INFERRED,0.169753,0_to_lt1,1,0x76d0ea20730aa1128a82728a1729e079ad64ade74b6e093f7b33e5615bfa708d,ABSENT_NO_HOOK_ADDRESS,True,UniswapV3,True,PARTIAL_POOL_SET
0x5f2104ba857ceb3ea8ee59e069a8a9d391e50c3a060acebea424ac88213536fc,2601,2601,52335364,2026-10-08T11:47:55Z,B,"log-reconstructed (no native legs, no ext payouts); not trace-checked",MISSING,0.007509,0_to_lt1,1,0x76d0ea20730aa1128a82728a1729e079ad64ade74b6e093f7b33e5615bfa708d,ABSENT_NO_HOOK_ADDRESS,True,UniswapV3,True,UNMATCHED
0xeb4bc2bc161a999ca89639b544514bf6388e42e9449ed2b4ef3dfd7a1ec9ec1a,2602,2602,52335366,2026-10-08T11:47:59Z,B,"log-reconstructed (no native legs, no ext payouts); not trace-checked",MISSING,0.002824,0_to_lt1,2,0x76d0ea20730aa1128a82728a1729e079ad64ade74b6e093f7b33e5615bfa708d|0xfba2c4592d32a4e2e6393b8898f9110b4e272983f4bd416b38f81672a17fe3dc,ABSENT_NO_HOOK_ADDRESS,True,UniswapV3,True,UNMATCHED
0x16fa6b7b11a9638acbe9663338a972d3c78212c932193a762d826b3ab0d2efa8,2603,2603,52335370,2026-10-08T11:48:07Z,B,"log-reconstructed (no native legs, no ext payouts); not trace-checked",MISSING,0.002487,0_to_lt1,2,0x76d0ea20730aa1128a82728a1729e079ad64ade74b6e093f7b33e5615bfa708d|0xfba2c4592d32a4e2e6393b8898f9110b4e272983f4bd416b38f81672a17fe3dc,ABSENT_NO_HOOK_ADDRESS,True,UniswapV3,True,UNMATCHED
0xed5021ca6e22d01d3e6050ee32b07fb8049f818ee339c7ba320a5d5b05cbb14b,2604,2604,52335374,2026-10-08T11:48:15Z,B,"log-reconstructed (no native legs, no ext payouts); not trace-checked",MISSING,0.003415,0_to_lt1,1,0x76d0ea20730aa1128a82728a1729e079ad64ade74b6e093f7b33e5615bfa708d,ABSENT_NO_HOOK_ADDRESS,True,UniswapV3,True,UNMATCHED
0x56b91d6c89898b36421cc6172578a7179932e1b1bccd238989e7baf14ad65c3c,2606,2606,52335393,2026-10-08T11:48:53Z,B,"log-reconstructed (no native legs, no ext payouts); not trace-checked",MISSING,0.004142,0_to_lt1,1,0x76d0ea20730aa1128a82728a1729e079ad64ade74b6e093f7b33e5615bfa708d,ABSENT_NO_HOOK_ADDRESS,True,UniswapV3,True,UNMATCHED
0xc14de0156b35824ea9aed5009ebc9d12a354b88d52f4e6de64ea7ec00de3045a,2611,2611,52335413,2026-10-08T11:49:33Z,B,"log-reconstructed (no native legs, no ext payouts); not trace-checked",MISSING,0.004556,0_to_lt1,2,0x76d0ea20730aa1128a82728a1729e079ad64ade74b6e093f7b33e5615bfa708d|0xdd82c36e8e570dcac53f6c18033ede5ededc7b91dc4fafc09a6281f2669c43e2,ABSENT_NO_HOOK_ADDRESS,True,,True,UNMATCHABLE
0x81560ae8b732c7dc32304e138ec6380e121c41246ef2140959b40cc6777d0c63,2612,2612,52335418,2026-10-08T11:49:43Z,A,trace-verified native flows; all legs priced,INFERRED,1.034699,1_to_lt25,1,0xeee714a165308eb97efa05fb9243a55bdc5501f39408dc214e6f91e61eaa4a0e,ABSENT_NO_HOOK_ADDRESS,True,Aerodrome-Slipstream|UniswapV3,True,PARTIAL_POOL_SET
0x4155da4fd47d665e0cae355bed0c1ee5a04a0377a2a52bcd4222da3fd010cf67,2613,2613,52335419,2026-10-08T11:49:45Z,A,trace-verified native flows; all legs priced,INFERRED,0.111284,0_to_lt1,2,0xdd82c36e8e570dcac53f6c18033ede5ededc7b91dc4fafc09a6281f2669c43e2|0xf4c4b1634e23e51e923a005a1c8c7fd1e3d4648a34ea2ae0f2234cd7596f2bd5,ABSENT_NO_HOOK_ADDRESS,True,UniswapV3,True,PARTIAL_POOL_UNSUPPORTED_VENUE
0xd1e0bde5c72b00e2d3c33ef4015a285494e757d6f0952eaac2aa74db458f1630,2614,2614,52335421,2026-10-08T11:49:49Z,B,"log-reconstructed (no native legs, no ext payouts); not trace-checked",MISSING,0.082445,0_to_lt1,1,0xdd82c36e8e570dcac53f6c18033ede5ededc7b91dc4fafc09a6281f2669c43e2,ABSENT_NO_HOOK_ADDRESS,True,UniswapV3,True,UNMATCHED
0x8cd7683f384f860095c44ee61f25caefb962b95e2fd0a1fbd52b72b4485ad74d,2615,2615,52335426,2026-10-08T11:49:59Z,B,"log-reconstructed (no native legs, no ext payouts); not trace-checked",MISSING,0.006738,0_to_lt1,2,0xdd82c36e8e570dcac53f6c18033ede5ededc7b91dc4fafc09a6281f2669c43e2|0xf4c4b1634e23e51e923a005a1c8c7fd1e3d4648a34ea2ae0f2234cd7596f2bd5,ABSENT_NO_HOOK_ADDRESS,True,,True,UNMATCHABLE
0xab1c6ef6ede5d23dc924b1cbeedcd93be2af30432a66373398cd8c12807e0b6f,2616,2616,52335473,2026-10-08T11:51:33Z,B,"log-reconstructed (no native legs, no ext payouts); not trace-checked",MISSING,0.009826,0_to_lt1,2,0x76d0ea20730aa1128a82728a1729e079ad64ade74b6e093f7b33e5615bfa708d|0xdd82c36e8e570dcac53f6c18033ede5ededc7b91dc4fafc09a6281f2669c43e2,ABSENT_NO_HOOK_ADDRESS,True,,True,UNMATCHABLE
0x4709ff9ebd08380e998502575c459d7e0e3501fa48f81b77c45a762a2f859dde,2617,2617,52335476,2026-10-08T11:51:39Z,B,"log-reconstructed (no native legs, no ext payouts); not trace-checked",MISSING,0.005154,0_to_lt1,2,0x76d0ea20730aa1128a82728a1729e079ad64ade74b6e093f7b33e5615bfa708d|0xdd82c36e8e570dcac53f6c18033ede5ededc7b91dc4fafc09a6281f2669c43e2,ABSENT_NO_HOOK_ADDRESS,True,,True,UNMATCHABLE
0x3e46d46194f71647b4f111914beeb3a5598b86ba9c3c642be8a6a66eae8be6bf,2619,2619,52335483,2026-10-08T11:51:53Z,B,"log-reconstructed (no native legs, no ext payouts); not trace-checked",MISSING,0.016492,0_to_lt1,2,0xdd82c36e8e570dcac53f6c18033ede5ededc7b91dc4fafc09a6281f2669c43e2|0xf4c4b1634e23e51e923a005a1c8c7fd1e3d4648a34ea2ae0f2234cd7596f2bd5,ABSENT_NO_HOOK_ADDRESS,True,,True,UNMATCHABLE
0xe7076bf514568ae0cebec35966cdaf5b0a6e398414c29d6d9d6bb14029ed1c7d,2620,2620,52335500,2026-10-08T11:52:27Z,B,"log-reconstructed (no native legs, no ext payouts); not trace-checked",MISSING,0.031667,0_to_lt1,2,0x76d0ea20730aa1128a82728a1729e079ad64ade74b6e093f7b33e5615bfa708d|0xdd82c36e8e570dcac53f6c18033ede5ededc7b91dc4fafc09a6281f2669c43e2,ABSENT_NO_HOOK_ADDRESS,True,,True,UNMATCHABLE
0xa28620042782a5a143b752d9352309bccbeab05ac1d41400e0142b252db22143,2621,2621,52335521,2026-10-08T11:53:09Z,B,"log-reconstructed (no native legs, no ext payouts); not trace-checked",INFERRED,0.026912,0_to_lt1,3,0x76d0ea20730aa1128a82728a1729e079ad64ade74b6e093f7b33e5615bfa708d|0xeee714a165308eb97efa05fb9243a55bdc5501f39408dc214e6f91e61eaa4a0e|0xfba2c4592d32a4e2e6393b8898f9110b4e272983f4bd416b38f81672a17fe3dc,ABSENT_NO_HOOK_ADDRESS,True,,True,UNMATCHABLE
0xbed34186b12b742942796fae561fc1ec668195d2f889e5ccd1349dce56ed5157,2622,2622,52335529,2026-10-08T11:53:25Z,B,"log-reconstructed (no native legs, no ext payouts); not trace-checked",MISSING,0.035848,0_to_lt1,3,0x8fa12c2e1f56a0962559344afa0d6dad4b96ace5258c8a079029907924dfeba7|0xdd82c36e8e570dcac53f6c18033ede5ededc7b91dc4fafc09a6281f2669c43e2|0xfba2c4592d32a4e2e6393b8898f9110b4e272983f4bd416b38f81672a17fe3dc,ABSENT_NO_HOOK_ADDRESS,True,,True,UNMATCHABLE
0xba3fffa9f87507756b6761765c827e8bd27f30341f45c1ef29ccffb48f69bc78,2623,2623,52335548,2026-10-08T11:54:03Z,B,"log-reconstructed (no native legs, no ext payouts); not trace-checked",MISSING,0.019056,0_to_lt1,2,0xa158f17456688662960aa599c762f3772bc838f124a9b8d9cf77ca52e21c1696|0xf4c4b1634e23e51e923a005a1c8c7fd1e3d4648a34ea2ae0f2234cd7596f2bd5,ABSENT_NO_HOOK_ADDRESS,True,,True,UNMATCHABLE
0x9918f9bd2bf65ccd42cdb8c62eb28b9977dd2d783427d43235e1f92542896e4f,2625,2625,52335555,2026-10-08T11:54:17Z,A,trace-verified native flows; all legs priced,INFERRED,0.210411,0_to_lt1,1,0xf4c4b1634e23e51e923a005a1c8c7fd1e3d4648a34ea2ae0f2234cd7596f2bd5,ABSENT_NO_HOOK_ADDRESS,True,UniswapV3,True,PARTIAL_POOL_SET
0x3416bdd191f48315af0016cc16068e29b6f8552236a14a329b2627952077fc92,2626,2626,52335556,2026-10-08T11:54:19Z,B,"log-reconstructed (no native legs, no ext payouts); not trace-checked",MISSING,0.029268,0_to_lt1,3,0x8fa12c2e1f56a0962559344afa0d6dad4b96ace5258c8a079029907924dfeba7|0xa158f17456688662960aa599c762f3772bc838f124a9b8d9cf77ca52e21c1696|0xfba2c4592d32a4e2e6393b8898f9110b4e272983f4bd416b38f81672a17fe3dc,ABSENT_NO_HOOK_ADDRESS,True,,True,UNMATCHABLE
0xa1816406dfffcae1dccf76aefb9e4a656d72bd9954f0bd1b13b50e2480931eb8,2627,2627,52335567,2026-10-08T11:54:41Z,B,"log-reconstructed (no native legs, no ext payouts); not trace-checked",MISSING,0.047186,0_to_lt1,1,0x82a53137a2f816883131b56c929c1eba83f070423669cbc2b8a3467080a6247b,ABSENT_NO_HOOK_ADDRESS,True,Aerodrome-Slipstream|UniswapV3,True,UNMATCHED
0xcace59f768fbe40a452462ba9d5f678096d78e6b7c4f6ec46c7fd293b78e417c,2629,2629,52335587,2026-10-08T11:55:21Z,B,"log-reconstructed (no native legs, no ext payouts); not trace-checked",MISSING,0.02243,0_to_lt1,1,0x381c95740e3e5a23d66b9757ade02d85e8810e3711f20aaa15c37e06963ab747,ABSENT_NO_HOOK_ADDRESS,True,UniswapV3,True,UNMATCHED
0xfae655efa8ae8430e03a462c6dfe688d5a152659d463f21cbbb1ae42c67c16d3,2630,2630,52335588,2026-10-08T11:55:23Z,B,"log-reconstructed (no native legs, no ext payouts); not trace-checked",INFERRED,0.320986,0_to_lt1,1,0x381c95740e3e5a23d66b9757ade02d85e8810e3711f20aaa15c37e06963ab747,ABSENT_NO_HOOK_ADDRESS,True,Aerodrome-Slipstream3|Aerodrome-V2,True,UNMATCHED
0xf1b829092463bfd012cc697a33b843f8c1d417e761b6d450618e7c2f2d578f8f,2631,2631,52335589,2026-10-08T11:55:25Z,B,"log-reconstructed (no native legs, no ext payouts); not trace-checked",MISSING,0.014621,0_to_lt1,2,0x76d0ea20730aa1128a82728a1729e079ad64ade74b6e093f7b33e5615bfa708d|0xf4c4b1634e23e51e923a005a1c8c7fd1e3d4648a34ea2ae0f2234cd7596f2bd5,ABSENT_NO_HOOK_ADDRESS,True,,True,UNMATCHABLE
0xd3c4485623ffae3dc28dd4a624afa01157249c356971b6d9cf2f60b4d1c7c8cb,2632,2632,52335600,2026-10-08T11:55:47Z,B,"log-reconstructed (no native legs, no ext payouts); not trace-checked",MISSING,0.033615,0_to_lt1,2,0xa158f17456688662960aa599c762f3772bc838f124a9b8d9cf77ca52e21c1696|0xf4c4b1634e23e51e923a005a1c8c7fd1e3d4648a34ea2ae0f2234cd7596f2bd5,ABSENT_NO_HOOK_ADDRESS,True,,True,UNMATCHABLE
0x7822430416bc3c54d1a61526655788c8b1295c2bec502bde93efd4ce9dddf9fb,2634,2634,52335615,2026-10-08T11:56:17Z,B,"log-reconstructed (no native legs, no ext payouts); not trace-checked",VERIFIED,0.203692,0_to_lt1,1,0xbc94a571767139984504676ec9347f57ca5f9ad10e917f235ef2c88fb1df79bf,ABSENT_NO_HOOK_ADDRESS,True,UniswapV3,True,UNMATCHED
0x353cb2bbb215e05d8cbe9e3354c3211101d3056193452482623c6b6350b461d4,2635,2635,52335625,2026-10-08T11:56:37Z,B,"log-reconstructed (no native legs, no ext payouts); not trace-checked",MISSING,0.048906,0_to_lt1,2,0xa158f17456688662960aa599c762f3772bc838f124a9b8d9cf77ca52e21c1696|0xf4c4b1634e23e51e923a005a1c8c7fd1e3d4648a34ea2ae0f2234cd7596f2bd5,ABSENT_NO_HOOK_ADDRESS,True,,True,UNMATCHABLE
0x59071ad9a22960290517ebe283a5f824845ee79484fdf984a38f29d147e1dfc6,2636,2636,52335641,2026-10-08T11:57:09Z,A,trace-verified native flows; all legs priced,INFERRED,0.191307,0_to_lt1,1,0x12d76c5c8ec8edffd3c143995b0aa43fe44a6d71eb9113796272909e54b8e078,ABSENT_NO_HOOK_ADDRESS,True,Aerodrome-Slipstream|UniswapV3,False,PARTIAL_POOL_SET
0x6e1510adb33f6e53c3df1628198247edff3545d1016eab8b360923d7f1c74acc,2637,2637,52335650,2026-10-08T11:57:27Z,A,trace-verified native flows; all legs priced,MISSING,3.270225,1_to_lt25,1,0x12d76c5c8ec8edffd3c143995b0aa43fe44a6d71eb9113796272909e54b8e078,ABSENT_NO_HOOK_ADDRESS,True,Aerodrome-Slipstream|UniswapV3,True,UNMATCHED
0xc96390583aa4059cb9efed7bd62c93e213da5ab23f0c85ce33b2bf8502659491,2638,2638,52335664,2026-10-08T11:57:55Z,B,"log-reconstructed (no native legs, no ext payouts); not trace-checked",MISSING,0.03451,0_to_lt1,2,0xa158f17456688662960aa599c762f3772bc838f124a9b8d9cf77ca52e21c1696|0xf4c4b1634e23e51e923a005a1c8c7fd1e3d4648a34ea2ae0f2234cd7596f2bd5,ABSENT_NO_HOOK_ADDRESS,True,,True,UNMATCHABLE
0x4aabcd3ef3ea7edd4525128f1319956c1d7f30f5abefa5ff787ccde650bc6d87,2639,2639,52335676,2026-10-08T11:58:19Z,B,"log-reconstructed (no native legs, no ext payouts); not trace-checked",INFERRED,0.113259,0_to_lt1,3,0xdd82c36e8e570dcac53f6c18033ede5ededc7b91dc4fafc09a6281f2669c43e2|0xeee714a165308eb97efa05fb9243a55bdc5501f39408dc214e6f91e61eaa4a0e|0xfba2c4592d32a4e2e6393b8898f9110b4e272983f4bd416b38f81672a17fe3dc,ABSENT_NO_HOOK_ADDRESS,True,,True,UNMATCHABLE
0x6feea60fd963ab14666d19ba1f968a107cb44f7635116fa9a1070777a2f8ea38,2641,2641,52335704,2026-10-08T11:59:15Z,B,"log-reconstructed (no native legs, no ext payouts); not trace-checked",MISSING,0.049509,0_to_lt1,2,0xa158f17456688662960aa599c762f3772bc838f124a9b8d9cf77ca52e21c1696|0xf4c4b1634e23e51e923a005a1c8c7fd1e3d4648a34ea2ae0f2234cd7596f2bd5,ABSENT_NO_HOOK_ADDRESS,True,,True,UNMATCHABLE
0xea2e35a21a9891708c8295f9ef19a87243bc15081301ff86973454333c315dc9,2643,2643,52335726,2026-10-08T11:59:59Z,B,"log-reconstructed (no native legs, no ext payouts); not trace-checked",MISSING,0.02297,0_to_lt1,3,0x49fff8ec544984d862c0c322c83bc0cfb7a9a953a7d4d4d352a2aff27f7602cf|0x8fa12c2e1f56a0962559344afa0d6dad4b96ace5258c8a079029907924dfeba7|0xf4c4b1634e23e51e923a005a1c8c7fd1e3d4648a34ea2ae0f2234cd7596f2bd5,ABSENT_NO_HOOK_ADDRESS,True,,True,UNMATCHABLE
0x317847a2a25242fe061a3ad7ced6b1a6d55d501d4c2732d847052f6cd2fd5336,2646,2646,52335734,2026-10-08T12:00:15Z,A,trace-verified native flows; all legs priced,INFERRED,0.327555,0_to_lt1,1,0x7ae0a3e490dddffa437fa65a5cc6db8b378caadda9a610e80944868124547d6b,ABSENT_NO_HOOK_ADDRESS,True,Aerodrome-Slipstream|UniswapV3,True,PARTIAL_POOL_SET
0x520a78740e9ee8426c32de5b0e0938d1a2427d7cfec79eb291232dbeaf614c35,2649,2649,52335744,2026-10-08T12:00:35Z,A,trace-verified native flows; all legs priced,MISSING,3.407113,1_to_lt25,1,0xbc94a571767139984504676ec9347f57ca5f9ad10e917f235ef2c88fb1df79bf,ABSENT_NO_HOOK_ADDRESS,True,Aerodrome-Slipstream3|UniswapV3,True,UNMATCHED
0x7261117f4225222b55933b7993481b5d9d84228b7a3c5488d02fbf65efca2a9a,2650,2650,52335744,2026-10-08T12:00:35Z,D,cyclic_v4_unresolved,MISSING,,kept_null,1,0x893d654ad170fe1c68ac919814423d1e795d780c841b9aa4e8df2cdef79bc635,ABSENT_NO_HOOK_ADDRESS,True,Aerodrome-Slipstream3,True,UNMATCHED
0x1641cb2d4a5ca02cc8486a1e8087ff3ccd114a70e70a8462914ea9db6ca661ac,2651,2651,52335755,2026-10-08T12:00:57Z,B,"log-reconstructed (no native legs, no ext payouts); not trace-checked",MISSING,0.149919,0_to_lt1,5,0x3fdd561e9c94de2d224f57189637d225de1230b84323924a5f036f9a49043dd8|0x6b2acbce1c9189034b07e85b3de8cc6e625740c7597c3b57ea029efa01581de1|0xaa46671dd5b6fba90992925a9c5eb8dc6eee7232b5959306d10d1a2aa8fcdc9a|0xd5fe92b625820fcdd77f7976f70115f5da63d567ee3752102e1cc4c872198b0b|0xf63fb2907e8f1067caad3dbf158bcd71b9937a054e601a7a4f8cda55e2417ce8,ABSENT_NO_HOOK_ADDRESS,True,,True,UNMATCHABLE
0xe177b2a08cd96441c22a4b25e674cb9d7533255b3092620ebd63a382173b4cd2,2652,2652,52335759,2026-10-08T12:01:05Z,B,"log-reconstructed (no native legs, no ext payouts); not trace-checked",MISSING,0.054615,0_to_lt1,2,0x5886bc2e9266e9afaa378b57ef58b9ea06b715b4ab857cfdb3168ed1e9fff462|0xdd82c36e8e570dcac53f6c18033ede5ededc7b91dc4fafc09a6281f2669c43e2,ABSENT_NO_HOOK_ADDRESS,True,,True,UNMATCHABLE
0x96bbf4824675f1a1d5bac0fb608ba2790db3eb422061fde5962c0fe1b68a5415,2656,2656,52335792,2026-10-08T12:02:11Z,B,"log-reconstructed (no native legs, no ext payouts); not trace-checked",MISSING,0.141571,0_to_lt1,3,0x8fa12c2e1f56a0962559344afa0d6dad4b96ace5258c8a079029907924dfeba7|0xa158f17456688662960aa599c762f3772bc838f124a9b8d9cf77ca52e21c1696|0xf13203ddbf2c9816a79b656a1a952521702715d92fea465b84ae2ed6e94a7f22,ABSENT_NO_HOOK_ADDRESS,True,,True,UNMATCHABLE
0x5c895320d5624258dbb1286442b209e0679c4772bb9052d1cb3260b17cfbd7dd,2659,2659,52335804,2026-10-08T12:02:35Z,B,"log-reconstructed (no native legs, no ext payouts); not trace-checked",INFERRED,0.024303,0_to_lt1,2,0xdd82c36e8e570dcac53f6c18033ede5ededc7b91dc4fafc09a6281f2669c43e2|0xf4c4b1634e23e51e923a005a1c8c7fd1e3d4648a34ea2ae0f2234cd7596f2bd5,ABSENT_NO_HOOK_ADDRESS,True,,True,UNMATCHABLE
0xaef94e481018efe40dc11e161ac4d16bdcd33360be2a8c83353ef85acbd41e78,2660,2660,52335811,2026-10-08T12:02:49Z,B,"log-reconstructed (no native legs, no ext payouts); not trace-checked",INFERRED,0.103045,0_to_lt1,2,0x7681c00520c26da8d8970c21a65461c726f274068eb08743debc1178e697044e|0xfba2c4592d32a4e2e6393b8898f9110b4e272983f4bd416b38f81672a17fe3dc,ABSENT_NO_HOOK_ADDRESS,True,,False,UNMATCHABLE
0x0f71f9fe1765ddefd0b0de5419129b7cb031075a5dd2f11eb5f26ca403103e0d,2661,2661,52335815,2026-10-08T12:02:57Z,B,"log-reconstructed (no native legs, no ext payouts); not trace-checked",MISSING,0.030595,0_to_lt1,3,0x7681c00520c26da8d8970c21a65461c726f274068eb08743debc1178e697044e|0x8fa12c2e1f56a0962559344afa0d6dad4b96ace5258c8a079029907924dfeba7|0xf4c4b1634e23e51e923a005a1c8c7fd1e3d4648a34ea2ae0f2234cd7596f2bd5,ABSENT_NO_HOOK_ADDRESS,True,,True,UNMATCHABLE
0xd9c8d08886c487a246cb71fdbe7c78d0cbf61424f2f25fd7579c20a40291280b,2662,2662,52335831,2026-10-08T12:03:29Z,B,"log-reconstructed (no native legs, no ext payouts); not trace-checked",MISSING,0.019554,0_to_lt1,3,0x5886bc2e9266e9afaa378b57ef58b9ea06b715b4ab857cfdb3168ed1e9fff462|0x7681c00520c26da8d8970c21a65461c726f274068eb08743debc1178e697044e|0x8fa12c2e1f56a0962559344afa0d6dad4b96ace5258c8a079029907924dfeba7,ABSENT_NO_HOOK_ADDRESS,True,,True,UNMATCHABLE
0x4aade383aaa6a4afeb403c5fcdd15cbcb552b914b2b90a0cff57f5e4bdc25a3e,2664,2664,52335839,2026-10-08T12:03:45Z,B,"log-reconstructed (no native legs, no ext payouts); not trace-checked",MISSING,0.116905,0_to_lt1,2,0xdd82c36e8e570dcac53f6c18033ede5ededc7b91dc4fafc09a6281f2669c43e2|0xf4c4b1634e23e51e923a005a1c8c7fd1e3d4648a34ea2ae0f2234cd7596f2bd5,ABSENT_NO_HOOK_ADDRESS,True,,True,UNMATCHABLE
0x9179eb9f3a118bf20ba08da185f032b088b6d73372ae5ee084c49d8f11377dfb,2665,2665,52335849,2026-10-08T12:04:05Z,B,"log-reconstructed (no native legs, no ext payouts); not trace-checked",MISSING,0.030299,0_to_lt1,3,0x7681c00520c26da8d8970c21a65461c726f274068eb08743debc1178e697044e|0x8fa12c2e1f56a0962559344afa0d6dad4b96ace5258c8a079029907924dfeba7|0xf4c4b1634e23e51e923a005a1c8c7fd1e3d4648a34ea2ae0f2234cd7596f2bd5,ABSENT_NO_HOOK_ADDRESS,True,,True,UNMATCHABLE
0xf686f0d8ab3f6420ffb5b2388585bc8f9757f5c075e63037aab3076000c82f89,2667,2667,52335869,2026-10-08T12:04:45Z,A,trace-verified native flows; all legs priced,MISSING,4.367815,1_to_lt25,1,0xbc94a571767139984504676ec9347f57ca5f9ad10e917f235ef2c88fb1df79bf,ABSENT_NO_HOOK_ADDRESS,True,Aerodrome-Slipstream3|UniswapV3,True,UNMATCHED
0xf9d4c24216d3e98d5d665d00380cabb225893e79e1acc070d728389a5c302fa3,2668,2668,52335873,2026-10-08T12:04:53Z,A,trace-verified native flows; all legs priced,MISSING,8.467733,1_to_lt25,1,0xbc94a571767139984504676ec9347f57ca5f9ad10e917f235ef2c88fb1df79bf,ABSENT_NO_HOOK_ADDRESS,True,UniswapV3,True,UNMATCHED
0xb850caf7982c72abb081e5f7b8075e29bad4bb3ade3152af93185ce8e9a0a2b6,2670,2670,52335876,2026-10-08T12:04:59Z,B,"log-reconstructed (no native legs, no ext payouts); not trace-checked",MISSING,0.141076,0_to_lt1,1,0xbc94a571767139984504676ec9347f57ca5f9ad10e917f235ef2c88fb1df79bf,ABSENT_NO_HOOK_ADDRESS,True,Aerodrome-Slipstream3|UniswapV3,True,UNMATCHED
0x13de0817b1339be4b9234f43f10a23fd077e145f17bef927c6512880e0e0534a,2679,2679,52335911,2026-10-08T12:06:09Z,B,"log-reconstructed (no native legs, no ext payouts); not trace-checked",MISSING,0.179006,0_to_lt1,1,0x3b92f4962d799934d24d114f3d7569f836d5d9af01bd92ecee613d5ba89f17a2,ABSENT_NO_HOOK_ADDRESS,True,Aerodrome-V2|PancakeV3,True,UNMATCHED
0x0ae40739aa4c127b0cc25f77486e9c829f0677ce1776b79d4a3c8eb28718ba54,2681,2681,52335912,2026-10-08T12:06:11Z,B,"log-reconstructed (no native legs, no ext payouts); not trace-checked",INFERRED,0.027052,0_to_lt1,2,0x5886bc2e9266e9afaa378b57ef58b9ea06b715b4ab857cfdb3168ed1e9fff462|0xf4c4b1634e23e51e923a005a1c8c7fd1e3d4648a34ea2ae0f2234cd7596f2bd5,ABSENT_NO_HOOK_ADDRESS,True,,True,UNMATCHABLE
0xbf22bd613bc21ac56b49f2da370bba9463d56dcca523e2f8be7e9dd9052c75ac,2687,2687,52335916,2026-10-08T12:06:19Z,B,"log-reconstructed (no native legs, no ext payouts); not trace-checked",MISSING,0.016566,0_to_lt1,2,0x5886bc2e9266e9afaa378b57ef58b9ea06b715b4ab857cfdb3168ed1e9fff462|0xf4c4b1634e23e51e923a005a1c8c7fd1e3d4648a34ea2ae0f2234cd7596f2bd5,ABSENT_NO_HOOK_ADDRESS,True,,True,UNMATCHABLE
0xbf9c1495c2c8b94e8dc923a73c96f4afab38406d54427f45a91d3b161c915068,2689,2689,52335920,2026-10-08T12:06:27Z,A,trace-verified native flows; all legs priced,MISSING,0.017567,0_to_lt1,1,0xb24f7fcd75c3a001b74be4c60f181c024154c4d7c33097777e3950979042b073,ABSENT_NO_HOOK_ADDRESS,True,Aerodrome-Slipstream|PancakeV3,True,UNMATCHED
0x3f3b988b8239cbb639af63af1a87148d1f81acf9c5caf002c0480f72eee31266,2690,2690,52335920,2026-10-08T12:06:27Z,B,"log-reconstructed (no native legs, no ext payouts); not trace-checked",MISSING,0.015111,0_to_lt1,1,0xb24f7fcd75c3a001b74be4c60f181c024154c4d7c33097777e3950979042b073,ABSENT_NO_HOOK_ADDRESS,True,Aerodrome-Slipstream|PancakeV3,True,UNMATCHED
0xa1192d42828cc5912b680d1a5eb65fe6f55831578310ebba643810544db85533,2692,2692,52335929,2026-10-08T12:06:45Z,B,"log-reconstructed (no native legs, no ext payouts); not trace-checked",INFERRED,0.019718,0_to_lt1,2,0x5886bc2e9266e9afaa378b57ef58b9ea06b715b4ab857cfdb3168ed1e9fff462|0xa158f17456688662960aa599c762f3772bc838f124a9b8d9cf77ca52e21c1696,ABSENT_NO_HOOK_ADDRESS,True,,True,UNMATCHABLE
0x1a9b22c78740557fbec1089ca240fc51ee56b5340fc45ab0e909eab1586b82ea,2693,2693,52335934,2026-10-08T12:06:55Z,B,"log-reconstructed (no native legs, no ext payouts); not trace-checked",INFERRED,0.034123,0_to_lt1,3,0x5886bc2e9266e9afaa378b57ef58b9ea06b715b4ab857cfdb3168ed1e9fff462|0x8fa12c2e1f56a0962559344afa0d6dad4b96ace5258c8a079029907924dfeba7|0xfba2c4592d32a4e2e6393b8898f9110b4e272983f4bd416b38f81672a17fe3dc,ABSENT_NO_HOOK_ADDRESS,True,,True,UNMATCHABLE
0xd9804f7cdf2a6f6a95928ba0530d4b20091519f170bbbaac4d1bb217d973fc47,2695,2695,52335952,2026-10-08T12:07:31Z,B,"log-reconstructed (no native legs, no ext payouts); not trace-checked",INFERRED,0.03535,0_to_lt1,3,0x5886bc2e9266e9afaa378b57ef58b9ea06b715b4ab857cfdb3168ed1e9fff462|0x7681c00520c26da8d8970c21a65461c726f274068eb08743debc1178e697044e|0x8fa12c2e1f56a0962559344afa0d6dad4b96ace5258c8a079029907924dfeba7,ABSENT_NO_HOOK_ADDRESS,True,,True,UNMATCHABLE
0xd6d947fa1f556bee11e02c4a87525a11ad3daee05aef246e3f17aee5fb52c11f,2696,2696,52335967,2026-10-08T12:08:01Z,A,trace-verified native flows; all legs priced,MISSING,0.105029,0_to_lt1,1,0xfba2c4592d32a4e2e6393b8898f9110b4e272983f4bd416b38f81672a17fe3dc,ABSENT_NO_HOOK_ADDRESS,True,Aerodrome-Slipstream|Aerodrome-Slipstream3|UniswapV3,False,PARTIAL_POOL_SET
0xb591ef610abbfb00fddf73ba47af02fead3c6f83c629db1a166a4e834ac466e9,2699,2699,52335968,2026-10-08T12:08:03Z,B,"log-reconstructed (no native legs, no ext payouts); not trace-checked",MISSING,0.020785,0_to_lt1,2,0x381c95740e3e5a23d66b9757ade02d85e8810e3711f20aaa15c37e06963ab747|0x8e43617073a14f294ca307e4d502096140a4b08fba64d582523b7b5a4e86a0e0,ABSENT_NO_HOOK_ADDRESS,True,,True,UNMATCHABLE
0x846e293e274f1b5f9e57d694f1478f77a04f377d7986b8b4d1639b0954a9f07a,2700,2700,52335968,2026-10-08T12:08:03Z,B,"log-reconstructed (no native legs, no ext payouts); not trace-checked",MISSING,0.096129,0_to_lt1,1,0x381c95740e3e5a23d66b9757ade02d85e8810e3711f20aaa15c37e06963ab747,ABSENT_NO_HOOK_ADDRESS,True,Aerodrome-V2|UniswapV3,True,UNMATCHED
0x332af56fcc7d1018f28f77c3d0482c9ee8a5ca64d92c1769cb1a27241bbb5d60,2702,2702,52335991,2026-10-08T12:08:49Z,A,trace-verified native flows; all legs priced,INFERRED,0.248441,0_to_lt1,3,0x7681c00520c26da8d8970c21a65461c726f274068eb08743debc1178e697044e|0x8fa12c2e1f56a0962559344afa0d6dad4b96ace5258c8a079029907924dfeba7|0xc4ad5df373b26c263239697c5a1f32c41ed96f5e30f3d77c0cae75f7c8e03495,ABSENT_NO_HOOK_ADDRESS,True,UniswapV3,True,PARTIAL_POOL_UNSUPPORTED_VENUE
0xcda3144c167e3acb4b0c5bcfde12ce7048f22235837f9e24e82e80151ca2f298,2704,2704,52336002,2026-10-08T12:09:11Z,A,trace-verified native flows; all legs priced,MISSING,0.085856,0_to_lt1,1,0xfba2c4592d32a4e2e6393b8898f9110b4e272983f4bd416b38f81672a17fe3dc,ABSENT_NO_HOOK_ADDRESS,True,Aerodrome-Slipstream|UniswapV3,False,PARTIAL_POOL_SET
0x8c1bb80d0045c43b01aa13e3ff8eb89e95725884b395880b080cc443315f3c4d,2705,2705,52336002,2026-10-08T12:09:11Z,B,"log-reconstructed (no native legs, no ext payouts); not trace-checked",MISSING,0.009269,0_to_lt1,1,0x7f317a51d5fa4f879c76c675260da2de35765b87006f8e6045e937c41eb1d72d,ABSENT_NO_HOOK_ADDRESS,True,Aerodrome-Slipstream2,True,UNMATCHED
0x387312dc22b752155847a552d5ecb050f45228117ed1233ca9ca0ef22ac9ec43,2710,2710,52336083,2026-10-08T12:11:53Z,B,"log-reconstructed (no native legs, no ext payouts); not trace-checked",MISSING,0.044153,0_to_lt1,2,0xa158f17456688662960aa599c762f3772bc838f124a9b8d9cf77ca52e21c1696|0xc4ad5df373b26c263239697c5a1f32c41ed96f5e30f3d77c0cae75f7c8e03495,ABSENT_NO_HOOK_ADDRESS,True,,True,UNMATCHABLE
0x9fce38b6b861df9cfdb1625d0ff2f2d4041826f0972bbf716c0f60c77d681d01,2713,2713,52336089,2026-10-08T12:12:05Z,B,"log-reconstructed (no native legs, no ext payouts); not trace-checked",MISSING,0.019758,0_to_lt1,2,0xc4ad5df373b26c263239697c5a1f32c41ed96f5e30f3d77c0cae75f7c8e03495|0xf4c4b1634e23e51e923a005a1c8c7fd1e3d4648a34ea2ae0f2234cd7596f2bd5,ABSENT_NO_HOOK_ADDRESS,True,,True,UNMATCHABLE
0x20438c589d78809e9ef35ef483b811e1918a0c26a9b61393558ce8c7f191fcd5,2714,2714,52336095,2026-10-08T12:12:17Z,A,trace-verified native flows; all legs priced,MISSING,0.019596,0_to_lt1,2,0xc4ad5df373b26c263239697c5a1f32c41ed96f5e30f3d77c0cae75f7c8e03495|0xdd82c36e8e570dcac53f6c18033ede5ededc7b91dc4fafc09a6281f2669c43e2,ABSENT_NO_HOOK_ADDRESS,True,,True,UNMATCHABLE
0x6eb6fb36a14f1e658f96a35429c0e94a2b7574aceb49b718a435b07842cefbfe,2715,2715,52336098,2026-10-08T12:12:23Z,B,"log-reconstructed (no native legs, no ext payouts); not trace-checked",MISSING,0.021836,0_to_lt1,3,0x8fa12c2e1f56a0962559344afa0d6dad4b96ace5258c8a079029907924dfeba7|0xc4ad5df373b26c263239697c5a1f32c41ed96f5e30f3d77c0cae75f7c8e03495|0xfba2c4592d32a4e2e6393b8898f9110b4e272983f4bd416b38f81672a17fe3dc,ABSENT_NO_HOOK_ADDRESS,True,,True,UNMATCHABLE
0xeb4ed8893d9dda980122c4ea0fb2610bdc8a54e0cfd938a7f44ffc42e9739b16,2716,2716,52336107,2026-10-08T12:12:41Z,B,"log-reconstructed (no native legs, no ext payouts); not trace-checked",MISSING,0.21164,0_to_lt1,2,0xa158f17456688662960aa599c762f3772bc838f124a9b8d9cf77ca52e21c1696|0xc4ad5df373b26c263239697c5a1f32c41ed96f5e30f3d77c0cae75f7c8e03495,ABSENT_NO_HOOK_ADDRESS,True,,True,UNMATCHABLE
0xae34ab5a7e9a0c8c6aec400bee302f3abbf027c2ab3d9f2cc5edc2210ceee441,2717,2717,52336110,2026-10-08T12:12:47Z,B,"log-reconstructed (no native legs, no ext payouts); not trace-checked",MISSING,0.016866,0_to_lt1,3,0x8fa12c2e1f56a0962559344afa0d6dad4b96ace5258c8a079029907924dfeba7|0xc4ad5df373b26c263239697c5a1f32c41ed96f5e30f3d77c0cae75f7c8e03495|0xfba2c4592d32a4e2e6393b8898f9110b4e272983f4bd416b38f81672a17fe3dc,ABSENT_NO_HOOK_ADDRESS,True,,True,UNMATCHABLE
0x2f9a75a3571304793fdc3bd33b3063d99472056b591a834c868805306cea80fa,2718,2718,52336112,2026-10-08T12:12:51Z,B,"log-reconstructed (no native legs, no ext payouts); not trace-checked",INFERRED,0.105719,0_to_lt1,2,0xdd82c36e8e570dcac53f6c18033ede5ededc7b91dc4fafc09a6281f2669c43e2|0xf4c4b1634e23e51e923a005a1c8c7fd1e3d4648a34ea2ae0f2234cd7596f2bd5,ABSENT_NO_HOOK_ADDRESS,True,,True,UNMATCHABLE
0x089dddcffbb59937ff37f6de12bfd4de5675e16e994e533e7c3500c7c8accb25,2720,2720,52336132,2026-10-08T12:13:31Z,A,trace-verified native flows; all legs priced,INFERRED,0.53953,0_to_lt1,2,0xdd82c36e8e570dcac53f6c18033ede5ededc7b91dc4fafc09a6281f2669c43e2|0xf9207ed1962475f8fd38d24435489098e287f65bfa3d44beb725f4eb474f4516,ABSENT_NO_HOOK_ADDRESS,True,UniswapV3,True,PARTIAL_POOL_UNSUPPORTED_VENUE
0xfe513939aa97b69d43fcf81bc5049451ce251a0f4ea03a7a476138c3529eb7dc,2721,2721,52336139,2026-10-08T12:13:45Z,B,"log-reconstructed (no native legs, no ext payouts); not trace-checked",MISSING,0.03015,0_to_lt1,1,0x118c35025bc6ced5aa6ffca380943d3a34b5efa84737e41333936f94c3eae77d,ABSENT_NO_HOOK_ADDRESS,True,Aerodrome-Slipstream,False,UNMATCHED
0xfe441182aa93685e5ff9e5b3cbfa42f7231c1bf44a3eaeb22344f60c436a4bc4,2722,2722,52336160,2026-10-08T12:14:27Z,A,trace-verified native flows; all legs priced,INFERRED,4.006101,1_to_lt25,1,0xbc94a571767139984504676ec9347f57ca5f9ad10e917f235ef2c88fb1df79bf,ABSENT_NO_HOOK_ADDRESS,True,Aerodrome-Slipstream3|UniswapV3,True,PARTIAL_POOL_SET
0x39c4606fd38d01a4d44abecc624ad9dde2851c30eb5b17cbba36815f6a5ed08b,2725,2725,52336172,2026-10-08T12:14:51Z,B,"log-reconstructed (no native legs, no ext payouts); not trace-checked",MISSING,0.030525,0_to_lt1,2,0xa158f17456688662960aa599c762f3772bc838f124a9b8d9cf77ca52e21c1696|0xc4ad5df373b26c263239697c5a1f32c41ed96f5e30f3d77c0cae75f7c8e03495,ABSENT_NO_HOOK_ADDRESS,True,,True,UNMATCHABLE
0xe7b6d41c72ea8aef45eb3eb4291589b6c045a4d29823de693f33c1199887dfd7,2726,2726,52336188,2026-10-08T12:15:23Z,B,"log-reconstructed (no native legs, no ext payouts); not trace-checked",MISSING,0.18995,0_to_lt1,1,0xbc94a571767139984504676ec9347f57ca5f9ad10e917f235ef2c88fb1df79bf,ABSENT_NO_HOOK_ADDRESS,True,Aerodrome-Slipstream3|UniswapV3,True,UNMATCHED
0xb426adca2c357aff2fc0c02278108803de7cdc67ca9868351e05ffd80fb80cd9,2727,2727,52336196,2026-10-08T12:15:39Z,A,trace-verified native flows; all legs priced,INFERRED,0.262464,0_to_lt1,2,0x0d7907a60607d885d5d267d70bb1abff723b43cb4ff61f4554803d823a004232|0xe365c6d25b8a624dc87bce57a0df2285bebe606790c320e05888616544908e1c,ABSENT_NO_HOOK_ADDRESS,True,UniswapV3,True,PARTIAL_POOL_UNSUPPORTED_VENUE
0xcf24d84b11c37846781f350c46eeace564c300ea212983a25faf8d8d8e920c7b,2730,2730,52336220,2026-10-08T12:16:27Z,B,"log-reconstructed (no native legs, no ext payouts); not trace-checked",MISSING,0.035123,0_to_lt1,3,0x8fa12c2e1f56a0962559344afa0d6dad4b96ace5258c8a079029907924dfeba7|0xf9207ed1962475f8fd38d24435489098e287f65bfa3d44beb725f4eb474f4516|0xfba2c4592d32a4e2e6393b8898f9110b4e272983f4bd416b38f81672a17fe3dc,ABSENT_NO_HOOK_ADDRESS,True,,True,UNMATCHABLE
0xb9430bc200c516367b2bb63e715093b347f238c7cb3a27f64e3ce8dc91c42931,2732,2732,52336230,2026-10-08T12:16:47Z,B,"log-reconstructed (no native legs, no ext payouts); not trace-checked",MISSING,0.02842,0_to_lt1,2,0xdd82c36e8e570dcac53f6c18033ede5ededc7b91dc4fafc09a6281f2669c43e2|0xf9207ed1962475f8fd38d24435489098e287f65bfa3d44beb725f4eb474f4516,ABSENT_NO_HOOK_ADDRESS,True,,True,UNMATCHABLE
0xa8fd62a54dab29234544d88d0db67aae361890d5a13297ed2aedbf2828c6f788,2733,2733,52336232,2026-10-08T12:16:51Z,B,"log-reconstructed (no native legs, no ext payouts); not trace-checked",INFERRED,0.102558,0_to_lt1,2,0xa158f17456688662960aa599c762f3772bc838f124a9b8d9cf77ca52e21c1696|0xdd82c36e8e570dcac53f6c18033ede5ededc7b91dc4fafc09a6281f2669c43e2,ABSENT_NO_HOOK_ADDRESS,True,,True,UNMATCHABLE
0xc13c562d38533935e01d542b54273632e60db55bfb246cc24f64606f8c2fe929,2734,2734,52336243,2026-10-08T12:17:13Z,B,"log-reconstructed (no native legs, no ext payouts); not trace-checked",MISSING,0.018819,0_to_lt1,2,0xc4ad5df373b26c263239697c5a1f32c41ed96f5e30f3d77c0cae75f7c8e03495|0xf4c4b1634e23e51e923a005a1c8c7fd1e3d4648a34ea2ae0f2234cd7596f2bd5,ABSENT_NO_HOOK_ADDRESS,True,,True,UNMATCHABLE
0xa10c22474277317429704e185cfa5033125c492df8b6df3ba55d3d363e65ff08,2737,2737,52336250,2026-10-08T12:17:27Z,B,"log-reconstructed (no native legs, no ext payouts); not trace-checked",MISSING,0.033617,0_to_lt1,3,0x7681c00520c26da8d8970c21a65461c726f274068eb08743debc1178e697044e|0x8fa12c2e1f56a0962559344afa0d6dad4b96ace5258c8a079029907924dfeba7|0xf9207ed1962475f8fd38d24435489098e287f65bfa3d44beb725f4eb474f4516,ABSENT_NO_HOOK_ADDRESS,True,,True,UNMATCHABLE
0x2b1839e6e630a305d8d58c955008408e96b39465011b1a4793e4a4485d779755,2738,2738,52336268,2026-10-08T12:18:03Z,B,"log-reconstructed (no native legs, no ext payouts); not trace-checked",MISSING,0.02954,0_to_lt1,3,0x8fa12c2e1f56a0962559344afa0d6dad4b96ace5258c8a079029907924dfeba7|0xc4ad5df373b26c263239697c5a1f32c41ed96f5e30f3d77c0cae75f7c8e03495|0xf13203ddbf2c9816a79b656a1a952521702715d92fea465b84ae2ed6e94a7f22,ABSENT_NO_HOOK_ADDRESS,True,,True,UNMATCHABLE
0x3960d54204bd3a5ba9eac4c26f61cf0588886b5fbe7f829b33c545e124f4be1f,2739,2739,52336268,2026-10-08T12:18:03Z,B,"log-reconstructed (no native legs, no ext payouts); not trace-checked",MISSING,0.087876,0_to_lt1,1,0xf13203ddbf2c9816a79b656a1a952521702715d92fea465b84ae2ed6e94a7f22,ABSENT_NO_HOOK_ADDRESS,True,Aerodrome-Slipstream|Aerodrome-Slipstream3,False,UNMATCHED
0xe7d249a50e4138fb16c0fc694a4291b308b49db6a9851bce4b53d0a4d87a65d1,2740,2740,52336272,2026-10-08T12:18:11Z,A,trace-verified native flows; all legs priced,MISSING,0.628585,0_to_lt1,1,0xfba2c4592d32a4e2e6393b8898f9110b4e272983f4bd416b38f81672a17fe3dc,ABSENT_NO_HOOK_ADDRESS,True,Aerodrome-Slipstream|Aerodrome-Slipstream3,False,UNMATCHED
0x25661d0ce58dcc6a9098dbf23fe75195679ef38214be7cb53e2cb4e6a2f0ff58,2745,2745,52336292,2026-10-08T12:18:51Z,B,"log-reconstructed (no native legs, no ext payouts); not trace-checked",MISSING,0.028697,0_to_lt1,2,0xa158f17456688662960aa599c762f3772bc838f124a9b8d9cf77ca52e21c1696|0xf9207ed1962475f8fd38d24435489098e287f65bfa3d44beb725f4eb474f4516,ABSENT_NO_HOOK_ADDRESS,True,,True,UNMATCHABLE
0xfcdb917f331c18b28a3f002c9aec5b787351ac092a05f1e9e3e7f1bd43ffb832,2746,2746,52336302,2026-10-08T12:19:11Z,A,trace-verified native flows; all legs priced,INFERRED,1.115283,1_to_lt25,1,0xbc94a571767139984504676ec9347f57ca5f9ad10e917f235ef2c88fb1df79bf,ABSENT_NO_HOOK_ADDRESS,True,Aerodrome-Slipstream3|UniswapV3,True,PARTIAL_POOL_SET
0x1b679aa800fcd947ec6ef905e6cccb4e61097f462540a813d7d2b3d25d19299b,2747,2747,52336340,2026-10-08T12:20:27Z,A,trace-verified native flows; all legs priced,INFERRED,3.113106,1_to_lt25,1,0xbc94a571767139984504676ec9347f57ca5f9ad10e917f235ef2c88fb1df79bf,ABSENT_NO_HOOK_ADDRESS,True,Aerodrome-Slipstream3|UniswapV3,True,PARTIAL_POOL_SET
0x7ff3b4f5a628a1c1914943f5e885b41f8af0365e0c46cfccfc6bda83ad427c9e,2748,2748,52336344,2026-10-08T12:20:35Z,B,"log-reconstructed (no native legs, no ext payouts); not trace-checked",MISSING,0.76545,0_to_lt1,1,0xbc94a571767139984504676ec9347f57ca5f9ad10e917f235ef2c88fb1df79bf,ABSENT_NO_HOOK_ADDRESS,True,Aerodrome-Slipstream3|UniswapV3,True,UNMATCHED
0x516f25b29edfbcdcfd03d17f25e93befb9ffabd3c33dcbf62cd8de2ce4e27151,2756,2756,52336394,2026-10-08T12:22:15Z,B,"log-reconstructed (no native legs, no ext payouts); not trace-checked",VERIFIED,0.125843,0_to_lt1,3,0x8fa12c2e1f56a0962559344afa0d6dad4b96ace5258c8a079029907924dfeba7|0xc4ad5df373b26c263239697c5a1f32c41ed96f5e30f3d77c0cae75f7c8e03495|0xfba2c4592d32a4e2e6393b8898f9110b4e272983f4bd416b38f81672a17fe3dc,ABSENT_NO_HOOK_ADDRESS,True,,True,UNMATCHABLE
0x5b5b2e772f2300b339cae84f5642399de5b03bae365e127277e841d520a94045,2760,2760,52336401,2026-10-08T12:22:29Z,B,"log-reconstructed (no native legs, no ext payouts); not trace-checked",VERIFIED,0.099452,0_to_lt1,3,0x8fa12c2e1f56a0962559344afa0d6dad4b96ace5258c8a079029907924dfeba7|0xa158f17456688662960aa599c762f3772bc838f124a9b8d9cf77ca52e21c1696|0xfba2c4592d32a4e2e6393b8898f9110b4e272983f4bd416b38f81672a17fe3dc,ABSENT_NO_HOOK_ADDRESS,True,,True,UNMATCHABLE
0xb651375e9401f6f5579cd045213c9d1bcba8f0dd096ba30eb5c4c5502efc420b,2761,2761,52336407,2026-10-08T12:22:41Z,B,"log-reconstructed (no native legs, no ext payouts); not trace-checked",MISSING,0.07339,0_to_lt1,3,0x8fa12c2e1f56a0962559344afa0d6dad4b96ace5258c8a079029907924dfeba7|0xf9207ed1962475f8fd38d24435489098e287f65bfa3d44beb725f4eb474f4516|0xfba2c4592d32a4e2e6393b8898f9110b4e272983f4bd416b38f81672a17fe3dc,ABSENT_NO_HOOK_ADDRESS,True,,True,UNMATCHABLE
0x02c58424336c1b281dd2562c5c88e184dd37a5e46d8bb500102c73d36fddb971,2762,2762,52336412,2026-10-08T12:22:51Z,B,"log-reconstructed (no native legs, no ext payouts); not trace-checked",MISSING,0.037688,0_to_lt1,2,0xa158f17456688662960aa599c762f3772bc838f124a9b8d9cf77ca52e21c1696|0xc4ad5df373b26c263239697c5a1f32c41ed96f5e30f3d77c0cae75f7c8e03495,ABSENT_NO_HOOK_ADDRESS,True,,True,UNMATCHABLE
0x968854e516abd5bf4cb15ce89a109aee51822dd0464601203e899ce14b924a8f,2763,2763,52336419,2026-10-08T12:23:05Z,B,"log-reconstructed (no native legs, no ext payouts); not trace-checked",MISSING,0.037233,0_to_lt1,2,0xa158f17456688662960aa599c762f3772bc838f124a9b8d9cf77ca52e21c1696|0xf9207ed1962475f8fd38d24435489098e287f65bfa3d44beb725f4eb474f4516,ABSENT_NO_HOOK_ADDRESS,True,,True,UNMATCHABLE
0xdfbf0c16d9ffd10116d03f9542998b379c08cab4eb8d2b563feefad34f0b9060,2764,2764,52336425,2026-10-08T12:23:17Z,A,trace-verified native flows; all legs priced,MISSING,2.767511,1_to_lt25,1,0x867dbb1b6417abcb3696d5a5d9cc38cbf9f0f6d17355515fe1c8303e791832c4,ABSENT_NO_HOOK_ADDRESS,True,Aerodrome-V2|UniswapV3,True,UNMATCHED
0x234688df43d82c51e9f4b1ba38410dc596fde6f91862ddc0e8f46112c0f011f5,2765,2765,52336437,2026-10-08T12:23:41Z,B,"log-reconstructed (no native legs, no ext payouts); not trace-checked",MISSING,0.030244,0_to_lt1,2,0x5886bc2e9266e9afaa378b57ef58b9ea06b715b4ab857cfdb3168ed1e9fff462|0xa158f17456688662960aa599c762f3772bc838f124a9b8d9cf77ca52e21c1696,ABSENT_NO_HOOK_ADDRESS,True,,True,UNMATCHABLE
0x5762bbfa7a076f85cc0d2dfd87fe44f16295d63e6a52e0ce631ab84799de4b46,2766,2766,52336470,2026-10-08T12:24:47Z,A,trace-verified native flows; all legs priced,MISSING,0.200408,0_to_lt1,2,0x060acec380a49cd0f6ebd34ad1263052f95a84679a1127801daf3d0dd8e567ac|0xbc94a571767139984504676ec9347f57ca5f9ad10e917f235ef2c88fb1df79bf,TAGGED_HOOK_NO_ADDRESS,True,UniswapV3,True,UNMATCHED
0x1f8ea3e1d56fc586dd83272c0adf3665bb2f9d5522d29820133d55c967be285c,2768,2768,52336475,2026-10-08T12:24:57Z,B,"log-reconstructed (no native legs, no ext payouts); not trace-checked",MISSING,0.211621,0_to_lt1,1,0x381c95740e3e5a23d66b9757ade02d85e8810e3711f20aaa15c37e06963ab747,ABSENT_NO_HOOK_ADDRESS,True,Aerodrome-V2|AlgebraIntegral@0xc5396866,True,UNMATCHED
0xdc62d6177632cc0f6a8acb374b2d316e2050a2d35288e5538ec9d2ce72ce9259,2770,2770,52336479,2026-10-08T12:25:05Z,B,"log-reconstructed (no native legs, no ext payouts); not trace-checked",MISSING,0.047944,0_to_lt1,1,0x381c95740e3e5a23d66b9757ade02d85e8810e3711f20aaa15c37e06963ab747,ABSENT_NO_HOOK_ADDRESS,True,Aerodrome-V2,True,UNMATCHED
0x4a95b50cadad00467b7d32136b03cd671eaa2b80187777de64d44c9029e3b301,2771,2771,52336479,2026-10-08T12:25:05Z,B,"log-reconstructed (no native legs, no ext payouts); not trace-checked",MISSING,0.333971,0_to_lt1,1,0x381c95740e3e5a23d66b9757ade02d85e8810e3711f20aaa15c37e06963ab747,ABSENT_NO_HOOK_ADDRESS,True,Aerodrome-V2,True,UNMATCHED
0x95c12bf7072163845708661ddbf1e3758e576bc3756e4e00adff2afc542611ef,2772,2772,52336479,2026-10-08T12:25:05Z,A,trace-verified native flows; all legs priced,MISSING,1.602951,1_to_lt25,1,0x381c95740e3e5a23d66b9757ade02d85e8810e3711f20aaa15c37e06963ab747,ABSENT_NO_HOOK_ADDRESS,True,Aerodrome-V2|UniswapV3,True,UNMATCHED
0x265922afe85f9db8701acb1f15a21de05f43afd08817fd4f97cd0ebca32340fe,2773,2773,52336483,2026-10-08T12:25:13Z,B,"log-reconstructed (no native legs, no ext payouts); not trace-checked",MISSING,0.309515,0_to_lt1,1,0x381c95740e3e5a23d66b9757ade02d85e8810e3711f20aaa15c37e06963ab747,ABSENT_NO_HOOK_ADDRESS,True,Aerodrome-V2|AlgebraIntegral@0xc5396866,True,UNMATCHED
0x77729f2c6dd79e315142d3079e798432faa5330bd2d0edb79f44a728eb2043f7,2774,2774,52336484,2026-10-08T12:25:15Z,B,"log-reconstructed (no native legs, no ext payouts); not trace-checked",INFERRED,0.216581,0_to_lt1,1,0x381c95740e3e5a23d66b9757ade02d85e8810e3711f20aaa15c37e06963ab747,ABSENT_NO_HOOK_ADDRESS,True,Aerodrome-V2|TraderJoe-LB,True,UNMATCHED
0x7fcf6009dde72a46ab9544a5e8c84e89cb6db58ecb909c4b8ff1ac40b0cb3091,2775,2775,52336484,2026-10-08T12:25:15Z,A,trace-verified native flows; all legs priced,INFERRED,0.130903,0_to_lt1,1,0x381c95740e3e5a23d66b9757ade02d85e8810e3711f20aaa15c37e06963ab747,ABSENT_NO_HOOK_ADDRESS,True,Aerodrome-Slipstream3|UniswapV3,True,UNMATCHED
0x2fd1f3d317c3e03a6beafe9993eece5f0a24e212f9de81ac33fdf627b13222a4,2776,2776,52336484,2026-10-08T12:25:15Z,B,"log-reconstructed (no native legs, no ext payouts); not trace-checked",INFERRED,0.077838,0_to_lt1,1,0x381c95740e3e5a23d66b9757ade02d85e8810e3711f20aaa15c37e06963ab747,ABSENT_NO_HOOK_ADDRESS,True,Aerodrome-Slipstream|UniswapV3,True,UNMATCHED
0xb1004a05b1933422a8908e0f6e836691826bc110aa401283c637e61fb9488552,2779,2779,52336538,2026-10-08T12:27:03Z,B,"log-reconstructed (no native legs, no ext payouts); not trace-checked",MISSING,0.013426,0_to_lt1,2,0xa158f17456688662960aa599c762f3772bc838f124a9b8d9cf77ca52e21c1696|0xf9207ed1962475f8fd38d24435489098e287f65bfa3d44beb725f4eb474f4516,ABSENT_NO_HOOK_ADDRESS,True,,True,UNMATCHABLE
0xb9319b1cdfaaa059d0a9eec1b6c8caded1d48fd2258bd667813df673398558b6,2781,2781,52336554,2026-10-08T12:27:35Z,A,trace-verified native flows; all legs priced,MISSING,4.932248,1_to_lt25,1,0xbc94a571767139984504676ec9347f57ca5f9ad10e917f235ef2c88fb1df79bf,ABSENT_NO_HOOK_ADDRESS,True,Aerodrome-Slipstream3|UniswapV3,True,UNMATCHED
0x9b5f0386fb2829ad9985f06dae6ed3d23ccc4a4ae29f2d2ada7e67dd8878a69f,2782,2782,52336603,2026-10-08T12:29:13Z,B,"log-reconstructed (no native legs, no ext payouts); not trace-checked",INFERRED,0.037017,0_to_lt1,2,0x5886bc2e9266e9afaa378b57ef58b9ea06b715b4ab857cfdb3168ed1e9fff462|0x8fa12c2e1f56a0962559344afa0d6dad4b96ace5258c8a079029907924dfeba7,ABSENT_NO_HOOK_ADDRESS,True,V3-type@0x70fe4a44,True,UNMATCHED
0x2c976bd36ef2de152ca7c133f62239526178f99ee28ea3ac62ba5451e789765b,2783,2783,52336607,2026-10-08T12:29:21Z,B,"log-reconstructed (no native legs, no ext payouts); not trace-checked",MISSING,0.018658,0_to_lt1,3,0x5886bc2e9266e9afaa378b57ef58b9ea06b715b4ab857cfdb3168ed1e9fff462|0x8fa12c2e1f56a0962559344afa0d6dad4b96ace5258c8a079029907924dfeba7|0xfba2c4592d32a4e2e6393b8898f9110b4e272983f4bd416b38f81672a17fe3dc,ABSENT_NO_HOOK_ADDRESS,True,,True,UNMATCHABLE
0x6bed0ca13d57f931b1c643d72a17339a944f2feca0aa92dc63d5d9de7d399c10,2786,2786,52336662,2026-10-08T12:31:11Z,B,"log-reconstructed (no native legs, no ext payouts); not trace-checked",INFERRED,3.1678,1_to_lt25,1,0xbc94a571767139984504676ec9347f57ca5f9ad10e917f235ef2c88fb1df79bf,ABSENT_NO_HOOK_ADDRESS,True,Aerodrome-Slipstream3|UniswapV3,True,UNMATCHED
0x29a4f9b1ddd02412cf64ebd516e26198d784e5c7d695f4f648d7386a42a0936d,2789,2789,52336773,2026-10-08T12:34:53Z,B,"log-reconstructed (no native legs, no ext payouts); not trace-checked",INFERRED,0.091871,0_to_lt1,2,0x5886bc2e9266e9afaa378b57ef58b9ea06b715b4ab857cfdb3168ed1e9fff462|0xa158f17456688662960aa599c762f3772bc838f124a9b8d9cf77ca52e21c1696,ABSENT_NO_HOOK_ADDRESS,True,,True,UNMATCHABLE
0xf9768c71151afbf90cae241fa03b139681a16790fe999d48d55ab3f59d7147cd,2790,2790,52336776,2026-10-08T12:34:59Z,B,"log-reconstructed (no native legs, no ext payouts); not trace-checked",MISSING,0.032355,0_to_lt1,2,0x5886bc2e9266e9afaa378b57ef58b9ea06b715b4ab857cfdb3168ed1e9fff462|0xc4ad5df373b26c263239697c5a1f32c41ed96f5e30f3d77c0cae75f7c8e03495,ABSENT_NO_HOOK_ADDRESS,True,,True,UNMATCHABLE
0x253dff4175631f10a93a18fca4e2ef9ae9fd966fe7b66031494d1b0404bfaeae,2792,2792,52336792,2026-10-08T12:35:31Z,A,trace-verified native flows; all legs priced,INFERRED,0.158037,0_to_lt1,1,0xbc94a571767139984504676ec9347f57ca5f9ad10e917f235ef2c88fb1df79bf,ABSENT_NO_HOOK_ADDRESS,True,Aerodrome-Slipstream3|UniswapV3,True,PARTIAL_POOL_SET
0x485987dcf9ffc1d30f6d5b9b8d309ae1af3f62a558a6a871dfd3aac802191b38,2793,2793,52336792,2026-10-08T12:35:31Z,B,"log-reconstructed (no native legs, no ext payouts); not trace-checked",MISSING,0.096579,0_to_lt1,1,0xbc94a571767139984504676ec9347f57ca5f9ad10e917f235ef2c88fb1df79bf,ABSENT_NO_HOOK_ADDRESS,True,Aerodrome-Slipstream3|UniswapV3,True,UNMATCHED
0xeda5935fa4721b3eea5d8e1c252c52bc07844df4c43a20aac3b08a69ab0690ab,2794,2794,52336799,2026-10-08T12:35:45Z,B,"log-reconstructed (no native legs, no ext payouts); not trace-checked",INFERRED,0.02228,0_to_lt1,2,0x5886bc2e9266e9afaa378b57ef58b9ea06b715b4ab857cfdb3168ed1e9fff462|0x8fa12c2e1f56a0962559344afa0d6dad4b96ace5258c8a079029907924dfeba7,ABSENT_NO_HOOK_ADDRESS,True,V3-type@0x70fe4a44,True,UNMATCHED
0xd6c6f75dba78beb836eacd330b4e54b20937d1a8c37d174d7843bce9be7d597f,2795,2795,52336819,2026-10-08T12:36:25Z,B,"log-reconstructed (no native legs, no ext payouts); not trace-checked",VERIFIED,0.108494,0_to_lt1,3,0x5886bc2e9266e9afaa378b57ef58b9ea06b715b4ab857cfdb3168ed1e9fff462|0xe37c65fda5e9571fb14b3f21bbb2752769525b92b6a5f624186509612bf61d9e|0xf13203ddbf2c9816a79b656a1a952521702715d92fea465b84ae2ed6e94a7f22,ABSENT_NO_HOOK_ADDRESS,True,,True,UNMATCHABLE
0xb2eaa186adf2b95b3e7dcb365473df84a51c3456dc4c3604576cb8f9e1487154,2796,2796,52336837,2026-10-08T12:37:01Z,B,"log-reconstructed (no native legs, no ext payouts); not trace-checked",INFERRED,0.039046,0_to_lt1,3,0x5886bc2e9266e9afaa378b57ef58b9ea06b715b4ab857cfdb3168ed1e9fff462|0xe37c65fda5e9571fb14b3f21bbb2752769525b92b6a5f624186509612bf61d9e|0xfba2c4592d32a4e2e6393b8898f9110b4e272983f4bd416b38f81672a17fe3dc,ABSENT_NO_HOOK_ADDRESS,True,,True,UNMATCHABLE
0xcb9d901eeff287ccbeccad09310365f5b9b40cadf89065b088a00759e7db4f55,2797,2797,52336853,2026-10-08T12:37:33Z,B,"log-reconstructed (no native legs, no ext payouts); not trace-checked",VERIFIED,0.134663,0_to_lt1,3,0xc4ad5df373b26c263239697c5a1f32c41ed96f5e30f3d77c0cae75f7c8e03495|0xe37c65fda5e9571fb14b3f21bbb2752769525b92b6a5f624186509612bf61d9e|0xf13203ddbf2c9816a79b656a1a952521702715d92fea465b84ae2ed6e94a7f22,ABSENT_NO_HOOK_ADDRESS,True,,True,UNMATCHABLE
0x6f3810ab6168267e194ccb785b2fe78ec4e4cc2e5f5c708b1ed932c1e9c6f2fe,2800,2800,52336901,2026-10-08T12:39:09Z,A,trace-verified native flows; all legs priced,INFERRED,0.189433,0_to_lt1,1,0xbc94a571767139984504676ec9347f57ca5f9ad10e917f235ef2c88fb1df79bf,ABSENT_NO_HOOK_ADDRESS,True,Aerodrome-Slipstream3|UniswapV3,True,PARTIAL_POOL_SET
0x82ab8bebafc30019ff9ea486ce65d0c0df15d44d6c7bcf24fa3d616ef1a60cc2,2801,2801,52336911,2026-10-08T12:39:29Z,B,"log-reconstructed (no native legs, no ext payouts); not trace-checked",VERIFIED,0.229605,0_to_lt1,3,0xc4ad5df373b26c263239697c5a1f32c41ed96f5e30f3d77c0cae75f7c8e03495|0xe37c65fda5e9571fb14b3f21bbb2752769525b92b6a5f624186509612bf61d9e|0xf13203ddbf2c9816a79b656a1a952521702715d92fea465b84ae2ed6e94a7f22,ABSENT_NO_HOOK_ADDRESS,True,,True,UNMATCHABLE
0xaf6d2b4bfedca9cdce7a1c3554a18f7435f84d4f1859f13a4c934327dddf5c1f,2804,2804,52336936,2026-10-08T12:40:19Z,B,"log-reconstructed (no native legs, no ext payouts); not trace-checked",MISSING,0.144285,0_to_lt1,1,0x5886bc2e9266e9afaa378b57ef58b9ea06b715b4ab857cfdb3168ed1e9fff462,ABSENT_NO_HOOK_ADDRESS,True,UniswapV3,True,UNMATCHED
0xd97b103066650a41cd044440cc77b4bbf71cdf8d4c2c459153012396d3239e98,2805,2805,52336943,2026-10-08T12:40:33Z,B,"log-reconstructed (no native legs, no ext payouts); not trace-checked",MISSING,0.136234,0_to_lt1,1,0x5886bc2e9266e9afaa378b57ef58b9ea06b715b4ab857cfdb3168ed1e9fff462,ABSENT_NO_HOOK_ADDRESS,True,UniswapV3,True,UNMATCHED
0xcefe1fdb6fb296603e9bc30f4f790d6de8c18beec672133e5da06f2113a066fd,2806,2806,52336944,2026-10-08T12:40:35Z,B,"log-reconstructed (no native legs, no ext payouts); not trace-checked",INFERRED,0.025092,0_to_lt1,2,0x5886bc2e9266e9afaa378b57ef58b9ea06b715b4ab857cfdb3168ed1e9fff462|0xa158f17456688662960aa599c762f3772bc838f124a9b8d9cf77ca52e21c1696,ABSENT_NO_HOOK_ADDRESS,True,,True,UNMATCHABLE
0xb90c91b18ce5a2529235d6b79ade31860151e1754634865c3375f502969a00dd,2807,2807,52336944,2026-10-08T12:40:35Z,B,"log-reconstructed (no native legs, no ext payouts); not trace-checked",INFERRED,0.084564,0_to_lt1,1,0xa158f17456688662960aa599c762f3772bc838f124a9b8d9cf77ca52e21c1696,ABSENT_NO_HOOK_ADDRESS,True,UniswapV3,True,UNMATCHED
0x1da8f01683325c6320edb897fbe2379fa0e95f3ed5254289ad32bb1ddfb0d007,2808,2808,52336948,2026-10-08T12:40:43Z,B,"log-reconstructed (no native legs, no ext payouts); not trace-checked",MISSING,0.956362,0_to_lt1,1,0xbc94a571767139984504676ec9347f57ca5f9ad10e917f235ef2c88fb1df79bf,ABSENT_NO_HOOK_ADDRESS,True,Aerodrome-Slipstream3|UniswapV3,True,UNMATCHED
0xe55dbc275ae2da09652c2dc2e587988c4ae60a5061e357080b6d388d1be0f432,2809,2809,52336948,2026-10-08T12:40:43Z,B,"log-reconstructed (no native legs, no ext payouts); not trace-checked",MISSING,0.431513,0_to_lt1,1,0x5886bc2e9266e9afaa378b57ef58b9ea06b715b4ab857cfdb3168ed1e9fff462,ABSENT_NO_HOOK_ADDRESS,True,UniswapV3,True,UNMATCHED
0x340985a86b4c17389e76ba8074c8e91e945bc50abb748ddd36abfd5e80bc6423,2811,2811,52336949,2026-10-08T12:40:45Z,A,trace-verified native flows; all legs priced,MISSING,1.238866,1_to_lt25,1,0x5886bc2e9266e9afaa378b57ef58b9ea06b715b4ab857cfdb3168ed1e9fff462,ABSENT_NO_HOOK_ADDRESS,True,UniswapV3,True,UNMATCHED
0x3ffe91bdf6a321ee9261ca04d80b0e6f723b38fea5778acb714276f6cfafccf9,2812,2812,52336949,2026-10-08T12:40:45Z,B,"log-reconstructed (no native legs, no ext payouts); not trace-checked",MISSING,0.256855,0_to_lt1,1,0xa158f17456688662960aa599c762f3772bc838f124a9b8d9cf77ca52e21c1696,ABSENT_NO_HOOK_ADDRESS,True,UniswapV3,True,UNMATCHED
0xc5b685148bf43c04abd03cab855eb44bbbb7a46b03790525c3179769dfad3b67,2813,2813,52336949,2026-10-08T12:40:45Z,B,"log-reconstructed (no native legs, no ext payouts); not trace-checked",MISSING,0.011781,0_to_lt1,1,0xa158f17456688662960aa599c762f3772bc838f124a9b8d9cf77ca52e21c1696,ABSENT_NO_HOOK_ADDRESS,True,UniswapV3,True,UNMATCHED
0x4f5c703692a88ed513b794c1ea34b89f4117439b0240f7399aed144431293a81,2814,2814,52336949,2026-10-08T12:40:45Z,A,trace-verified native flows; all legs priced,INFERRED,0.308619,0_to_lt1,1,0x5886bc2e9266e9afaa378b57ef58b9ea06b715b4ab857cfdb3168ed1e9fff462,ABSENT_NO_HOOK_ADDRESS,True,UniswapV3,True,PARTIAL_POOL_SET
0xc203f5692a39da711e29e8d12e23739f7098590ce891950fe6244f8d8b9e6106,2816,2816,52336949,2026-10-08T12:40:45Z,A,trace-verified native flows; all legs priced,INFERRED,0.21646,0_to_lt1,1,0x5886bc2e9266e9afaa378b57ef58b9ea06b715b4ab857cfdb3168ed1e9fff462,ABSENT_NO_HOOK_ADDRESS,True,UniswapV3,True,PARTIAL_POOL_SET
0x14e57701ed192b1a1bbb6d14cbc71506ab6565ca7a286fea2294323b4adcde8a,2817,2817,52336949,2026-10-08T12:40:45Z,B,"log-reconstructed (no native legs, no ext payouts); not trace-checked",MISSING,0.009236,0_to_lt1,1,0xa158f17456688662960aa599c762f3772bc838f124a9b8d9cf77ca52e21c1696,ABSENT_NO_HOOK_ADDRESS,True,UniswapV3,True,UNMATCHED
0x8f3e6c6db18e59fc4cb9ce45cecae0256818b955d2864872a16534f92d3b8fbb,2818,2818,52336949,2026-10-08T12:40:45Z,B,"log-reconstructed (no native legs, no ext payouts); not trace-checked",MISSING,0.159712,0_to_lt1,1,0x5886bc2e9266e9afaa378b57ef58b9ea06b715b4ab857cfdb3168ed1e9fff462,ABSENT_NO_HOOK_ADDRESS,True,UniswapV3,True,UNMATCHED
0x2e58fd289f13bbde8c2cc653713571f6fa5313c67b8d63ee108611a719acb544,2819,2819,52336949,2026-10-08T12:40:45Z,B,"log-reconstructed (no native legs, no ext payouts); not trace-checked",MISSING,0.021873,0_to_lt1,1,0xa158f17456688662960aa599c762f3772bc838f124a9b8d9cf77ca52e21c1696,ABSENT_NO_HOOK_ADDRESS,True,UniswapV3,True,UNMATCHED
0x0c27d11128f66f495b79d8cedcea89befdab48537cf6bd4d1be4385c92f4062c,2821,2821,52336954,2026-10-08T12:40:55Z,B,"log-reconstructed (no native legs, no ext payouts); not trace-checked",INFERRED,0.0935,0_to_lt1,1,0xa158f17456688662960aa599c762f3772bc838f124a9b8d9cf77ca52e21c1696,ABSENT_NO_HOOK_ADDRESS,True,UniswapV3,True,UNMATCHED
0x7bf6988f341a349891a965197b305ab9f369b8efdbf79056a69a4d83ba510324,2822,2822,52336955,2026-10-08T12:40:57Z,A,trace-verified native flows; all legs priced,INFERRED,0.788631,0_to_lt1,1,0xa158f17456688662960aa599c762f3772bc838f124a9b8d9cf77ca52e21c1696,ABSENT_NO_HOOK_ADDRESS,True,UniswapV3,True,PARTIAL_POOL_SET
0xb8ca90b2f512c7e0406f474c98f8c24741893c2d05ae5c9ba20d07dcc6a548cc,2823,2823,52336955,2026-10-08T12:40:57Z,A,trace-verified native flows; all legs priced,INFERRED,0.579331,0_to_lt1,1,0xa158f17456688662960aa599c762f3772bc838f124a9b8d9cf77ca52e21c1696,ABSENT_NO_HOOK_ADDRESS,True,UniswapV3,True,PARTIAL_POOL_SET
0x18a6648cc832a2869e3d4112bef9af261a529f11be2c3d68199fd49c62002924,2824,2824,52336955,2026-10-08T12:40:57Z,B,"log-reconstructed (no native legs, no ext payouts); not trace-checked",INFERRED,0.283159,0_to_lt1,1,0xa158f17456688662960aa599c762f3772bc838f124a9b8d9cf77ca52e21c1696,ABSENT_NO_HOOK_ADDRESS,True,UniswapV3,True,UNMATCHED
0xf1590248e066046838a58391703e4d1f2a2c8e1cb71dc0f8e491191d45e75d9d,2827,2827,52336959,2026-10-08T12:41:05Z,B,"log-reconstructed (no native legs, no ext payouts); not trace-checked",MISSING,0.501824,0_to_lt1,1,0xfba2c4592d32a4e2e6393b8898f9110b4e272983f4bd416b38f81672a17fe3dc,ABSENT_NO_HOOK_ADDRESS,True,UniswapV3,True,UNMATCHED
0x5dad1642fd4f1132e50b8f67cc01c20dbad0c6958da533fbedd639e9bc323d1c,2829,2829,52336962,2026-10-08T12:41:11Z,B,"log-reconstructed (no native legs, no ext payouts); not trace-checked",MISSING,0.210975,0_to_lt1,1,0xbc94a571767139984504676ec9347f57ca5f9ad10e917f235ef2c88fb1df79bf,ABSENT_NO_HOOK_ADDRESS,True,Aerodrome-Slipstream3|UniswapV3,True,UNMATCHED
0xe313d313fecbf3cd062370ca5f46258042077ce929b41ca932f6cb3ab29246c4,2830,2830,52336962,2026-10-08T12:41:11Z,B,"log-reconstructed (no native legs, no ext payouts); not trace-checked",MISSING,0.008265,0_to_lt1,1,0x49fff8ec544984d862c0c322c83bc0cfb7a9a953a7d4d4d352a2aff27f7602cf,ABSENT_NO_HOOK_ADDRESS,True,UniswapV3,True,UNMATCHED
0x627a754ea217f405be123db8e2cd1d32b13dabb6dc1256c16b35323961337b9a,2831,2831,52336975,2026-10-08T12:41:37Z,B,"log-reconstructed (no native legs, no ext payouts); not trace-checked",MISSING,0.02723,0_to_lt1,1,0xaa3f41df57766197c15679db7db272058137b26b371b285813ecc620428a4c6c,ABSENT_NO_HOOK_ADDRESS,True,UniswapV3,True,UNMATCHED
0xffda4a649f192cb93f97cfb0b48944fec307ebaf3ccf54d1421cf91da8affef5,2833,2833,52336988,2026-10-08T12:42:03Z,B,"log-reconstructed (no native legs, no ext payouts); not trace-checked",MISSING,0.120864,0_to_lt1,1,0xfba2c4592d32a4e2e6393b8898f9110b4e272983f4bd416b38f81672a17fe3dc,ABSENT_NO_HOOK_ADDRESS,True,UniswapV3,True,UNMATCHED
0x6154ccf74e20fcc2c5550ab43195c6e3e0a4b3a24df35df638a191dc90ac446b,2838,2838,52336997,2026-10-08T12:42:21Z,B,"log-reconstructed (no native legs, no ext payouts); not trace-checked",MISSING,0.082168,0_to_lt1,1,0x49fff8ec544984d862c0c322c83bc0cfb7a9a953a7d4d4d352a2aff27f7602cf,ABSENT_NO_HOOK_ADDRESS,True,UniswapV3,True,UNMATCHED
0x6b4e53d037cc04ca2ea952713a6f5088d5c2fbe77012b034478e1fb71d1c3a9c,2843,2843,52337035,2026-10-08T12:43:37Z,B,"log-reconstructed (no native legs, no ext payouts); not trace-checked",INFERRED,0.154933,0_to_lt1,1,0xfba2c4592d32a4e2e6393b8898f9110b4e272983f4bd416b38f81672a17fe3dc,ABSENT_NO_HOOK_ADDRESS,True,UniswapV3,True,UNMATCHED
0x76c35998947393530e419ca0cea0563bafafd9d58487ae05004a0eb19d32b3ee,2844,2844,52337075,2026-10-08T12:44:57Z,B,"log-reconstructed (no native legs, no ext payouts); not trace-checked",INFERRED,0.109105,0_to_lt1,1,0xfba2c4592d32a4e2e6393b8898f9110b4e272983f4bd416b38f81672a17fe3dc,ABSENT_NO_HOOK_ADDRESS,True,UniswapV3,True,UNMATCHED
0x4c702dbb18e74ab23c75187f28574f0f552acf2853c00894091698220ba29128,2845,2845,52337077,2026-10-08T12:45:01Z,B,"log-reconstructed (no native legs, no ext payouts); not trace-checked",MISSING,0.136086,0_to_lt1,1,0x7681c00520c26da8d8970c21a65461c726f274068eb08743debc1178e697044e,ABSENT_NO_HOOK_ADDRESS,True,UniswapV3,True,UNMATCHED
0x3c1e67b54f59e9bb7ad289745b0114f78430c55edd0bd08c99621ff6f67e1430,2848,2848,52337101,2026-10-08T12:45:49Z,B,"log-reconstructed (no native legs, no ext payouts); not trace-checked",MISSING,0.058354,0_to_lt1,1,0xfba2c4592d32a4e2e6393b8898f9110b4e272983f4bd416b38f81672a17fe3dc,ABSENT_NO_HOOK_ADDRESS,True,Aerodrome-Slipstream|Aerodrome-Slipstream3,True,UNMATCHED
0x094052ccbdebe10072c64318c8d4d75f74cedf2f0cfd3c4deb74e83267dcf8f5,2849,2849,52337110,2026-10-08T12:46:07Z,A,trace-verified native flows; all legs priced,INFERRED,0.224625,0_to_lt1,3,0x4faa9e94181e8c44bc7a46c5dd669be313043e191783b32de36ac05536cfd05b|0x84bb5de343c30ebd863aaaea0c8d1013c12d4e876645f4ea610c67f71fa8490d|0xce6c9bf0853183b77410baf93a100f7eff7726026befe6222f87e03463084e52,ABSENT_NO_HOOK_ADDRESS,True,UniswapV3,True,PARTIAL_POOL_UNSUPPORTED_VENUE
0xa1ef816dd3ad2ad3df01bda8d3752d74252cf563b0436de252c2dd751f12e1ea,2850,2850,52337117,2026-10-08T12:46:21Z,B,"log-reconstructed (no native legs, no ext payouts); not trace-checked",MISSING,0.131419,0_to_lt1,1,0x7681c00520c26da8d8970c21a65461c726f274068eb08743debc1178e697044e,ABSENT_NO_HOOK_ADDRESS,True,UniswapV3,True,UNMATCHED
0x44f80c1928b575c96049108a2afb70b90f73059b72855c309b29f6410e986405,2852,2852,52337144,2026-10-08T12:47:15Z,B,"log-reconstructed (no native legs, no ext payouts); not trace-checked",MISSING,0.075563,0_to_lt1,1,0xfba2c4592d32a4e2e6393b8898f9110b4e272983f4bd416b38f81672a17fe3dc,ABSENT_NO_HOOK_ADDRESS,True,UniswapV3,True,UNMATCHED
0x2f688503df0a0fe06e62f2f9dc1f4dbdda74af29f6f0a0f2c6815af0ffbfdc35,2862,2862,52337235,2026-10-08T12:50:17Z,D,cyclic_unknown_venue,MISSING,,kept_null,1,0x7681c00520c26da8d8970c21a65461c726f274068eb08743debc1178e697044e,ABSENT_NO_HOOK_ADDRESS,True,PancakeV3,False,UNMATCHED
0x185a958f3d7e90db3f96d598dbfc134c2d7627e2364076b1bdf4ac64676a029d,2864,2864,52337235,2026-10-08T12:50:17Z,A,trace-verified native flows; all legs priced,MISSING,1.992636,1_to_lt25,1,0xf97db19953c4309b3af2ceb9cce172939e8868321a24656667d44cccb31c9ddc,ABSENT_NO_HOOK_ADDRESS,True,PancakeV3,False,UNMATCHED
0x27ce7c09ac874c814995092d42615aa6568d11c8e59b3fa85133d673b73645cb,2865,2865,52337235,2026-10-08T12:50:17Z,C,cyclic_native_leg_unverified,MISSING,,kept_null,2,0x2706322a30d4e244fb0a61b47d4951a277561e2cddb2614fcd41bae530777180|0xaf861cf0c9660712dfac0b4b30a5684c7e632c5567c07df54cd1f68c8e587a3e,ABSENT_NO_HOOK_ADDRESS,True,UniswapV3,True,PARTIAL_POOL_UNSUPPORTED_VENUE
0x4fe1cc10123b0e2e5846187be677cf85ecc1e22b771bda405aa6084cca77502e,2869,2869,52337235,2026-10-08T12:50:17Z,B,"log-reconstructed (no native legs, no ext payouts); not trace-checked",MISSING,5.61178,1_to_lt25,1,0xb24f7fcd75c3a001b74be4c60f181c024154c4d7c33097777e3950979042b073,ABSENT_NO_HOOK_ADDRESS,True,Aerodrome-Slipstream|Aerodrome-Slipstream3,True,UNMATCHED
0xba14638431ee3ed13245d178e659738df799659d2c504b41098b65b69c975ea7,2875,2875,52337235,2026-10-08T12:50:17Z,B,"log-reconstructed (no native legs, no ext payouts); not trace-checked",MISSING,1.310931,1_to_lt25,1,0xb24f7fcd75c3a001b74be4c60f181c024154c4d7c33097777e3950979042b073,ABSENT_NO_HOOK_ADDRESS,True,Aerodrome-Slipstream|Aerodrome-V2,True,UNMATCHED
0xd9623bdc600bdef9a15259bae28111976570002942ed292f97a2a48961a16352,2879,2879,52337236,2026-10-08T12:50:19Z,D,cyclic_v4_unresolved,MISSING,,kept_null,1,0xfead056987a16ab9c0a62f8cfb6041bc2961abe156ff091c2bc24cb6c3c2a752,ABSENT_NO_HOOK_ADDRESS,True,PancakeV3,False,UNMATCHED
0xf23f08c74a4ef362a701f1593306097dad2743d403666e30e4ed0c9bd7e3fcff,2880,2880,52337236,2026-10-08T12:50:19Z,D,cyclic_unknown_venue,MISSING,,kept_null,1,0x7681c00520c26da8d8970c21a65461c726f274068eb08743debc1178e697044e,ABSENT_NO_HOOK_ADDRESS,True,PancakeV3,False,UNMATCHED
0x45c115d4d8c5ff5e9f346b21a619117b3296b51d93675d6501fadb9d1fcad488,2881,2881,52337236,2026-10-08T12:50:19Z,B,"log-reconstructed (no native legs, no ext payouts); not trace-checked",VERIFIED,0.346838,0_to_lt1,1,0xf75abf8b552feb6cc784c1432b731276f253dff4b72ec0b2162444efca39a4a9,ABSENT_NO_HOOK_ADDRESS,True,PancakeV3|UniswapV2,True,UNMATCHED
0xc67e1bf368bacb3f2a962636954b6c5b10e59ebe8e6e4c8d61f187ef271ef05d,2887,2887,52337236,2026-10-08T12:50:19Z,D,cyclic_unknown_venue,MISSING,,kept_null,1,0x7681c00520c26da8d8970c21a65461c726f274068eb08743debc1178e697044e,ABSENT_NO_HOOK_ADDRESS,True,,False,UNMATCHABLE
0x92d2f345836a15ca84a397eff91efffae67611a06ac3a76a344020885d2de9c3,2889,2889,52337236,2026-10-08T12:50:19Z,C,cyclic_native_leg_unverified,MISSING,,kept_null,2,0x5f8f9723ff7337481e55e52ead6dcb766de5c1e7fcabfdc71f2ed754aadca287|0xaf861cf0c9660712dfac0b4b30a5684c7e632c5567c07df54cd1f68c8e587a3e,ABSENT_NO_HOOK_ADDRESS,True,SushiV3,True,UNMATCHED
0x15f2d5ac0c5a5454505456fe6da5dbbbe63619e2f0884cd68ad9099f750ddd56,2890,2890,52337236,2026-10-08T12:50:19Z,C,cyclic_native_leg_unverified,MISSING,,kept_null,1,0x6aeda4ed4b45fdb3c3d496f1779a59945b60a88cfc4281781256adfcce0fe821,ABSENT_NO_HOOK_ADDRESS,False,UniswapV3|V3-type@0xe6da85fe,True,UNMATCHED
0x135d44a3adcbe982505adbfe351e80c71747f45ec59a587c161fef96d3bb128b,2902,2902,52337241,2026-10-08T12:50:29Z,B,"log-reconstructed (no native legs, no ext payouts); not trace-checked",MISSING,0.569099,0_to_lt1,1,0x7681c00520c26da8d8970c21a65461c726f274068eb08743debc1178e697044e,ABSENT_NO_HOOK_ADDRESS,True,Aerodrome-Slipstream|PancakeV3,False,UNMATCHED
0x670f7b86a9ce582026744c8e32492ac83cbb237b40746c4ac2c350931b6bb9d7,2905,2905,52337242,2026-10-08T12:50:31Z,D,cyclic_unknown_venue,VERIFIED,,kept_null,1,0xbb2aefc6c55a0464b944c0478869527ba1a537f05f90a1bb82e1196c6e9403e2,ABSENT_NO_HOOK_ADDRESS,False,PancakeV3,False,UNMATCHED
0x9bde41c05df7d44271929e24d90538ca44df9647d600ba279f204765e862c3f1,2913,2913,52337270,2026-10-08T12:51:27Z,D,cyclic_v4_unresolved,MISSING,,kept_null,1,0x893d654ad170fe1c68ac919814423d1e795d780c841b9aa4e8df2cdef79bc635,ABSENT_NO_HOOK_ADDRESS,True,Aerodrome-Slipstream3|UniswapV3,True,UNMATCHED
0xc4c48d868bcb6767a61cb219ae6a08abd51156bcd0a9e5d994aae92eda26fae6,2914,2914,52337276,2026-10-08T12:51:39Z,A,trace-verified native flows; all legs priced,INFERRED,0.487562,0_to_lt1,1,0xbc94a571767139984504676ec9347f57ca5f9ad10e917f235ef2c88fb1df79bf,ABSENT_NO_HOOK_ADDRESS,True,Aerodrome-Slipstream3|UniswapV3,True,PARTIAL_POOL_SET
0x84f9b023a464da7943a4003a6f523e23cdd5e0b27ec368d1a947f69c4b4f5873,2915,2915,52337280,2026-10-08T12:51:47Z,A,trace-verified native flows; all legs priced,INFERRED,0.254907,0_to_lt1,1,0xfba2c4592d32a4e2e6393b8898f9110b4e272983f4bd416b38f81672a17fe3dc,ABSENT_NO_HOOK_ADDRESS,True,UniswapV3,True,PARTIAL_POOL_SET
0x449c850bcad6c0fd2d15681d1548ce45aa0f33adaefad077f327b5a59e9a5b8a,2916,2916,52337280,2026-10-08T12:51:47Z,A,trace-verified native flows; all legs priced,INFERRED,0.258334,0_to_lt1,1,0xfba2c4592d32a4e2e6393b8898f9110b4e272983f4bd416b38f81672a17fe3dc,ABSENT_NO_HOOK_ADDRESS,True,UniswapV3,True,PARTIAL_POOL_SET
0xb70615430d8e5d50a54dd5eacaec6fe3e2bd4994c91b7f94d50e785c740560a9,2917,2917,52337280,2026-10-08T12:51:47Z,A,trace-verified native flows; all legs priced,INFERRED,0.659503,0_to_lt1,1,0xfba2c4592d32a4e2e6393b8898f9110b4e272983f4bd416b38f81672a17fe3dc,ABSENT_NO_HOOK_ADDRESS,True,UniswapV3,True,PARTIAL_POOL_SET
0x00aae97f28eba1fd856c5afdf29520fb9e67a73c6412bd7a42afc40507e51083,2918,2918,52337280,2026-10-08T12:51:47Z,A,trace-verified native flows; all legs priced,INFERRED,0.261612,0_to_lt1,1,0xfba2c4592d32a4e2e6393b8898f9110b4e272983f4bd416b38f81672a17fe3dc,ABSENT_NO_HOOK_ADDRESS,True,UniswapV3,True,PARTIAL_POOL_SET
0x4aae66d168274d97e9b6cc8b53be61d88194f875d2fdd0293f8a1d641734b004,2920,2920,52337298,2026-10-08T12:52:23Z,B,"log-reconstructed (no native legs, no ext payouts); not trace-checked",MISSING,0.461136,0_to_lt1,1,0xf13203ddbf2c9816a79b656a1a952521702715d92fea465b84ae2ed6e94a7f22,ABSENT_NO_HOOK_ADDRESS,True,UniswapV3,True,UNMATCHED
0x9722be1c157532f6df89d94712d26ab05319862e074054929015c2a51c9705aa,2921,2921,52337298,2026-10-08T12:52:23Z,A,trace-verified native flows; all legs priced,INFERRED,0.128144,0_to_lt1,1,0xfba2c4592d32a4e2e6393b8898f9110b4e272983f4bd416b38f81672a17fe3dc,ABSENT_NO_HOOK_ADDRESS,True,UniswapV3,True,PARTIAL_POOL_SET
0x76f4a689c03f1959471d3a0735a45086c06b82382fec32272def625c43c12eb3,2922,2922,52337299,2026-10-08T12:52:25Z,A,trace-verified native flows; all legs priced,INFERRED,0.347539,0_to_lt1,1,0xfba2c4592d32a4e2e6393b8898f9110b4e272983f4bd416b38f81672a17fe3dc,ABSENT_NO_HOOK_ADDRESS,True,UniswapV3,True,PARTIAL_POOL_SET
0x348d83ddb44694e2624ce67e5a7eda88bc842aa25c7dc6be12218288de37d357,2923,2923,52337314,2026-10-08T12:52:55Z,B,"log-reconstructed (no native legs, no ext payouts); not trace-checked",MISSING,0.380917,0_to_lt1,1,0xfba2c4592d32a4e2e6393b8898f9110b4e272983f4bd416b38f81672a17fe3dc,ABSENT_NO_HOOK_ADDRESS,True,UniswapV3,True,UNMATCHED
0x80aa37dbb9b0ce3029dd5d5f418111979fb381ffb345ce82f897b4246e12498f,2928,2928,52337326,2026-10-08T12:53:19Z,A,trace-verified native flows; all legs priced,INFERRED,0.166998,0_to_lt1,1,0x49fff8ec544984d862c0c322c83bc0cfb7a9a953a7d4d4d352a2aff27f7602cf,ABSENT_NO_HOOK_ADDRESS,True,UniswapV3,True,PARTIAL_POOL_SET
0x041b4273e30d033a0714feb969347fb972158724e1ca52ad855075f60546ac77,2929,2929,52337326,2026-10-08T12:53:19Z,A,trace-verified native flows; all legs priced,INFERRED,0.225251,0_to_lt1,1,0x49fff8ec544984d862c0c322c83bc0cfb7a9a953a7d4d4d352a2aff27f7602cf,ABSENT_NO_HOOK_ADDRESS,True,UniswapV3,True,PARTIAL_POOL_SET
0x3ad21e19af51785826ad991254094cf4cdf5bdbbf4490dc43d1f88b78f13d5fa,2930,2930,52337328,2026-10-08T12:53:23Z,B,"log-reconstructed (no native legs, no ext payouts); not trace-checked",MISSING,0.199015,0_to_lt1,1,0xfba2c4592d32a4e2e6393b8898f9110b4e272983f4bd416b38f81672a17fe3dc,ABSENT_NO_HOOK_ADDRESS,True,UniswapV3,True,UNMATCHED
0x5a36f87e344a7b31b57b69c33da0553e3223e4c17e8aa010dbc28c726aa6fb3a,2932,2932,52337331,2026-10-08T12:53:29Z,B,"log-reconstructed (no native legs, no ext payouts); not trace-checked",MISSING,0.039357,0_to_lt1,3,0x51142b371789a787241c246b3a2655c0ca74a289146b63ae6ecbb3e6d7f15cb5|0x9849c9b8e9dc57a7966bb5d5267b9b2a1192e3c12d7b90e828918a89e5cff7f3|0xce6c9bf0853183b77410baf93a100f7eff7726026befe6222f87e03463084e52,ABSENT_NO_HOOK_ADDRESS,True,Aerodrome-Slipstream|Aerodrome-Slipstream3,True,UNMATCHED
0xeab968077cda56dbd0d7335984e9176c974ac29d6baff155416fcc4df9ad2021,2935,2935,52337372,2026-10-08T12:54:51Z,B,"log-reconstructed (no native legs, no ext payouts); not trace-checked",MISSING,0.106317,0_to_lt1,1,0xfba2c4592d32a4e2e6393b8898f9110b4e272983f4bd416b38f81672a17fe3dc,ABSENT_NO_HOOK_ADDRESS,True,UniswapV3,True,UNMATCHED
0x004bfacee184bc05a8dfc736ba3c817cbc52093d42247d8a53b5b9b3ae93fb60,2938,2938,52337408,2026-10-08T12:56:03Z,D,cyclic_v4_unresolved,MISSING,,kept_null,1,0x46a9d718600ab0fced68eb834ab013d819789a5d61eb5ad02951a032c6ad8f79,ABSENT_NO_HOOK_ADDRESS,False,Aerodrome-Slipstream3,True,UNMATCHED
0x486eb2dcd1fa3f95985a0b469c7b874a4444c86732cb26d16754df03a62401aa,2941,2941,52337428,2026-10-08T12:56:43Z,B,"log-reconstructed (no native legs, no ext payouts); not trace-checked",MISSING,0.013444,0_to_lt1,1,0xfba2c4592d32a4e2e6393b8898f9110b4e272983f4bd416b38f81672a17fe3dc,ABSENT_NO_HOOK_ADDRESS,True,UniswapV3,True,UNMATCHED
0xdd3e80e7d7f80f813ffa934e7aed0204a3ff2144f8d5099f65681698bdd9ca1b,2942,2942,52337448,2026-10-08T12:57:23Z,A,trace-verified native flows; all legs priced,INFERRED,0.635384,0_to_lt1,1,0x7681c00520c26da8d8970c21a65461c726f274068eb08743debc1178e697044e,ABSENT_NO_HOOK_ADDRESS,True,UniswapV3,True,PARTIAL_POOL_SET
0x57334e3b8e426a39a3daab365c0b4fe03f552d5cd11ab3d7655d64f8a3a16272,2946,2946,52337471,2026-10-08T12:58:09Z,B,"log-reconstructed (no native legs, no ext payouts); not trace-checked",MISSING,0.195665,0_to_lt1,2,0xaa3f41df57766197c15679db7db272058137b26b371b285813ecc620428a4c6c|0xfba2c4592d32a4e2e6393b8898f9110b4e272983f4bd416b38f81672a17fe3dc,ABSENT_NO_HOOK_ADDRESS,True,UniswapV3,True,UNMATCHED
0x122f3ccf1e2b25903c7787698b3a50d63b765bbeea4d84a2c6ae7bf5b9fe6bce,2964,2964,52337608,2026-10-08T13:02:43Z,A,trace-verified native flows; all legs priced,MISSING,0.772354,0_to_lt1,1,0xaa3f41df57766197c15679db7db272058137b26b371b285813ecc620428a4c6c,ABSENT_NO_HOOK_ADDRESS,True,UniswapV3,True,UNMATCHED
0xd01b67774af6f511bfa8a6e0a008a8bd97d98905029426941040544dc94c2266,2967,2967,52337629,2026-10-08T13:03:25Z,B,"log-reconstructed (no native legs, no ext payouts); not trace-checked",MISSING,0.128337,0_to_lt1,1,0x118c35025bc6ced5aa6ffca380943d3a34b5efa84737e41333936f94c3eae77d,ABSENT_NO_HOOK_ADDRESS,True,Aerodrome-Slipstream,False,UNMATCHED
0xe19e7373f30975573ce1fc383f4f483409cfb07d314fabf881495ccbb3f41c3a,2968,2968,52337637,2026-10-08T13:03:41Z,A,trace-verified native flows; all legs priced,MISSING,3.44486,1_to_lt25,1,0x7681c00520c26da8d8970c21a65461c726f274068eb08743debc1178e697044e,ABSENT_NO_HOOK_ADDRESS,True,UniswapV3,True,UNMATCHED
0x3a7684f37c090dcde4940f1a624eb57f6d0933e0f485f5271ba41b7bb071d6dc,2987,2987,52337770,2026-10-08T13:08:07Z,B,"log-reconstructed (no native legs, no ext payouts); not trace-checked",MISSING,0.069841,0_to_lt1,4,0x4709e9e3d2df1e5398f351be519b18976a854a9d1451314e18cb5a47a07e77ec|0x4faa9e94181e8c44bc7a46c5dd669be313043e191783b32de36ac05536cfd05b|0xae2288b2dcfc9f99e9cb2f89c0af6059670a31974e14a33f3b28e70dff66600b|0xe9f61a0beb0f9a8a646d0666a526b5582477a6b002aa0b0afc4234608e1d43b0,TAGGED_HOOK_NO_ADDRESS,True,,True,UNMATCHABLE
0x415c0d167b2d264327c989a3169c3cd4b118c5b93accf4397bde89878cb2ac38,2989,2989,52337793,2026-10-08T13:08:53Z,B,"log-reconstructed (no native legs, no ext payouts); not trace-checked",MISSING,0.029457,0_to_lt1,1,0x118c35025bc6ced5aa6ffca380943d3a34b5efa84737e41333936f94c3eae77d,ABSENT_NO_HOOK_ADDRESS,True,Aerodrome-Slipstream,False,UNMATCHED
0x7426f00bcac749a500c026a2526cd5a5e0de3446c6f400c0e2bd83178b2a9090,2990,2990,52337795,2026-10-08T13:08:57Z,B,"log-reconstructed (no native legs, no ext payouts); not trace-checked",MISSING,0.010093,0_to_lt1,1,0xfba2c4592d32a4e2e6393b8898f9110b4e272983f4bd416b38f81672a17fe3dc,ABSENT_NO_HOOK_ADDRESS,True,Aerodrome-Slipstream,False,UNMATCHED
0x385c1190836f7ddefe95a7eacc1b3b40e60d466e4c49e66b37a741753868a2b4,2994,2994,52337856,2026-10-08T13:10:59Z,A,trace-verified native flows; all legs priced,MISSING,0.399492,0_to_lt1,1,0x118c35025bc6ced5aa6ffca380943d3a34b5efa84737e41333936f94c3eae77d,ABSENT_NO_HOOK_ADDRESS,True,Aerodrome-Slipstream,False,UNMATCHED
0x650f3540b85b853490901b8e4924cfc38cf2415ec8c159ef58e29ee3b95f2f41,2995,2995,52337858,2026-10-08T13:11:03Z,B,"log-reconstructed (no native legs, no ext payouts); not trace-checked",MISSING,0.168213,0_to_lt1,1,0xfba2c4592d32a4e2e6393b8898f9110b4e272983f4bd416b38f81672a17fe3dc,ABSENT_NO_HOOK_ADDRESS,True,UniswapV3,True,UNMATCHED
0xa94186b04c959e644894db1cd384a1d4fc14074549e2047861ff45c58ee8d6cb,2996,2996,52337859,2026-10-08T13:11:05Z,B,"log-reconstructed (no native legs, no ext payouts); not trace-checked",MISSING,0.156812,0_to_lt1,1,0x636da53e0251b3cb0b4d10dbaff488b294f97bd5212b7e2a7c1bc3fb57fd6e31,ABSENT_NO_HOOK_ADDRESS,True,UniswapV3,True,UNMATCHED
0x04984cf5d675e3b5dc6f8dc26425b136bdc1d0b2e0bcbf90c363f89650019072,3003,3003,52337910,2026-10-08T13:12:47Z,B,"log-reconstructed (no native legs, no ext payouts); not trace-checked",MISSING,0.026476,0_to_lt1,1,0x539a0eec22fa9f760acee8406db3685e3dbb844c7c8b5cecafd940c8fb597d49,ABSENT_NO_HOOK_ADDRESS,True,Aerodrome-Slipstream3,True,UNMATCHED
0xbcdf15dbf591dd5dfa0a8bc0381b158b1f0642d7f53361445f6e2ba0f13aa0ad,3013,3013,52337946,2026-10-08T13:13:59Z,B,"log-reconstructed (no native legs, no ext payouts); not trace-checked",MISSING,0.043176,0_to_lt1,1,0x118c35025bc6ced5aa6ffca380943d3a34b5efa84737e41333936f94c3eae77d,ABSENT_NO_HOOK_ADDRESS,True,Aerodrome-Slipstream,False,UNMATCHED
0xe949e0564145a4558f6ad62867dbc9cdd0fab79c115d7473e31e2a0de0fc27e5,3014,3014,52337955,2026-10-08T13:14:17Z,B,"log-reconstructed (no native legs, no ext payouts); not trace-checked",INFERRED,0.136135,0_to_lt1,1,0xfba2c4592d32a4e2e6393b8898f9110b4e272983f4bd416b38f81672a17fe3dc,ABSENT_NO_HOOK_ADDRESS,True,UniswapV3,True,UNMATCHED
0x0173e047a4efb655d2af3484acafa5de5618a3fefeec891c38d1be3da227159e,3015,3015,52337956,2026-10-08T13:14:19Z,B,"log-reconstructed (no native legs, no ext payouts); not trace-checked",MISSING,0.179764,0_to_lt1,1,0xfba2c4592d32a4e2e6393b8898f9110b4e272983f4bd416b38f81672a17fe3dc,ABSENT_NO_HOOK_ADDRESS,True,UniswapV3,True,UNMATCHED
0x198ea256e91ffc982296b9dd3ac6a9f4938a6faa2c030e067470efa5d88ebf88,3016,3016,52337957,2026-10-08T13:14:21Z,B,"log-reconstructed (no native legs, no ext payouts); not trace-checked",INFERRED,0.144127,0_to_lt1,1,0xf13203ddbf2c9816a79b656a1a952521702715d92fea465b84ae2ed6e94a7f22,ABSENT_NO_HOOK_ADDRESS,True,UniswapV3,True,UNMATCHED
0x5844dd2f9a83fc1a8b83110dc25b3dfb22c4be5a6335fd181bc69ee595abf6ad,3019,3019,52337967,2026-10-08T13:14:41Z,B,"log-reconstructed (no native legs, no ext payouts); not trace-checked",MISSING,0.019294,0_to_lt1,1,0x118c35025bc6ced5aa6ffca380943d3a34b5efa84737e41333936f94c3eae77d,ABSENT_NO_HOOK_ADDRESS,True,Aerodrome-Slipstream,False,UNMATCHED
0xc91073d4ec9e669da6171719fd067132af9f7374f90d175322a7b949a727c80a,3021,3021,52338036,2026-10-08T13:16:59Z,B,"log-reconstructed (no native legs, no ext payouts); not trace-checked",MISSING,0.196211,0_to_lt1,1,0xfba2c4592d32a4e2e6393b8898f9110b4e272983f4bd416b38f81672a17fe3dc,ABSENT_NO_HOOK_ADDRESS,True,UniswapV3,True,UNMATCHED
0xedd6dbace4e32ef311b4f02176cd675ac141f67a55a8965d4faf1ca6d33e1227,3025,3025,52338049,2026-10-08T13:17:25Z,B,"log-reconstructed (no native legs, no ext payouts); not trace-checked",MISSING,0.036628,0_to_lt1,1,0x867dbb1b6417abcb3696d5a5d9cc38cbf9f0f6d17355515fe1c8303e791832c4,ABSENT_NO_HOOK_ADDRESS,True,Aerodrome-V2,False,UNMATCHED
0x05817a619be34cdff9e47a7f016f31cfb3fb6cbfd10a37645359a947fffb7d9b,3029,3029,52338076,2026-10-08T13:18:19Z,B,"log-reconstructed (no native legs, no ext payouts); not trace-checked",MISSING,0.088723,0_to_lt1,1,0x7681c00520c26da8d8970c21a65461c726f274068eb08743debc1178e697044e,ABSENT_NO_HOOK_ADDRESS,True,UniswapV3,True,UNMATCHED
0x1f0a4e9f4335d2bf3eb3f0af299314d97c84adf5a291a08b170b2c8a37e390c4,3036,3036,52338179,2026-10-08T13:21:45Z,B,"log-reconstructed (no native legs, no ext payouts); not trace-checked",MISSING,0.051824,0_to_lt1,1,0x118c35025bc6ced5aa6ffca380943d3a34b5efa84737e41333936f94c3eae77d,ABSENT_NO_HOOK_ADDRESS,True,Aerodrome-Slipstream,False,UNMATCHED
0xb395f166f473ad53a3fc2dc2143205ddd2168377fc7119793dd632edbb005f3c,3037,3037,52338183,2026-10-08T13:21:53Z,B,"log-reconstructed (no native legs, no ext payouts); not trace-checked",MISSING,0.020235,0_to_lt1,2,0x539a0eec22fa9f760acee8406db3685e3dbb844c7c8b5cecafd940c8fb597d49|0x8f92fce16f8bbf2badf1a7d8f852c7c7f50e2f94ecb434fefc1dd93d717ac435,ABSENT_NO_HOOK_ADDRESS,True,,True,UNMATCHABLE
0xf00150b9697e7f7751c5189a61657d29ff29b1ee61c2118c5faf23d3859c6dc3,3040,3040,52338187,2026-10-08T13:22:01Z,A,trace-verified native flows; all legs priced,INFERRED,0.952739,0_to_lt1,2,0x539a0eec22fa9f760acee8406db3685e3dbb844c7c8b5cecafd940c8fb597d49|0x8f92fce16f8bbf2badf1a7d8f852c7c7f50e2f94ecb434fefc1dd93d717ac435,ABSENT_NO_HOOK_ADDRESS,True,UniswapV3,True,PARTIAL_POOL_UNSUPPORTED_VENUE
0x1bb8981478f92cdc8e1a4fc021b96d78db59e72e951ebb3d2556d214c1fa4a0e,3043,3043,52338228,2026-10-08T13:23:23Z,A,trace-verified native flows; all legs priced,MISSING,0.293915,0_to_lt1,1,0x539a0eec22fa9f760acee8406db3685e3dbb844c7c8b5cecafd940c8fb597d49,ABSENT_NO_HOOK_ADDRESS,True,Aerodrome-Slipstream3,True,UNMATCHED
0xfb6db3a8eda070331d57758db7e5f4a95223f87b70010c3895de040cfe9afc97,3047,3047,52338292,2026-10-08T13:25:31Z,B,"log-reconstructed (no native legs, no ext payouts); not trace-checked",MISSING,0.092158,0_to_lt1,1,0xf13203ddbf2c9816a79b656a1a952521702715d92fea465b84ae2ed6e94a7f22,ABSENT_NO_HOOK_ADDRESS,True,UniswapV3,True,UNMATCHED
0x52e2180f535a86fbecb2d7f4f9e305dcc8c75d1bd6dcefae300362712502454e,3050,3050,52338352,2026-10-08T13:27:31Z,A,trace-verified native flows; all legs priced,MISSING,0.422032,0_to_lt1,2,0x9b4fcc4fde5da0548fa3b64c68619041ae0598aa5c53965f203e7654e4d87f49|0xbc94a571767139984504676ec9347f57ca5f9ad10e917f235ef2c88fb1df79bf,ABSENT_NO_HOOK_ADDRESS,True,Aerodrome-Slipstream3,True,UNMATCHED
0xb089935af00f89d56155d58bb82b51e9a5ac858e207614c4ba503585a973e1fc,3053,3053,52338386,2026-10-08T13:28:39Z,B,"log-reconstructed (no native legs, no ext payouts); not trace-checked",MISSING,0.032574,0_to_lt1,1,0x118c35025bc6ced5aa6ffca380943d3a34b5efa84737e41333936f94c3eae77d,ABSENT_NO_HOOK_ADDRESS,True,Aerodrome-Slipstream,False,UNMATCHED
0xea5da3d674d9d44d2429c3cd68d4b463920f914e809f6f1445f83af2eb82c963,3054,3054,52338424,2026-10-08T13:29:55Z,B,"log-reconstructed (no native legs, no ext payouts); not trace-checked",MISSING,0.0582,0_to_lt1,1,0x118c35025bc6ced5aa6ffca380943d3a34b5efa84737e41333936f94c3eae77d,ABSENT_NO_HOOK_ADDRESS,True,Aerodrome-Slipstream,False,UNMATCHED
0x5e3f48e46060079fa70ca0f4e228f416ddedcf86718266af57cf6b2a99b91152,3067,3067,52338438,2026-10-08T13:30:23Z,B,"log-reconstructed (no native legs, no ext payouts); not trace-checked",MISSING,0.012459,0_to_lt1,1,0xb21769526e3a0814752628ec6c6e08efc883a025a18c64ee3ad376aa67728a18,ABSENT_NO_HOOK_ADDRESS,True,Aerodrome-Slipstream3,True,UNMATCHED
0x0b90c8db1e8beff79dba93999d67677a70736843c3d57a6e6e52439d332ba430,3082,3082,52338536,2026-10-08T13:33:39Z,B,"log-reconstructed (no native legs, no ext payouts); not trace-checked",INFERRED,0.067835,0_to_lt1,2,0x1a3a5d1c0e7282cfe8be8344c280410c6ddbe0f5ee0e7b17bedd635882b70e9f|0xfba2c4592d32a4e2e6393b8898f9110b4e272983f4bd416b38f81672a17fe3dc,ABSENT_NO_HOOK_ADDRESS,True,UniswapV3,True,UNMATCHED
0xe98ad17ce8594aa056d2f748bc5a43862ca98e39090ecca97ca100eff6ee2e00,3086,3086,52338552,2026-10-08T13:34:11Z,B,"log-reconstructed (no native legs, no ext payouts); not trace-checked",MISSING,0.218716,0_to_lt1,1,0xfba2c4592d32a4e2e6393b8898f9110b4e272983f4bd416b38f81672a17fe3dc,ABSENT_NO_HOOK_ADDRESS,True,UniswapV3,True,UNMATCHED
0x1b39416002d56199bf96f1f8064453c0999272e79fb6be09616f20cc914209ca,3091,3091,52338624,2026-10-08T13:36:35Z,B,"log-reconstructed (no native legs, no ext payouts); not trace-checked",MISSING,0.076005,0_to_lt1,1,0xfba2c4592d32a4e2e6393b8898f9110b4e272983f4bd416b38f81672a17fe3dc,ABSENT_NO_HOOK_ADDRESS,True,Aerodrome-Slipstream|PancakeV3,False,UNMATCHED
0x7ee3891c43fface509c1986d6cdf156e4c3eef9bfc5956638718d26247f80066,3095,3095,52338660,2026-10-08T13:37:47Z,A,trace-verified native flows; all legs priced,MISSING,0.262741,0_to_lt1,2,0x081812258b2e03306e058f7330edba3ffd4dfabac32ca5a2e89ba904728bd71a|0xeee38fb5a8b6a43d0496e16148dc31fd317029652efbea61e2c9343726618fcd,ABSENT_NO_HOOK_ADDRESS,True,UniswapV3,True,UNMATCHED
0xacf177b684c2c13ac3a82867eef0ea43dcedd69c5176ce5fec3f46bff65776f5,3099,3099,52338677,2026-10-08T13:38:21Z,B,"log-reconstructed (no native legs, no ext payouts); not trace-checked",VERIFIED,0.091762,0_to_lt1,1,0x6b9e1b02fca2c63b5089a7ffdeac0fe8597aeae88941da9f39fbf3ed3df75777,ABSENT_NO_HOOK_ADDRESS,True,PancakeV3|UniswapV3,True,UNMATCHED
0xd62747d3425b15a648361e3eb898bed13904aac730d276a081735060f19f9c0b,3107,3107,52338706,2026-10-08T13:39:19Z,D,cyclic_unknown_venue,VERIFIED,,kept_null,1,0xbb2aefc6c55a0464b944c0478869527ba1a537f05f90a1bb82e1196c6e9403e2,ABSENT_NO_HOOK_ADDRESS,False,PancakeV3,False,UNMATCHED
0xed611e51eca963a5a4232e333dc0e8e83ff5e80ed8d1c287e1a2a2e94863f48a,3111,3111,52338736,2026-10-08T13:40:19Z,B,"log-reconstructed (no native legs, no ext payouts); not trace-checked",MISSING,0.132355,0_to_lt1,1,0xfba2c4592d32a4e2e6393b8898f9110b4e272983f4bd416b38f81672a17fe3dc,ABSENT_NO_HOOK_ADDRESS,True,Aerodrome-Slipstream|PancakeV3,False,UNMATCHED
0xc8254d38179eb4417317b754a3f5994fd9501c775dd83925478e480ceb28949c,3125,3125,52338751,2026-10-08T13:40:49Z,B,"log-reconstructed (no native legs, no ext payouts); not trace-checked",MISSING,0.055408,0_to_lt1,1,0xfba2c4592d32a4e2e6393b8898f9110b4e272983f4bd416b38f81672a17fe3dc,ABSENT_NO_HOOK_ADDRESS,True,AlgebraIntegral@0xc5396866,False,UNMATCHED
0x4ddfcdf396dcefd7e9076876c0b7cd8c2543857fde8dbd3bfd8f7304caa93448,3127,3127,52338767,2026-10-08T13:41:21Z,A,trace-verified native flows; all legs priced,MISSING,0.987053,0_to_lt1,3,0x264984e00973c1dd3e2e145687715f211568eb7685af5527bcee61a1e6812675|0xdc3d1b0076b7f13fb798e9e8dfcf72cbce61f8da7862a8f82e4022452e471ad1|0xf63fb2907e8f1067caad3dbf158bcd71b9937a054e601a7a4f8cda55e2417ce8,ABSENT_NO_HOOK_ADDRESS,True,,True,UNMATCHABLE
0xdd5bc0241f8b77d022c4e46db771b2e734405894f2f3f2bcfe691990b511c9cb,3133,3133,52338801,2026-10-08T13:42:29Z,B,"log-reconstructed (no native legs, no ext payouts); not trace-checked",MISSING,0.116812,0_to_lt1,1,0xfba2c4592d32a4e2e6393b8898f9110b4e272983f4bd416b38f81672a17fe3dc,ABSENT_NO_HOOK_ADDRESS,True,Aerodrome-Slipstream|PancakeV3,False,UNMATCHED
0x18b6e9d520bfd3e34b3c18d0ccaa25c01f51633bf32eb29c3aed80d06b95d69e,3137,3137,52338801,2026-10-08T13:42:29Z,B,"log-reconstructed (no native legs, no ext payouts); not trace-checked",INFERRED,0.166654,0_to_lt1,1,0xb24f7fcd75c3a001b74be4c60f181c024154c4d7c33097777e3950979042b073,ABSENT_NO_HOOK_ADDRESS,True,Aerodrome-Slipstream|PancakeV3,True,UNMATCHED
0x2b14bf53f41cdd6b5851291e625b87c751acf48e8b5f4f82980ebf1d537a94f4,3140,3140,52338802,2026-10-08T13:42:31Z,B,"log-reconstructed (no native legs, no ext payouts); not trace-checked",INFERRED,0.369858,0_to_lt1,1,0xb24f7fcd75c3a001b74be4c60f181c024154c4d7c33097777e3950979042b073,ABSENT_NO_HOOK_ADDRESS,True,Aerodrome-Slipstream|PancakeV3,True,UNMATCHED
0xb8b074e51f7913a212b757a28da42fc7e2ec874d9f3e6177a112a5c5b4e6b3f3,3141,3141,52338802,2026-10-08T13:42:31Z,B,"log-reconstructed (no native legs, no ext payouts); not trace-checked",INFERRED,0.186797,0_to_lt1,1,0xb24f7fcd75c3a001b74be4c60f181c024154c4d7c33097777e3950979042b073,ABSENT_NO_HOOK_ADDRESS,True,Aerodrome-Slipstream|Aerodrome-Slipstream3|PancakeV3,True,UNMATCHED
0x53cf195e79d57e151811e382b93d2c7902b861afb0cff139dce0198818bacb3c,3142,3142,52338802,2026-10-08T13:42:31Z,B,"log-reconstructed (no native legs, no ext payouts); not trace-checked",VERIFIED,0.127268,0_to_lt1,1,0xf75abf8b552feb6cc784c1432b731276f253dff4b72ec0b2162444efca39a4a9,ABSENT_NO_HOOK_ADDRESS,True,PancakeV3|UniswapV2,True,UNMATCHED
0x9c08f4c7c776091cb07b7a3e981e9391ec8d8e76b9109ad3ee21f2c0873061da,3147,3147,52338805,2026-10-08T13:42:37Z,D,cyclic_v4_unresolved,MISSING,,kept_null,1,0x46a9d718600ab0fced68eb834ab013d819789a5d61eb5ad02951a032c6ad8f79,ABSENT_NO_HOOK_ADDRESS,False,Aerodrome-Slipstream,False,UNMATCHED
0x55d61b20d70465c2b64edc1f37080f5edfaa145bd8561ed4e6e5f9dc900073a1,3148,3148,52338805,2026-10-08T13:42:37Z,D,cyclic_unknown_venue,MISSING,,kept_null,1,0x6aeda4ed4b45fdb3c3d496f1779a59945b60a88cfc4281781256adfcce0fe821,ABSENT_NO_HOOK_ADDRESS,False,V3-type@0xe6da85fe,True,UNMATCHED
0xaed04a63ea7cb912f32cbd1d0ef4f17e77af89faea5b366501277b2cbb4ecb3f,3149,3149,52338805,2026-10-08T13:42:37Z,D,cyclic_unknown_venue,MISSING,,kept_null,2,0x63cf9da524ef620b7d60465365e6caec601e97a3e2203a891fd186ac460aefeb|0x854e25bf206cd1f1fbfba41dc79ce1c70b33862e82d22b7c8db3d1101589232d,ABSENT_NO_HOOK_ADDRESS,True,,True,UNMATCHABLE
0xb3be14a174de8fda54722c5f421b58931d545c7380bec0e45083fc067760a8a9,3156,3156,52338820,2026-10-08T13:43:07Z,B,"log-reconstructed (no native legs, no ext payouts); not trace-checked",MISSING,0.052851,0_to_lt1,1,0x118c35025bc6ced5aa6ffca380943d3a34b5efa84737e41333936f94c3eae77d,ABSENT_NO_HOOK_ADDRESS,True,Aerodrome-Slipstream,False,UNMATCHED
0xaab8b7578fb346c594af99a76afb9c03c8de38351173f0c76082e0b99206192e,3166,3166,52338847,2026-10-08T13:44:01Z,A,trace-verified native flows; all legs priced,MISSING,0.203991,0_to_lt1,1,0x381c95740e3e5a23d66b9757ade02d85e8810e3711f20aaa15c37e06963ab747,ABSENT_NO_HOOK_ADDRESS,True,Aerodrome-V2,True,UNMATCHED
0x5a78625d142b88b4055ceab224b2fa93e553a7d0ac47aa0b546359949df1141b,3167,3167,52338847,2026-10-08T13:44:01Z,B,"log-reconstructed (no native legs, no ext payouts); not trace-checked",MISSING,0.008542,0_to_lt1,2,0x3b3de6fc1075213491c6e2d5c5939c7d5a01a294904ab3d08c538feec0ae546a|0x44cadd922fcc607b28b38e1bb2af294eb8cc8e684980b5371b863c5e059d029d,ABSENT_NO_HOOK_ADDRESS,True,UniswapV3,True,UNMATCHED
0xa24eb92326e2803548e540e2f6b861f177aea2fef9a599225aeb74aa55673ec2,3175,3175,52338885,2026-10-08T13:45:17Z,D,cyclic_v4_unresolved,INFERRED,,kept_null,2,0x18b1013ca5d3eb578d1ab7a1dd45ff3a9a2d3f8fbfa3006a545a6dadc958f5e1|0xbedfdb1c91ccfd3269d5aec696c95e96457205ab9cab1ebe6be608e295a3a0a5,ABSENT_NO_HOOK_ADDRESS,True,PancakeV3,True,UNMATCHED
0xf81ec68dd2a5ef7f848834627ff3cf34f1608579104800d33ba5a11696c21772,3178,3178,52338898,2026-10-08T13:45:43Z,D,cyclic_unknown_venue,VERIFIED,,kept_null,1,0xbb2aefc6c55a0464b944c0478869527ba1a537f05f90a1bb82e1196c6e9403e2,ABSENT_NO_HOOK_ADDRESS,False,PancakeV3,False,UNMATCHED
0x6d6850af2c86f4afa830b9da885a7b6310a23cb4454c0d6c3c54bbdfe1033f46,3183,3183,52338909,2026-10-08T13:46:05Z,D,cyclic_unknown_venue,MISSING,,kept_null,1,0xfba2c4592d32a4e2e6393b8898f9110b4e272983f4bd416b38f81672a17fe3dc,ABSENT_NO_HOOK_ADDRESS,True,,False,UNMATCHABLE
0x95bb0df703af6760291d14092ab960a63d9d8a5e7253299be3541124ed5c6af9,3200,3200,52338962,2026-10-08T13:47:51Z,B,"log-reconstructed (no native legs, no ext payouts); not trace-checked",MISSING,0.032878,0_to_lt1,1,0xfc95a0265fa534734f04b411da775e80f09f3fd99a698da789afb43e995b3de6,ABSENT_NO_HOOK_ADDRESS,True,AlgebraIntegral@0x36077d39,True,UNMATCHED
0x4b25d772f38a656210014b353323f6d273f6affc87e7eab7ab13d4b5d9405006,3254,3254,52339107,2026-10-08T13:52:41Z,D,cyclic_v4_unresolved,INFERRED,,kept_null,2,0x5e916637e7c271972049cf33039e0feba2e8b6ba43b5e163e7720f15b3163deb|0x74f56b36ed8915037ff9913b31cecd3113e8a74f0724cb746aa939719d2ae98c,ABSENT_NO_HOOK_ADDRESS,True,PancakeV3,True,UNMATCHED
0x956fd0b2c22ce3091c9108be6fc302363b52d9335003b4c5da6a8f024d6e79d8,3256,3256,52339120,2026-10-08T13:53:07Z,B,"log-reconstructed (no native legs, no ext payouts); not trace-checked",MISSING,0.150949,0_to_lt1,1,0x867dbb1b6417abcb3696d5a5d9cc38cbf9f0f6d17355515fe1c8303e791832c4,ABSENT_NO_HOOK_ADDRESS,True,Aerodrome-V2|UniswapV3,True,UNMATCHED
0x4436fea33b0a2e930ec4156f9def90f5ec48b0b98423638e6906f8df03116739,3259,3259,52339121,2026-10-08T13:53:09Z,B,"log-reconstructed (no native legs, no ext payouts); not trace-checked",MISSING,0.108008,0_to_lt1,1,0x867dbb1b6417abcb3696d5a5d9cc38cbf9f0f6d17355515fe1c8303e791832c4,ABSENT_NO_HOOK_ADDRESS,True,Aerodrome-Slipstream|Aerodrome-V2,True,UNMATCHED
0x314125e8903be50d67bc1feccc185b40a4fd4e4d164b937ef59e9309e51a7912,3273,3273,52339131,2026-10-08T13:53:29Z,D,cyclic_unknown_venue,MISSING,,kept_null,1,0x3de2a8642859649d22d4a6f6a87b1441c51fdf8bf2bcd8864628a6a0f7119843,ABSENT_NO_HOOK_ADDRESS,True,UniswapV3,True,PARTIAL_POOL_UNSUPPORTED_VENUE
0xf09a0c4deb92a288178c3ed2746d1d9cfb1e78fff10e65bc7125e30eefb4289c,3274,3274,52339131,2026-10-08T13:53:29Z,B,"log-reconstructed (no native legs, no ext payouts); not trace-checked",MISSING,0.008918,0_to_lt1,2,0xe1100fa7ec204d00d4839d760e8b32065956f67697193374f57ca48db96e2399|0xfba2c4592d32a4e2e6393b8898f9110b4e272983f4bd416b38f81672a17fe3dc,ABSENT_NO_HOOK_ADDRESS,True,Aerodrome-Slipstream3,True,UNMATCHED
0x92db7c7c79271d70c10dc01121186f7177a5822791ae6d4e2781b0e9c12a30ff,3306,3306,52339142,2026-10-08T13:53:51Z,D,cyclic_unknown_venue,MISSING,,kept_null,1,0x3de2a8642859649d22d4a6f6a87b1441c51fdf8bf2bcd8864628a6a0f7119843,ABSENT_NO_HOOK_ADDRESS,True,UniswapV3,True,PARTIAL_POOL_UNSUPPORTED_VENUE
0x6358540991942901fc624430ad98cbf12a18542d07024186648bf8165060ab87,3307,3307,52339144,2026-10-08T13:53:55Z,D,cyclic_unknown_venue,MISSING,,kept_null,1,0x3de2a8642859649d22d4a6f6a87b1441c51fdf8bf2bcd8864628a6a0f7119843,ABSENT_NO_HOOK_ADDRESS,True,UniswapV3,True,PARTIAL_POOL_UNSUPPORTED_VENUE
0xd8f911a23d81418e3f4e569c4cf1fe0d2feccd69a4d259b373e7aa60e72d408a,3313,3313,52339152,2026-10-08T13:54:11Z,D,cyclic_unknown_venue,MISSING,,kept_null,1,0x3de2a8642859649d22d4a6f6a87b1441c51fdf8bf2bcd8864628a6a0f7119843,ABSENT_NO_HOOK_ADDRESS,True,UniswapV3,True,PARTIAL_POOL_UNSUPPORTED_VENUE
0x649f6ad4550ea770bbc90dff9d775dc7bde148b41bcadd70543acf38f90eecd8,3326,3326,52339247,2026-10-08T13:57:21Z,B,"log-reconstructed (no native legs, no ext payouts); not trace-checked",MISSING,0.055057,0_to_lt1,2,0x12d76c5c8ec8edffd3c143995b0aa43fe44a6d71eb9113796272909e54b8e078|0x82a53137a2f816883131b56c929c1eba83f070423669cbc2b8a3467080a6247b,ABSENT_NO_HOOK_ADDRESS,True,Aerodrome-Slipstream,True,UNMATCHED
0x94ed3492fb75daf7731b44a44a98c3342feddcbb906254e7e0bc8f0ec959fc50,3338,3338,52339340,2026-10-08T14:00:27Z,D,cyclic_unknown_venue,MISSING,,kept_null,1,0xe2654cc01616e962fbfcc4277c23062e59e70e39f87221d77b6d438705a5f286,ABSENT_NO_HOOK_ADDRESS,True,,True,UNMATCHABLE
0x661a34c1f4417821ab8a49f1c8dd8cda661116b207b81269d78341843a4637fc,3344,3344,52339345,2026-10-08T14:00:37Z,D,cyclic_unknown_venue,MISSING,,kept_null,1,0xe2654cc01616e962fbfcc4277c23062e59e70e39f87221d77b6d438705a5f286,ABSENT_NO_HOOK_ADDRESS,True,,True,UNMATCHABLE
0xf7abba503d5d58573d87c08482f5f0bd162782d250fb7ba2efe640185328be70,3346,3346,52339377,2026-10-08T14:01:41Z,D,cyclic_unknown_venue,MISSING,,kept_null,1,0xe2654cc01616e962fbfcc4277c23062e59e70e39f87221d77b6d438705a5f286,ABSENT_NO_HOOK_ADDRESS,True,,True,UNMATCHABLE
0xa67d2777173b66df17438ef69800e4f50578d3376b5d4c26f6bcbafcc220838d,3347,3347,52339381,2026-10-08T14:01:49Z,A,trace-verified native flows; all legs priced,INFERRED,7.26707,1_to_lt25,3,0x3fdd561e9c94de2d224f57189637d225de1230b84323924a5f036f9a49043dd8|0x7283466cba087df99c7d1a49f54e6c7a7f55cb08e5710b578467d3b753d623cb|0xc8e2ead0f86c658becc7fe0f6acc4e528b87b22bebc7dffa6848810282614078,ABSENT_NO_HOOK_ADDRESS,True,UniswapV3,True,PARTIAL_POOL_UNSUPPORTED_VENUE
0xcb10fc9db8479a61a9f8ed2ec7b1d30538a4ac4f5c928dfd3c146b110674b6b5,3350,3350,52339408,2026-10-08T14:02:43Z,B,"log-reconstructed (no native legs, no ext payouts); not trace-checked",MISSING,0.909788,0_to_lt1,3,0x45782b259d533553a4a5f7851a2ed87ae73ded19f26af504dac590ab03b28839|0x93f900e15be5ee054dd9a874e4ecdafd2a4f27e86424ab3a4f50af84eb51dad8|0xc8e2ead0f86c658becc7fe0f6acc4e528b87b22bebc7dffa6848810282614078,ABSENT_NO_HOOK_ADDRESS,True,,True,UNMATCHABLE
0x5bde1da730efae7304502e85c9ee1f447c500e5b6b9cbf70f19574b0766eda7a,3354,3354,52339474,2026-10-08T14:04:55Z,D,cyclic_unknown_venue,MISSING,,kept_null,1,0xe2654cc01616e962fbfcc4277c23062e59e70e39f87221d77b6d438705a5f286,ABSENT_NO_HOOK_ADDRESS,True,,True,UNMATCHABLE
0xef21d19b74241c1156f369bc93a8f76c717213ff5925f77a6fba3ba23912276a,3360,3360,52339553,2026-10-08T14:07:33Z,A,trace-verified native flows; all legs priced,INFERRED,1.437094,1_to_lt25,3,0x3fdd561e9c94de2d224f57189637d225de1230b84323924a5f036f9a49043dd8|0x7283466cba087df99c7d1a49f54e6c7a7f55cb08e5710b578467d3b753d623cb|0xc8e2ead0f86c658becc7fe0f6acc4e528b87b22bebc7dffa6848810282614078,ABSENT_NO_HOOK_ADDRESS,True,UniswapV3,True,PARTIAL_POOL_UNSUPPORTED_VENUE
0x1edc371388761f156a14eba5d306b94a652656b1914cfdfcd7dc6c024e6fba34,3361,3361,52339557,2026-10-08T14:07:41Z,D,cyclic_v4_unresolved,INFERRED,,kept_null,2,0x5e916637e7c271972049cf33039e0feba2e8b6ba43b5e163e7720f15b3163deb|0x74f56b36ed8915037ff9913b31cecd3113e8a74f0724cb746aa939719d2ae98c,ABSENT_NO_HOOK_ADDRESS,True,PancakeV3,True,UNMATCHED
0x3db7db3c717fbcb22ba1a92fdd1dc12e57379f23ec6cdfda0ba925392da1ebe1,3364,3364,52339598,2026-10-08T14:09:03Z,C,"payout to a non-owner, non-tip address (could be a user fill or revenue share)",MISSING,,kept_null,2,0x84bb5de343c30ebd863aaaea0c8d1013c12d4e876645f4ea610c67f71fa8490d|0x9849c9b8e9dc57a7966bb5d5267b9b2a1192e3c12d7b90e828918a89e5cff7f3,ABSENT_NO_HOOK_ADDRESS,True,Aerodrome-Slipstream3,True,UNMATCHED
0x915eec26ca3d6665419bef6883979f79041ba011c7fb905cf414f28128496a8c,3365,3365,52339634,2026-10-08T14:10:15Z,D,cyclic_unknown_venue,MISSING,,kept_null,1,0x3de2a8642859649d22d4a6f6a87b1441c51fdf8bf2bcd8864628a6a0f7119843,ABSENT_NO_HOOK_ADDRESS,True,UniswapV3,True,PARTIAL_POOL_UNSUPPORTED_VENUE
0x9333a41b366a0e88fb10257b9205bd0b8c049d84b9ce7a4a03fd6f87f57aa8fb,3368,3368,52339661,2026-10-08T14:11:09Z,D,cyclic_unknown_venue,MISSING,,kept_null,1,0xe2654cc01616e962fbfcc4277c23062e59e70e39f87221d77b6d438705a5f286,ABSENT_NO_HOOK_ADDRESS,True,,True,UNMATCHABLE
0xc0c70e1ea2b0eda775ccff38e4f106a8f9adc40129e9239af7083fa79a11190e,3369,3369,52339662,2026-10-08T14:11:11Z,D,cyclic_unknown_venue,MISSING,,kept_null,1,0xe2654cc01616e962fbfcc4277c23062e59e70e39f87221d77b6d438705a5f286,ABSENT_NO_HOOK_ADDRESS,True,,True,UNMATCHABLE
0x4cd4a557a2a6c01d2d8832d9077dce57ac38b8159795c38bd4b87d9ffeb6fe02,3371,3371,52339723,2026-10-08T14:13:13Z,A,trace-verified native flows; all legs priced,MISSING,0.019746,0_to_lt1,1,0xf11fe3e9ecc1049864e3adb1578c37f0588a766001eb5ef11c5d56d3c1e92947,ABSENT_NO_HOOK_ADDRESS,True,Aerodrome-Slipstream3,True,UNMATCHED
0x1bda0384b81499cfe40f4ce76f2c232674c838c255042a68e3a2507461e28d4c,3372,3372,52339742,2026-10-08T14:13:51Z,D,cyclic_unknown_venue,VERIFIED,,kept_null,1,0xbb2aefc6c55a0464b944c0478869527ba1a537f05f90a1bb82e1196c6e9403e2,ABSENT_NO_HOOK_ADDRESS,False,,False,UNMATCHABLE
0x6556836fbb002631836f1b0b8d9288b90ff691b444ea52a3c707a708585a7854,3376,3376,52339787,2026-10-08T14:15:21Z,B,"log-reconstructed (no native legs, no ext payouts); not trace-checked",INFERRED,0.074728,0_to_lt1,2,0x1a3a5d1c0e7282cfe8be8344c280410c6ddbe0f5ee0e7b17bedd635882b70e9f|0xaa3f41df57766197c15679db7db272058137b26b371b285813ecc620428a4c6c,ABSENT_NO_HOOK_ADDRESS,True,,True,UNMATCHABLE
0x9128c70f98ec0544681a5556b6ddd114a4573235f85a9d2c1796dfca5fcdfc34,3387,3387,52339801,2026-10-08T14:15:49Z,D,cyclic_unknown_venue,VERIFIED,,kept_null,1,0xbb2aefc6c55a0464b944c0478869527ba1a537f05f90a1bb82e1196c6e9403e2,ABSENT_NO_HOOK_ADDRESS,False,,False,UNMATCHABLE
0xddd2902a4a7fe25bcadc5ef2f6b89daafc0afffc15f6765d0536b02830ac2767,3388,3388,52339801,2026-10-08T14:15:49Z,D,cyclic_unknown_venue,MISSING,,kept_null,1,0xfba2c4592d32a4e2e6393b8898f9110b4e272983f4bd416b38f81672a17fe3dc,ABSENT_NO_HOOK_ADDRESS,True,UniswapV3,True,UNMATCHED
0x4e92ea9a09d79788c96ac09034d7d9b4fe08e3bd26bda4414e4e6106ad5188c3,3401,3401,52339850,2026-10-08T14:17:27Z,D,cyclic_unknown_venue,MISSING,,kept_null,1,0xe2654cc01616e962fbfcc4277c23062e59e70e39f87221d77b6d438705a5f286,ABSENT_NO_HOOK_ADDRESS,True,,True,UNMATCHABLE
0xa0da16343bbc6e1912b601af827b6f879769b4e70a42d7801e8d1401d0ef2720,3416,3416,52339908,2026-10-08T14:19:23Z,B,"log-reconstructed (no native legs, no ext payouts); not trace-checked",MISSING,0.008954,0_to_lt1,1,0x7d63748d820cca173648df78523b07ddd68e8c4ac3c1b67e218ca1233a538bc2,ABSENT_NO_HOOK_ADDRESS,True,Aerodrome-V2|UniswapV3,True,UNMATCHED
0x6c3b625a1dadca4685ddae5e6931062c1c5cab8e948da6b70d2a149fff2f9178,3419,3419,52339924,2026-10-08T14:19:55Z,D,cyclic_unknown_venue,MISSING,,kept_null,1,0xe2654cc01616e962fbfcc4277c23062e59e70e39f87221d77b6d438705a5f286,ABSENT_NO_HOOK_ADDRESS,True,,True,UNMATCHABLE
0x922cc33fdec87893b5e3cd301d690e1e43b3d1127c6898b476a81994c7e780ed,3423,3423,52339955,2026-10-08T14:20:57Z,A,trace-verified native flows; all legs priced,MISSING,0.116101,0_to_lt1,1,0x36d7043ec113e9926b8f98392544a1b00b027556269bd35e2945403c69806f97,ABSENT_NO_HOOK_ADDRESS,True,Aerodrome-V2|UniswapV3,True,UNMATCHED
0x65a0ec0f989c5b3a6ed3a45b91f4b58f0d540f01fd703fe821ce92487aad01e1,3424,3424,52339955,2026-10-08T14:20:57Z,B,"log-reconstructed (no native legs, no ext payouts); not trace-checked",VERIFIED,0.146808,0_to_lt1,1,0xa0675763947a930e3736cdb47b59713865a4d24be6f01f39bc79c2ed7d55b9b6,ABSENT_NO_HOOK_ADDRESS,True,Aerodrome-V2|UniswapV3,True,UNMATCHED
0x56fc4a344a44f5a39e23a95f094d9c87d6744856afb3739cab7ef9600313a33a,3425,3425,52339955,2026-10-08T14:20:57Z,B,"log-reconstructed (no native legs, no ext payouts); not trace-checked",VERIFIED,0.72954,0_to_lt1,1,0xf13203ddbf2c9816a79b656a1a952521702715d92fea465b84ae2ed6e94a7f22,ABSENT_NO_HOOK_ADDRESS,True,UniswapV3,True,UNMATCHED
0xa7b82a76a43752362bada507c4c7dbfb1cec6ccc7789aa2e625c28c82c8e2317,3426,3426,52339955,2026-10-08T14:20:57Z,B,"log-reconstructed (no native legs, no ext payouts); not trace-checked",MISSING,0.714854,0_to_lt1,1,0x363fe74e05aa32b2cf6fe11e632cae4eabc9238c09d3ca626ef3afd414e2944e,ABSENT_NO_HOOK_ADDRESS,True,UniswapV3,True,UNMATCHED
0x9c95c20548d3e8f936bda7394d59edab3d297f6eab949d62f16453488c7f072f,3427,3427,52339955,2026-10-08T14:20:57Z,A,trace-verified native flows; all legs priced,MISSING,1.152418,1_to_lt25,1,0x3b92f4962d799934d24d114f3d7569f836d5d9af01bd92ecee613d5ba89f17a2,ABSENT_NO_HOOK_ADDRESS,True,Aerodrome-Slipstream|Aerodrome-Slipstream3|Aerodrome-V2,True,UNMATCHED
0x287bfaaca15de29b959786caa7db8cd1fb2d9f87e58a33b8b978b90f567f074e,3433,3433,52339956,2026-10-08T14:20:59Z,B,"log-reconstructed (no native legs, no ext payouts); not trace-checked",MISSING,0.041567,0_to_lt1,2,0x3b92f4962d799934d24d114f3d7569f836d5d9af01bd92ecee613d5ba89f17a2|0xf97db19953c4309b3af2ceb9cce172939e8868321a24656667d44cccb31c9ddc,ABSENT_NO_HOOK_ADDRESS,True,Aerodrome-V2|UniswapV3,True,UNMATCHED
0xe501d9c18bafd8ad7c84562e228879c6da200354c923fb529927efe969a38551,3436,3436,52339996,2026-10-08T14:22:19Z,D,cyclic_v4_unresolved,MISSING,,kept_null,1,0x69c74ad22dc70fb8b6a1289c49ce5978c8a5c2f85d0923b87296bce3f6f021f2,ABSENT_NO_HOOK_ADDRESS,True,UniswapV2,True,UNMATCHED
0xed03aa34fbb77a9a5854913c3c2dcb0eba69747e42fedeeb82f32b7c8d0b3443,3443,3443,52340048,2026-10-08T14:24:03Z,B,"log-reconstructed (no native legs, no ext payouts); not trace-checked",MISSING,0.024596,0_to_lt1,1,0x539a0eec22fa9f760acee8406db3685e3dbb844c7c8b5cecafd940c8fb597d49,ABSENT_NO_HOOK_ADDRESS,True,Aerodrome-Slipstream3,True,UNMATCHED
0xd54f4105f94677c0ecea6325df386eea85a181e568f5dd39f4023f558f99b2c4,3444,3444,52340055,2026-10-08T14:24:17Z,A,trace-verified native flows; all legs priced,MISSING,0.361912,0_to_lt1,1,0x83f95026fb17cbb252b5861baca45b1ef6b175e9b494250cc1202655431987c9,ABSENT_NO_HOOK_ADDRESS,True,Aerodrome-Slipstream3,True,UNMATCHED
0xd57e471d1f15d650db42cf4dfa38ecb72a79df432961cac0daa2f6f4971d3ceb,3448,3448,52340077,2026-10-08T14:25:01Z,D,cyclic_unknown_venue,MISSING,,kept_null,1,0xe2654cc01616e962fbfcc4277c23062e59e70e39f87221d77b6d438705a5f286,ABSENT_NO_HOOK_ADDRESS,True,,True,UNMATCHABLE
0x87c86ccd175a2fd6b163f68bdc19d790c0d49a3028d4cea157d0678c7d7c6e58,3449,3449,52340113,2026-10-08T14:26:13Z,D,cyclic_unknown_venue,MISSING,,kept_null,1,0xe2654cc01616e962fbfcc4277c23062e59e70e39f87221d77b6d438705a5f286,ABSENT_NO_HOOK_ADDRESS,True,,True,UNMATCHABLE
0x68a6a46b42f43894e057e7977dff988905fcd629e25f44d42d26e903fa86ba5f,3450,3450,52340113,2026-10-08T14:26:13Z,D,cyclic_unknown_venue,MISSING,,kept_null,1,0xe2654cc01616e962fbfcc4277c23062e59e70e39f87221d77b6d438705a5f286,ABSENT_NO_HOOK_ADDRESS,True,,True,UNMATCHABLE
0x8b5b713e7a8152ec79766a73279c3ed9898b9246e0a77bf3081347d5322cc666,3452,3452,52340114,2026-10-08T14:26:15Z,B,"log-reconstructed (no native legs, no ext payouts); not trace-checked",MISSING,0.342164,0_to_lt1,1,0xe2654cc01616e962fbfcc4277c23062e59e70e39f87221d77b6d438705a5f286,ABSENT_NO_HOOK_ADDRESS,True,Aerodrome-V2,True,UNMATCHED
0x2d7bcac587202e855ebf48d0b3632c7e3cabe9cadb1afb90fea94c84b6b9a5c2,3454,3454,52340144,2026-10-08T14:27:15Z,B,"log-reconstructed (no native legs, no ext payouts); not trace-checked",MISSING,0.129742,0_to_lt1,4,0x3fdd561e9c94de2d224f57189637d225de1230b84323924a5f036f9a49043dd8|0x6a0f5830e56c0ad9dd425b3cf97f94e3c15b9a3b692b0bcd361840f262cd27b1|0xb5ec9a0a70868e86c9bb6ae6fb643490abbe4e8f155588c26ca7b9c99328c1c8|0xf5c981bb345f1d4fdb25cc7d1e1bcf6b00ef515968c086870312d98144586535,ABSENT_NO_HOOK_ADDRESS,True,,True,UNMATCHABLE
0xdc904c6a03d1312a3e02e6eae71c08f694d65706c980ab9ddcda39b7161f9561,3455,3455,52340145,2026-10-08T14:27:17Z,D,cyclic_unknown_venue,MISSING,,kept_null,1,0xe2654cc01616e962fbfcc4277c23062e59e70e39f87221d77b6d438705a5f286,ABSENT_NO_HOOK_ADDRESS,True,,True,UNMATCHABLE
0x2817b55333ab2fe92dc7530386ceb17291f3ccf7916a71e4082f8743c4915440,3456,3456,52340145,2026-10-08T14:27:17Z,D,cyclic_unknown_venue,MISSING,,kept_null,1,0xe2654cc01616e962fbfcc4277c23062e59e70e39f87221d77b6d438705a5f286,ABSENT_NO_HOOK_ADDRESS,True,,True,UNMATCHABLE
0x590cbf529aecbc3fbd01af724f3592572a2a0e7515f4d387a1ab9f05b37b65e8,3458,3458,52340145,2026-10-08T14:27:17Z,D,cyclic_unknown_venue,MISSING,,kept_null,1,0xe2654cc01616e962fbfcc4277c23062e59e70e39f87221d77b6d438705a5f286,ABSENT_NO_HOOK_ADDRESS,True,,True,UNMATCHABLE
0x59456803134b639369703cce43786e3ef3a2f6295197365186bf155f94a6b74d,3461,3461,52340148,2026-10-08T14:27:23Z,D,cyclic_unknown_venue,MISSING,,kept_null,1,0xe2654cc01616e962fbfcc4277c23062e59e70e39f87221d77b6d438705a5f286,ABSENT_NO_HOOK_ADDRESS,True,,True,UNMATCHABLE
0x8b7dda9577b39c33de88dd67119b93362448b5cdae43095ae06f73838234d478,3464,3464,52340184,2026-10-08T14:28:35Z,D,cyclic_v4_unresolved,MISSING,,kept_null,2,0x5e916637e7c271972049cf33039e0feba2e8b6ba43b5e163e7720f15b3163deb|0x74f56b36ed8915037ff9913b31cecd3113e8a74f0724cb746aa939719d2ae98c,ABSENT_NO_HOOK_ADDRESS,True,PancakeV3,True,UNMATCHED
0x3819ccb81c28bf8b5045b589c79614f4736982742f5e3a9ef5a2751d1fe6a5a6,3465,3465,52340215,2026-10-08T14:29:37Z,B,"log-reconstructed (no native legs, no ext payouts); not trace-checked",INFERRED,0.286739,0_to_lt1,1,0xb5cd6e82b8fca463b1708af6fec2073c7c107f3e6c750a817c8f8885fb835748,ABSENT_NO_HOOK_ADDRESS,True,UniswapV3,True,PARTIAL_POOL_SET
0x445ea236f1c18979f2bb9a43ae9840014e2520b55a8e614c06e5da9d339b4a0a,3475,3475,52340273,2026-10-08T14:31:33Z,A,trace-verified native flows; all legs priced,VERIFIED,0.217494,0_to_lt1,1,0xbb2aefc6c55a0464b944c0478869527ba1a537f05f90a1bb82e1196c6e9403e2,ABSENT_NO_HOOK_ADDRESS,False,Aerodrome-Slipstream3|PancakeV3,False,UNMATCHED
0x44de20dee210064205a1f3b9a3f7247866a5c254c373adf32bcb8f19911d50c0,3477,3477,52340288,2026-10-08T14:32:03Z,B,"log-reconstructed (no native legs, no ext payouts); not trace-checked",MISSING,0.017276,0_to_lt1,1,0x390e1ebcdb50943217ceeb7c1c6283aec4588dae6c30f4b30d4570edab34fe47,ABSENT_NO_HOOK_ADDRESS,True,Aerodrome-Slipstream2,True,UNMATCHED
0xaa5edd8f61df50b0a83ee427474da303327c40637f24be2e01408a5ef246841e,3480,3480,52340333,2026-10-08T14:33:33Z,D,cyclic_unknown_venue,MISSING,,kept_null,1,0xe2654cc01616e962fbfcc4277c23062e59e70e39f87221d77b6d438705a5f286,ABSENT_NO_HOOK_ADDRESS,True,,True,UNMATCHABLE
0xe3f5b7aa98b64cc1dc355cc30a6deb5ae5dcc6b382d730b168b5675d4427063b,3486,3486,52340340,2026-10-08T14:33:47Z,D,cyclic_unknown_venue,MISSING,,kept_null,1,0xe2654cc01616e962fbfcc4277c23062e59e70e39f87221d77b6d438705a5f286,ABSENT_NO_HOOK_ADDRESS,True,,True,UNMATCHABLE
0xc02b58e0ee6f763a8fe669ddae6b8a1ebb8876ed26ccca58e7ee67785e13e266,3487,3487,52340350,2026-10-08T14:34:07Z,D,cyclic_unknown_venue,MISSING,,kept_null,1,0xe2654cc01616e962fbfcc4277c23062e59e70e39f87221d77b6d438705a5f286,ABSENT_NO_HOOK_ADDRESS,True,,True,UNMATCHABLE
0xf91c3a6839561ca6659c191095b5262e0fe7a61a527653607c559c116521f48f,3489,3489,52340352,2026-10-08T14:34:11Z,D,cyclic_unknown_venue,MISSING,,kept_null,1,0xe2654cc01616e962fbfcc4277c23062e59e70e39f87221d77b6d438705a5f286,ABSENT_NO_HOOK_ADDRESS,True,,True,UNMATCHABLE
0x0d21bc8c922d64b488c661ce11de68878a029bd88c2c3f500857c773dab20fc4,3490,3490,52340353,2026-10-08T14:34:13Z,D,cyclic_unknown_venue,MISSING,,kept_null,1,0xe2654cc01616e962fbfcc4277c23062e59e70e39f87221d77b6d438705a5f286,ABSENT_NO_HOOK_ADDRESS,True,,True,UNMATCHABLE
0x54c6e1ef25822d8911bf755ffbdeaccb39abbcbf226ed22640fe0e495fec4d35,3492,3492,52340384,2026-10-08T14:35:15Z,D,cyclic_unknown_venue,MISSING,,kept_null,1,0xe2654cc01616e962fbfcc4277c23062e59e70e39f87221d77b6d438705a5f286,ABSENT_NO_HOOK_ADDRESS,True,,True,UNMATCHABLE
0x1e303df8d3c3e8374693dae6ea526ee8341548d693cb51073604eafba5852cb2,3494,3494,52340397,2026-10-08T14:35:41Z,D,cyclic_unknown_venue,MISSING,,kept_null,1,0xe2654cc01616e962fbfcc4277c23062e59e70e39f87221d77b6d438705a5f286,ABSENT_NO_HOOK_ADDRESS,True,,True,UNMATCHABLE
0x53cd4ad994dde763dfb516104b8899a3c98f55d91ae04c7001ddcffb68352fa2,3497,3497,52340452,2026-10-08T14:37:31Z,D,cyclic_unknown_venue,MISSING,,kept_null,1,0xe2654cc01616e962fbfcc4277c23062e59e70e39f87221d77b6d438705a5f286,ABSENT_NO_HOOK_ADDRESS,True,,True,UNMATCHABLE
0x96c4d90ff0de0b91812b9831b368e278d39ba76e73e389436541a2169ccf6bef,3502,3502,52340511,2026-10-08T14:39:29Z,D,cyclic_unknown_venue,MISSING,,kept_null,1,0xe2654cc01616e962fbfcc4277c23062e59e70e39f87221d77b6d438705a5f286,ABSENT_NO_HOOK_ADDRESS,True,,True,UNMATCHABLE
0xcef93f379daeee8b81988efd7ee1859dcf182a0907827cf986015d2231e34a6d,3506,3506,52340605,2026-10-08T14:42:37Z,A,trace-verified native flows; all legs priced,MISSING,0.001477,0_to_lt1,1,0x3794f7b84c4d243c117e3cba9cd07c23ac001585e0d9464820bbf503f3c0c3be,ABSENT_NO_HOOK_ADDRESS,True,Aerodrome-Slipstream3,True,UNMATCHED
0xe72f5b18160e3f7770c03b995eeaf71385696066343f8721e36bc1c72151d1fe,3509,3509,52340630,2026-10-08T14:43:27Z,B,"log-reconstructed (no native legs, no ext payouts); not trace-checked",INFERRED,5.724547,1_to_lt25,1,0xbc94a571767139984504676ec9347f57ca5f9ad10e917f235ef2c88fb1df79bf,ABSENT_NO_HOOK_ADDRESS,True,Aerodrome-Slipstream3|UniswapV3,True,UNMATCHED
0x5207b85abf4efe4fea957aba7d27f65cd04e5b64ff157da1726467816f134c1b,3511,3511,52340634,2026-10-08T14:43:35Z,D,cyclic_unknown_venue,MISSING,,kept_null,1,0xe2654cc01616e962fbfcc4277c23062e59e70e39f87221d77b6d438705a5f286,ABSENT_NO_HOOK_ADDRESS,True,,True,UNMATCHABLE
0xfb3940a48b13eb9cd0a2eb2c886090e5171974b6c7fbc876a10b38aa421224de,3514,3514,52340643,2026-10-08T14:43:53Z,D,cyclic_unknown_venue,MISSING,,kept_null,1,0xe2654cc01616e962fbfcc4277c23062e59e70e39f87221d77b6d438705a5f286,ABSENT_NO_HOOK_ADDRESS,True,,True,UNMATCHABLE
0xaedb847e3134d38e25781722dc52eb0f187b72615a0a2b88ae79fb2ec3ee02fc,3517,3517,52340645,2026-10-08T14:43:57Z,D,cyclic_unknown_venue,MISSING,,kept_null,1,0xe2654cc01616e962fbfcc4277c23062e59e70e39f87221d77b6d438705a5f286,ABSENT_NO_HOOK_ADDRESS,True,,True,UNMATCHABLE
0xb07512fbd3e600ff1eadad467bcbfe6b847baa9d4e3bb1d0aed7c398a2b7bead,3518,3518,52340645,2026-10-08T14:43:57Z,D,cyclic_unknown_venue,MISSING,,kept_null,1,0xe2654cc01616e962fbfcc4277c23062e59e70e39f87221d77b6d438705a5f286,ABSENT_NO_HOOK_ADDRESS,True,,True,UNMATCHABLE
0x3378f4a61654494a03baa84eb632b6b320f764e4c38bbb38d3361f7d025bf078,3527,3527,52340723,2026-10-08T14:46:33Z,D,cyclic_unknown_venue,MISSING,,kept_null,1,0xe2654cc01616e962fbfcc4277c23062e59e70e39f87221d77b6d438705a5f286,ABSENT_NO_HOOK_ADDRESS,True,,True,UNMATCHABLE
0x7c1adbb49fe2c86bc56437ce34dc51fc357d2cbc3ad893a6e95e13f21278391b,3542,3542,52340882,2026-10-08T14:51:51Z,B,"log-reconstructed (no native legs, no ext payouts); not trace-checked",MISSING,0.01741,0_to_lt1,1,0x867dbb1b6417abcb3696d5a5d9cc38cbf9f0f6d17355515fe1c8303e791832c4,ABSENT_NO_HOOK_ADDRESS,True,Aerodrome-Slipstream|Aerodrome-V2,False,UNMATCHED
0x07075220514dbe9d5b966b24d5d3ffe5877e95079debfc3fb53f68519456e1aa,3543,3543,52340891,2026-10-08T14:52:09Z,D,cyclic_v4_unresolved,INFERRED,,kept_null,2,0x28296adbbd6dc14d63c08fb5b79a4ce560e38e069e2c87c03393c744c6665e6b|0xe117d0a029ef4638f12d9eb84229cdfbc358d2f3970572d504781d91e694de96,ABSENT_NO_HOOK_ADDRESS,True,Aerodrome-Slipstream2|UniswapV3,True,PARTIAL_POOL_SET
0x0143ec1761689cd4e251e85c2b2ead64d115760f633f389a922b45872617106f,3544,3544,52340891,2026-10-08T14:52:09Z,D,cyclic_v4_unresolved,MISSING,,kept_null,2,0x28296adbbd6dc14d63c08fb5b79a4ce560e38e069e2c87c03393c744c6665e6b|0xf1aec1a68ebd9a68cf0ebdcffbd323812de24cde78e4e9cec9d3c09a7150da24,ABSENT_NO_HOOK_ADDRESS,True,Aerodrome-Slipstream2,True,UNMATCHED
0xf9088b2468d6e565f76430b483e03c396de7b1e46f1ae41ea3832b89650d6a94,3556,3556,52340960,2026-10-08T14:54:27Z,D,cyclic_unknown_venue,MISSING,,kept_null,1,0xe2654cc01616e962fbfcc4277c23062e59e70e39f87221d77b6d438705a5f286,ABSENT_NO_HOOK_ADDRESS,True,,True,UNMATCHABLE
0xa095e83fb882fb35f40da02720c7d706d4222f07ccce9fc5e717f0b1b19e6ff5,3567,3567,52341041,2026-10-08T14:57:09Z,B,"log-reconstructed (no native legs, no ext payouts); not trace-checked",MISSING,0.265884,0_to_lt1,1,0x867dbb1b6417abcb3696d5a5d9cc38cbf9f0f6d17355515fe1c8303e791832c4,ABSENT_NO_HOOK_ADDRESS,True,Aerodrome-Slipstream|Aerodrome-V2,True,UNMATCHED
0x53c9c947899f227e0f06658fbbff287067882a1dddd2944cf64363f4589f42ed,3569,3569,52341059,2026-10-08T14:57:45Z,D,cyclic_v4_unresolved,MISSING,,kept_null,1,0x2c13ec88c86c3844a54141c0be572fd206e920d4121844bbe3d9979f655d2575,ABSENT_NO_HOOK_ADDRESS,True,Aerodrome-Slipstream3|PancakeV3,True,UNMATCHED
0xe57da1586192ead7e74314426a6bec276111bdc17b5550602d2a66a55d97b97f,3574,3574,52341078,2026-10-08T14:58:23Z,D,cyclic_v4_unresolved,MISSING,,kept_null,1,0x69c74ad22dc70fb8b6a1289c49ce5978c8a5c2f85d0923b87296bce3f6f021f2,ABSENT_NO_HOOK_ADDRESS,True,UniswapV2,True,UNMATCHED
0xd330400808f40bcff3e88bf85fedbb206284d0a85aea64bd3fa1d23fc9d69c09,3578,3578,52341087,2026-10-08T14:58:41Z,B,"log-reconstructed (no native legs, no ext payouts); not trace-checked",INFERRED,0.054813,0_to_lt1,1,0x867dbb1b6417abcb3696d5a5d9cc38cbf9f0f6d17355515fe1c8303e791832c4,ABSENT_NO_HOOK_ADDRESS,True,Aerodrome-Slipstream|Aerodrome-V2,True,UNMATCHED
0x45a135776c1c0e7fa0f99a2a607c7e20223c2b8e8a3906874088b0b5fa172633,3580,3580,52341109,2026-10-08T14:59:25Z,B,"log-reconstructed (no native legs, no ext payouts); not trace-checked",MISSING,0.152662,0_to_lt1,1,0xf13203ddbf2c9816a79b656a1a952521702715d92fea465b84ae2ed6e94a7f22,ABSENT_NO_HOOK_ADDRESS,True,UniswapV3,True,UNMATCHED
0xb5b5b04028abdfc4bc0e2fea91489c71bf2c69ee8e99595dac30e5024267a636,3581,3581,52341120,2026-10-08T14:59:47Z,B,"log-reconstructed (no native legs, no ext payouts); not trace-checked",MISSING,0.001541,0_to_lt1,1,0x0f32e86299e9059ed2b0fa08bfa0ddb516175a8a4249f1b80030fc35363cef89,ABSENT_NO_HOOK_ADDRESS,True,Aerodrome-Slipstream3,True,UNMATCHED
0x125ce1f04595f5d448ea0f275f22a470d64220f8fceb55446d176ca293ebc771,3583,3583,52341128,2026-10-08T15:00:03Z,A,trace-verified native flows; all legs priced,INFERRED,215.134775,ge25,1,0x6f2692b8f40d3ec94673aa3daee4a8d2efa92a41e02d918b09c2dd0600cbfa6c,ABSENT_NO_HOOK_ADDRESS,True,Aerodrome-Slipstream3|UniswapV3,True,PARTIAL_POOL_SET
0xb6ad4c4da34892d50ecee5fa8f1852f2b41e6307ba4153dcedb97461ccbf7f44,3584,3584,52341128,2026-10-08T15:00:03Z,A,trace-verified native flows; all legs priced,INFERRED,19.537762,1_to_lt25,1,0x59d737e8fc91bd49a24ec2f743395bc3399e13ca78b0126dc06bad89431ba5d5,ABSENT_NO_HOOK_ADDRESS,True,Aerodrome-Slipstream3|UniswapV3,True,PARTIAL_POOL_SET
0x79ff3e12f79bae125bf857632545269ccfb186e0694c726053dd11d51f6c8d39,3585,3585,52341130,2026-10-08T15:00:07Z,A,trace-verified native flows; all legs priced,INFERRED,1.473417,1_to_lt25,1,0x6f2692b8f40d3ec94673aa3daee4a8d2efa92a41e02d918b09c2dd0600cbfa6c,ABSENT_NO_HOOK_ADDRESS,True,Aerodrome-Slipstream3|UniswapV3,True,PARTIAL_POOL_SET
0x513a797f5293002b28052f4eaedcc877e539a5502c36a6f65ed5786d4cab5213,3586,3586,52341133,2026-10-08T15:00:13Z,A,trace-verified native flows; all legs priced,MISSING,18.612748,1_to_lt25,1,0x6f2692b8f40d3ec94673aa3daee4a8d2efa92a41e02d918b09c2dd0600cbfa6c,ABSENT_NO_HOOK_ADDRESS,True,Aerodrome-Slipstream3,True,UNMATCHED
0x2d7fe2791f0e21d5fe483c1b774ab0eeb525c5d2a1e17060dde89aeb4d949081,3587,3587,52341133,2026-10-08T15:00:13Z,A,trace-verified native flows; all legs priced,MISSING,13.506016,1_to_lt25,1,0x59d737e8fc91bd49a24ec2f743395bc3399e13ca78b0126dc06bad89431ba5d5,ABSENT_NO_HOOK_ADDRESS,True,Aerodrome-Slipstream3,True,UNMATCHED
0xdf732fa416b3b1431091b49b0e4aa150ed3359ead1b36e07c7ab7ce6a29754b7,3590,3590,52341136,2026-10-08T15:00:19Z,A,trace-verified native flows; all legs priced,MISSING,10.464685,1_to_lt25,1,0x4d6d290f26daca74998c8aaa742406962b92e8109ba8a16bb6b56c001575b285,ABSENT_NO_HOOK_ADDRESS,True,Aerodrome-Slipstream3,True,UNMATCHED
0x4ca147149703cac20c7950cfb602ad0d3858d9f13524ce81ea72b95f7e56d3b6,3591,3591,52341137,2026-10-08T15:00:21Z,B,"log-reconstructed (no native legs, no ext payouts); not trace-checked",VERIFIED,0.183995,0_to_lt1,1,0x4d6d290f26daca74998c8aaa742406962b92e8109ba8a16bb6b56c001575b285,ABSENT_NO_HOOK_ADDRESS,True,Aerodrome-Slipstream3,True,UNMATCHED
0x26817a5ea6aac080b0cd82c011427562dbd265f0697912ac994c8df9bcc6641e,3592,3592,52341137,2026-10-08T15:00:21Z,A,trace-verified native flows; all legs priced,MISSING,1.880919,1_to_lt25,1,0x4d6d290f26daca74998c8aaa742406962b92e8109ba8a16bb6b56c001575b285,ABSENT_NO_HOOK_ADDRESS,True,Aerodrome-Slipstream3,True,UNMATCHED
0xbc293eb4bf8fefbf349f1d9547b250fc6ec5bdf3d1d84e9e919d5391c5972284,3593,3593,52341138,2026-10-08T15:00:23Z,B,"log-reconstructed (no native legs, no ext payouts); not trace-checked",MISSING,0.003276,0_to_lt1,1,0x4d6d290f26daca74998c8aaa742406962b92e8109ba8a16bb6b56c001575b285,ABSENT_NO_HOOK_ADDRESS,True,Aerodrome-Slipstream3,True,UNMATCHED
0x83e40c739baf58aef49cda6eb30165868b5c297927f0fbc6c94df1adb6c80343,3594,3594,52341140,2026-10-08T15:00:27Z,B,"log-reconstructed (no native legs, no ext payouts); not trace-checked",MISSING,0.003776,0_to_lt1,1,0x4d6d290f26daca74998c8aaa742406962b92e8109ba8a16bb6b56c001575b285,ABSENT_NO_HOOK_ADDRESS,True,Aerodrome-Slipstream3,True,UNMATCHED
0x1c33006940c1303bf532511516ffbc0fbbee800e9db256da280e545ce73a47a0,3595,3595,52341147,2026-10-08T15:00:41Z,A,trace-verified native flows; all legs priced,INFERRED,14.599309,1_to_lt25,1,0x59d737e8fc91bd49a24ec2f743395bc3399e13ca78b0126dc06bad89431ba5d5,ABSENT_NO_HOOK_ADDRESS,True,Aerodrome-Slipstream3|UniswapV3,True,PARTIAL_POOL_SET
0x1ae4f3457848f0cff11b2a6363183b9d00805e3e897d4667044bd10aed44efd5,3596,3596,52341147,2026-10-08T15:00:41Z,A,trace-verified native flows; all legs priced,MISSING,1.013417,1_to_lt25,1,0x06fad7d408e0ca866d851c9438a49eb6ecfc5638a68f57ca5e86db18c497887b,ABSENT_NO_HOOK_ADDRESS,True,Aerodrome-Slipstream3,True,UNMATCHED
0x25570eadee9fcfb2c746ee880a24c1d139f892c267511216353dd07c0d3bf23b,3597,3597,52341147,2026-10-08T15:00:41Z,B,"log-reconstructed (no native legs, no ext payouts); not trace-checked",MISSING,0.009225,0_to_lt1,1,0xdce39c7ce5d03c4c6da36361072f2ba8817c7fd54efaf5dc59b3af3552da6eac,ABSENT_NO_HOOK_ADDRESS,True,Aerodrome-Slipstream3,True,UNMATCHED
0xccdd71cab721054447941a27e4594f38708b741dadb8c939d0ddbacd31947a95,3600,3600,52341147,2026-10-08T15:00:41Z,A,trace-verified native flows; all legs priced,MISSING,2.360074,1_to_lt25,1,0x4d6d290f26daca74998c8aaa742406962b92e8109ba8a16bb6b56c001575b285,ABSENT_NO_HOOK_ADDRESS,True,Aerodrome-Slipstream3,True,UNMATCHED
0x3ae1ffd9c6fc2bd35c6f3cf74b533ed6a4e7b6b7ac973a69220e4c23867282aa,3601,3601,52341147,2026-10-08T15:00:41Z,A,trace-verified native flows; all legs priced,MISSING,0.60619,0_to_lt1,2,0x06fad7d408e0ca866d851c9438a49eb6ecfc5638a68f57ca5e86db18c497887b|0xdce39c7ce5d03c4c6da36361072f2ba8817c7fd54efaf5dc59b3af3552da6eac,ABSENT_NO_HOOK_ADDRESS,True,,True,UNMATCHABLE
0x4e177faa8e43675474afbd6140d0600093a3c9af269cf71023618a091e1c61b6,3602,3602,52341147,2026-10-08T15:00:41Z,A,trace-verified native flows; all legs priced,MISSING,2.347911,1_to_lt25,1,0xdce39c7ce5d03c4c6da36361072f2ba8817c7fd54efaf5dc59b3af3552da6eac,ABSENT_NO_HOOK_ADDRESS,True,Aerodrome-Slipstream3,True,UNMATCHED
0xb162221e328e3112fcff83a04fa2bca47098414e6e2b1b8f2947b31cceeae5d4,3603,3603,52341147,2026-10-08T15:00:41Z,B,"log-reconstructed (no native legs, no ext payouts); not trace-checked",MISSING,0.003625,0_to_lt1,1,0x06fad7d408e0ca866d851c9438a49eb6ecfc5638a68f57ca5e86db18c497887b,ABSENT_NO_HOOK_ADDRESS,True,Aerodrome-Slipstream3,True,UNMATCHED
0x1e74fd2ff373b87510713acf6d124cbaf8b8f38a247d1df8f239e05de3944bf0,3604,3604,52341148,2026-10-08T15:00:43Z,A,trace-verified native flows; all legs priced,MISSING,4.056121,1_to_lt25,1,0x06fad7d408e0ca866d851c9438a49eb6ecfc5638a68f57ca5e86db18c497887b,ABSENT_NO_HOOK_ADDRESS,True,Aerodrome-Slipstream3,True,UNMATCHED
0xc9c34a0fa4372562d0f2d05e27495536458b96712509fc0f80e8b1ddf18d9711,3605,3605,52341148,2026-10-08T15:00:43Z,C,"payout to a non-owner, non-tip address (could be a user fill or revenue share)",MISSING,,kept_null,1,0xdce39c7ce5d03c4c6da36361072f2ba8817c7fd54efaf5dc59b3af3552da6eac,ABSENT_NO_HOOK_ADDRESS,True,Aerodrome-Slipstream3,True,UNMATCHED
0x92a95ae46ef8c8a606ee3370472a1a497e65e4bd39d1106eb4170755e221abd0,3608,3608,52341148,2026-10-08T15:00:43Z,A,trace-verified native flows; all legs priced,INFERRED,25.740044,ge25,1,0xb755c4d29df61df71ba0675ed54d418f3b74b474405a21907504ab90072e4636,ABSENT_NO_HOOK_ADDRESS,True,Aerodrome-Slipstream3|UniswapV3,True,PARTIAL_POOL_SET
0xb633cab42dfe065da841c206ea494160d825df7cc79fa6a1fe20421dedbb7ad0,3609,3609,52341149,2026-10-08T15:00:45Z,A,trace-verified native flows; all legs priced,MISSING,0.392373,0_to_lt1,1,0xb755c4d29df61df71ba0675ed54d418f3b74b474405a21907504ab90072e4636,ABSENT_NO_HOOK_ADDRESS,True,Aerodrome-Slipstream3,True,UNMATCHED
0xd1d234a6e19731d4a0819767bce54adacd94b0e4143939d0098576367ebd971d,3610,3610,52341149,2026-10-08T15:00:45Z,B,"log-reconstructed (no native legs, no ext payouts); not trace-checked",INFERRED,2.589412,1_to_lt25,1,0xb755c4d29df61df71ba0675ed54d418f3b74b474405a21907504ab90072e4636,ABSENT_NO_HOOK_ADDRESS,True,Aerodrome-Slipstream3,True,UNMATCHED
0x77874d9ac544f007350635598fcced6bc9a2f008b6118ba4b2f9a9953d8b0d64,3611,3611,52341149,2026-10-08T15:00:45Z,A,trace-verified native flows; all legs priced,MISSING,2.382634,1_to_lt25,1,0x06fad7d408e0ca866d851c9438a49eb6ecfc5638a68f57ca5e86db18c497887b,ABSENT_NO_HOOK_ADDRESS,True,Aerodrome-Slipstream3,True,UNMATCHED
0xaeffec2e749fad260655063d31221e376c46308e33a26b0e57b7faefbfb4523d,3612,3612,52341149,2026-10-08T15:00:45Z,A,trace-verified native flows; all legs priced,MISSING,0.26008,0_to_lt1,1,0xdce39c7ce5d03c4c6da36361072f2ba8817c7fd54efaf5dc59b3af3552da6eac,ABSENT_NO_HOOK_ADDRESS,True,Aerodrome-Slipstream3,True,UNMATCHED
0xda862e36f0c389f7f59f634cd1568e780a2f3b22d0519e2d914e30052318de2a,3614,3614,52341149,2026-10-08T15:00:45Z,B,"log-reconstructed (no native legs, no ext payouts); not trace-checked",MISSING,0.108026,0_to_lt1,1,0x59d737e8fc91bd49a24ec2f743395bc3399e13ca78b0126dc06bad89431ba5d5,ABSENT_NO_HOOK_ADDRESS,True,Aerodrome-Slipstream3,True,UNMATCHED
0xe64d9e099912b1c8e79b1e7bbc2a9550ff23bfee3f05a3d743155a1cf1726cb5,3615,3615,52341149,2026-10-08T15:00:45Z,A,trace-verified native flows; all legs priced,MISSING,8.633887,1_to_lt25,1,0xdce39c7ce5d03c4c6da36361072f2ba8817c7fd54efaf5dc59b3af3552da6eac,ABSENT_NO_HOOK_ADDRESS,True,Aerodrome-Slipstream3,True,UNMATCHED
0xc3755099a293cc125cf75d858388735ef97804da7ab2753a5788b57bb6d43235,3616,3616,52341149,2026-10-08T15:00:45Z,A,trace-verified native flows; all legs priced,MISSING,1.09322,1_to_lt25,1,0xb755c4d29df61df71ba0675ed54d418f3b74b474405a21907504ab90072e4636,ABSENT_NO_HOOK_ADDRESS,True,Aerodrome-Slipstream3,True,UNMATCHED
0x3bd65ec542ca50def5743005a3f3a60bb07924d0c24452e7c0011cb5da6c56f5,3617,3617,52341151,2026-10-08T15:00:49Z,A,trace-verified native flows; all legs priced,MISSING,0.017534,0_to_lt1,1,0xb755c4d29df61df71ba0675ed54d418f3b74b474405a21907504ab90072e4636,ABSENT_NO_HOOK_ADDRESS,True,Aerodrome-Slipstream3,True,UNMATCHED
0x5eec6dfbc0228d2b6492d2f67f34264c8cda58e5b7c43194eb943955d814aa8b,3618,3618,52341155,2026-10-08T15:00:57Z,A,trace-verified native flows; all legs priced,INFERRED,3.665354,1_to_lt25,1,0xdce39c7ce5d03c4c6da36361072f2ba8817c7fd54efaf5dc59b3af3552da6eac,ABSENT_NO_HOOK_ADDRESS,True,Aerodrome-Slipstream3|UniswapV3,True,PARTIAL_POOL_SET
0x4cb0b00099c45f144e8d58e10561648076b0b7cf3dcad53cbedfdf3a4fcd9fac,3619,3619,52341155,2026-10-08T15:00:57Z,A,trace-verified native flows; all legs priced,INFERRED,2.509754,1_to_lt25,1,0xdce39c7ce5d03c4c6da36361072f2ba8817c7fd54efaf5dc59b3af3552da6eac,ABSENT_NO_HOOK_ADDRESS,True,Aerodrome-Slipstream3|UniswapV3,True,PARTIAL_POOL_SET
0xa684396dda7c9b03a0bb534eace4e8186542c90bf8d2306e3e6d90f2ab21f6e9,3621,3621,52341155,2026-10-08T15:00:57Z,A,trace-verified native flows; all legs priced,MISSING,1.8419,1_to_lt25,1,0x06fad7d408e0ca866d851c9438a49eb6ecfc5638a68f57ca5e86db18c497887b,ABSENT_NO_HOOK_ADDRESS,True,Aerodrome-Slipstream3,True,UNMATCHED
0x243652e6ccf95c80dc1e65cba98a831feab9e9a31e9996ae493fca9f135d7a51,3622,3622,52341155,2026-10-08T15:00:57Z,B,"log-reconstructed (no native legs, no ext payouts); not trace-checked",MISSING,0.003409,0_to_lt1,1,0x59d737e8fc91bd49a24ec2f743395bc3399e13ca78b0126dc06bad89431ba5d5,ABSENT_NO_HOOK_ADDRESS,True,Aerodrome-Slipstream3,True,UNMATCHED
0xcd6c3d8b564da91dad399d8c4cb6c5a9dceb498506ef85b410ced4c7fe4fde3c,3623,3623,52341155,2026-10-08T15:00:57Z,A,trace-verified native flows; all legs priced,MISSING,0.590596,0_to_lt1,1,0xdce39c7ce5d03c4c6da36361072f2ba8817c7fd54efaf5dc59b3af3552da6eac,ABSENT_NO_HOOK_ADDRESS,True,Aerodrome-Slipstream3,True,UNMATCHED
0x00b9588ec3e44f3fb3734ccb37e0b33b97a4cb6b3c241d3ea4ba723838db194d,3624,3624,52341155,2026-10-08T15:00:57Z,A,trace-verified native flows; all legs priced,MISSING,4.287441,1_to_lt25,1,0xb755c4d29df61df71ba0675ed54d418f3b74b474405a21907504ab90072e4636,ABSENT_NO_HOOK_ADDRESS,True,Aerodrome-Slipstream3,True,UNMATCHED
0x29c0b96d2e6567233b68c750177ffabf20502d2972066e70439ee8edfb31d5e6,3626,3626,52341164,2026-10-08T15:01:15Z,B,"log-reconstructed (no native legs, no ext payouts); not trace-checked",MISSING,0.002067,0_to_lt1,1,0x539a0eec22fa9f760acee8406db3685e3dbb844c7c8b5cecafd940c8fb597d49,ABSENT_NO_HOOK_ADDRESS,True,Aerodrome-Slipstream3,True,UNMATCHED
0x18565d7cbdf761e6275fc86431b17d6184da9c17e8720711b091a1e88a15968c,3632,3632,52341176,2026-10-08T15:01:39Z,B,"log-reconstructed (no native legs, no ext payouts); not trace-checked",MISSING,0.212037,0_to_lt1,1,0xb755c4d29df61df71ba0675ed54d418f3b74b474405a21907504ab90072e4636,ABSENT_NO_HOOK_ADDRESS,True,Aerodrome-Slipstream3,True,UNMATCHED
0x34255f5ac89e2cc30b8c8fde0f2c194c0681e066923a0f3d9f73ca25bda11081,3634,3634,52341176,2026-10-08T15:01:39Z,B,"log-reconstructed (no native legs, no ext payouts); not trace-checked",MISSING,0.002012,0_to_lt1,1,0xb755c4d29df61df71ba0675ed54d418f3b74b474405a21907504ab90072e4636,ABSENT_NO_HOOK_ADDRESS,True,Aerodrome-Slipstream3,True,UNMATCHED
0xc6566a49ed63fae3a0b13701080d86297e89d2f7ddf1d6e0bb24675c7449898e,3638,3638,52341180,2026-10-08T15:01:47Z,A,trace-verified native flows; all legs priced,MISSING,0.033459,0_to_lt1,1,0x539a0eec22fa9f760acee8406db3685e3dbb844c7c8b5cecafd940c8fb597d49,ABSENT_NO_HOOK_ADDRESS,True,Aerodrome-Slipstream3,True,UNMATCHED
0xe048d1875a8cd2190c687034c0dedd0d8ac8cd144c337912425186369a5ee932,3639,3639,52341185,2026-10-08T15:01:57Z,A,trace-verified native flows; all legs priced,MISSING,1.470978,1_to_lt25,1,0xdce39c7ce5d03c4c6da36361072f2ba8817c7fd54efaf5dc59b3af3552da6eac,ABSENT_NO_HOOK_ADDRESS,True,Aerodrome-Slipstream3,True,UNMATCHED
0xc70eb12a0ad85b4fb1e07b17a0954d22da7c5e0b959762c9c796c32e992ee4c9,3641,3641,52341185,2026-10-08T15:01:57Z,A,trace-verified native flows; all legs priced,MISSING,0.138841,0_to_lt1,1,0x06fad7d408e0ca866d851c9438a49eb6ecfc5638a68f57ca5e86db18c497887b,ABSENT_NO_HOOK_ADDRESS,True,Aerodrome-Slipstream3,True,UNMATCHED
0x2953e11986fd8005f9ad7f1b05100aab41778c53a46bb7f7ee5d8451feca85df,3642,3642,52341185,2026-10-08T15:01:57Z,B,"log-reconstructed (no native legs, no ext payouts); not trace-checked",MISSING,0.044371,0_to_lt1,1,0x51afe5104165daa19fa26bc9ada94886706fa2cab3a1ee70b7bf1f3e514bdcfc,ABSENT_NO_HOOK_ADDRESS,True,Aerodrome-Slipstream3,True,UNMATCHED
0xa3f3512a8352cf89954ed4aa1d6f9885fbd5607b3b74f3f292237c7618ffb154,3643,3643,52341185,2026-10-08T15:01:57Z,B,"log-reconstructed (no native legs, no ext payouts); not trace-checked",MISSING,0.055305,0_to_lt1,1,0xdce39c7ce5d03c4c6da36361072f2ba8817c7fd54efaf5dc59b3af3552da6eac,ABSENT_NO_HOOK_ADDRESS,True,Aerodrome-Slipstream3,True,UNMATCHED
0x0e7f0e69d7223071df5b6755895329178f1b81edc49e75e506e96fcc6ca413a7,3644,3644,52341188,2026-10-08T15:02:03Z,B,"log-reconstructed (no native legs, no ext payouts); not trace-checked",MISSING,0.003296,0_to_lt1,1,0xdce39c7ce5d03c4c6da36361072f2ba8817c7fd54efaf5dc59b3af3552da6eac,ABSENT_NO_HOOK_ADDRESS,True,Aerodrome-Slipstream3,True,UNMATCHED
0x50756834b923f3ba1899d3d6e3bfbd9f0b1ef76d70bf079998311d087d925b30,3646,3646,52341191,2026-10-08T15:02:09Z,B,"log-reconstructed (no native legs, no ext payouts); not trace-checked",MISSING,0.58347,0_to_lt1,1,0xb755c4d29df61df71ba0675ed54d418f3b74b474405a21907504ab90072e4636,ABSENT_NO_HOOK_ADDRESS,True,Aerodrome-Slipstream3,True,UNMATCHED
0x0a707df00841d92cda25a1ff544a2e4940a8984888166824a95ec61e32d9be76,3648,3648,52341191,2026-10-08T15:02:09Z,B,"log-reconstructed (no native legs, no ext payouts); not trace-checked",MISSING,0.010009,0_to_lt1,1,0xdce39c7ce5d03c4c6da36361072f2ba8817c7fd54efaf5dc59b3af3552da6eac,ABSENT_NO_HOOK_ADDRESS,True,Aerodrome-Slipstream3,True,UNMATCHED
0x43ae5097b1064932c26021d7478669449dbe647a4e52d377ccd3016f5c1be44a,3649,3649,52341194,2026-10-08T15:02:15Z,A,trace-verified native flows; all legs priced,MISSING,0.217826,0_to_lt1,1,0xdce39c7ce5d03c4c6da36361072f2ba8817c7fd54efaf5dc59b3af3552da6eac,ABSENT_NO_HOOK_ADDRESS,True,Aerodrome-Slipstream3,True,UNMATCHED
0x3ab2ffb689eed4f6a99e269feb5f2b57f9452658a5dc1ab882bfbf96ba5c41b3,3651,3651,52341194,2026-10-08T15:02:15Z,B,"log-reconstructed (no native legs, no ext payouts); not trace-checked",MISSING,0.003339,0_to_lt1,1,0x06fad7d408e0ca866d851c9438a49eb6ecfc5638a68f57ca5e86db18c497887b,ABSENT_NO_HOOK_ADDRESS,True,Aerodrome-Slipstream3,True,UNMATCHED
0x5338081d2909b7de0d5fcb94df997c889c4c764609d62fcb6ecc43a0d3cf5355,3652,3652,52341195,2026-10-08T15:02:17Z,A,trace-verified native flows; all legs priced,INFERRED,2.565482,1_to_lt25,1,0xb755c4d29df61df71ba0675ed54d418f3b74b474405a21907504ab90072e4636,ABSENT_NO_HOOK_ADDRESS,True,Aerodrome-Slipstream3|UniswapV3,True,PARTIAL_POOL_SET
0xb5804acbeb8a9ec7565c676a9cc01e0ab062b54fe2591751303f78abc698a5b9,3654,3654,52341197,2026-10-08T15:02:21Z,D,cyclic_unknown_venue,MISSING,,kept_null,1,0xe2654cc01616e962fbfcc4277c23062e59e70e39f87221d77b6d438705a5f286,ABSENT_NO_HOOK_ADDRESS,True,,True,UNMATCHABLE
0x296e0bdfea37798971c0561f1c2e41fbf8d7518ed079f824937f51d69a98182d,3656,3656,52341199,2026-10-08T15:02:25Z,A,trace-verified native flows; all legs priced,MISSING,17.789983,1_to_lt25,2,0x06fad7d408e0ca866d851c9438a49eb6ecfc5638a68f57ca5e86db18c497887b|0xb755c4d29df61df71ba0675ed54d418f3b74b474405a21907504ab90072e4636,ABSENT_NO_HOOK_ADDRESS,True,,True,UNMATCHABLE
0xdf51afb63e0da97338ff15671c235ef1c8f3bccf5f8af373563cb8449278330d,3657,3657,52341199,2026-10-08T15:02:25Z,A,trace-verified native flows; all legs priced,MISSING,2.408062,1_to_lt25,1,0x51afe5104165daa19fa26bc9ada94886706fa2cab3a1ee70b7bf1f3e514bdcfc,ABSENT_NO_HOOK_ADDRESS,True,Aerodrome-Slipstream3,True,UNMATCHED
0xe0940ad361e5e7a45475b84fdc32c2efdb1582d8ee2db5ef979bfdf0d53c7d93,3659,3659,52341206,2026-10-08T15:02:39Z,A,trace-verified native flows; all legs priced,INFERRED,1.607648,1_to_lt25,1,0xb755c4d29df61df71ba0675ed54d418f3b74b474405a21907504ab90072e4636,ABSENT_NO_HOOK_ADDRESS,True,Aerodrome-Slipstream3|UniswapV3,True,PARTIAL_POOL_SET
0x6b6c1af6f0c9e08cc857c1a48fd03356edff1e862008d1d150b534ff9a06a4ab,3661,3661,52341211,2026-10-08T15:02:49Z,B,"log-reconstructed (no native legs, no ext payouts); not trace-checked",MISSING,0.117502,0_to_lt1,1,0xb755c4d29df61df71ba0675ed54d418f3b74b474405a21907504ab90072e4636,ABSENT_NO_HOOK_ADDRESS,True,Aerodrome-Slipstream3,True,UNMATCHED
0x5e081500212de0573d20c8a3fcee326c34d04e301fe3f69158701ed41edbb52e,3662,3662,52341217,2026-10-08T15:03:01Z,B,"log-reconstructed (no native legs, no ext payouts); not trace-checked",MISSING,0.003467,0_to_lt1,1,0xe4a1407210e5edfd381e6343fbf8daff3daa0ecbfa9121e3118898baa0601200,ABSENT_NO_HOOK_ADDRESS,True,Aerodrome-Slipstream3,True,UNMATCHED
0xf5b7d2c32b83a9936b1b5cac7da6730cc730365c0f4a9b12a0c97f434e47954c,3665,3665,52341218,2026-10-08T15:03:03Z,B,"log-reconstructed (no native legs, no ext payouts); not trace-checked",MISSING,0.005147,0_to_lt1,1,0xdce39c7ce5d03c4c6da36361072f2ba8817c7fd54efaf5dc59b3af3552da6eac,ABSENT_NO_HOOK_ADDRESS,True,Aerodrome-Slipstream3,True,UNMATCHED
0x579e1dc44a71a2b3b5277bd2b5c89079f33c0da02a02ee566ea2b2abb2ad90f1,3667,3667,52341219,2026-10-08T15:03:05Z,A,trace-verified native flows; all legs priced,MISSING,0.012039,0_to_lt1,1,0x92d3969fb05e3d1e8fe6920f4e0d59852f99e5a5a9f32227bf646d57a51fec82,ABSENT_NO_HOOK_ADDRESS,True,Aerodrome-Slipstream3,True,UNMATCHED
0x1fce565e7e5941577c4d33e497f8159c185181318f4020280309ca2b36bf30fa,3669,3669,52341223,2026-10-08T15:03:13Z,B,"log-reconstructed (no native legs, no ext payouts); not trace-checked",MISSING,0.250918,0_to_lt1,1,0xb755c4d29df61df71ba0675ed54d418f3b74b474405a21907504ab90072e4636,ABSENT_NO_HOOK_ADDRESS,True,Aerodrome-Slipstream3,True,UNMATCHED
0x23ab3211e666805f52942e59ad97f01e65b263371f997d9ecf49ba19843139e2,3670,3670,52341223,2026-10-08T15:03:13Z,B,"log-reconstructed (no native legs, no ext payouts); not trace-checked",MISSING,0.13316,0_to_lt1,1,0x92d3969fb05e3d1e8fe6920f4e0d59852f99e5a5a9f32227bf646d57a51fec82,ABSENT_NO_HOOK_ADDRESS,True,Aerodrome-Slipstream3,True,UNMATCHED
0x09948d7014a5d27e6711b8266453df0c1c5d8c6183192dfe8dd7fcde9a780f2b,3671,3671,52341225,2026-10-08T15:03:17Z,A,trace-verified native flows; all legs priced,INFERRED,0.960858,0_to_lt1,1,0xb755c4d29df61df71ba0675ed54d418f3b74b474405a21907504ab90072e4636,ABSENT_NO_HOOK_ADDRESS,True,Aerodrome-Slipstream3|UniswapV3,True,PARTIAL_POOL_SET
0x5d20ffe6a8b80223bf30f6576891b66742593cce24e7da3bfdf2f92effcf8508,3679,3679,52341257,2026-10-08T15:04:21Z,A,trace-verified native flows; all legs priced,INFERRED,1.173074,1_to_lt25,1,0x06fad7d408e0ca866d851c9438a49eb6ecfc5638a68f57ca5e86db18c497887b,ABSENT_NO_HOOK_ADDRESS,True,Aerodrome-Slipstream3|UniswapV3,True,PARTIAL_POOL_SET
0x50785dc48d969dda51d223607a0906cea59f29e9d40e839860f70419d5203660,3681,3681,52341257,2026-10-08T15:04:21Z,A,trace-verified native flows; all legs priced,MISSING,0.021608,0_to_lt1,1,0xb755c4d29df61df71ba0675ed54d418f3b74b474405a21907504ab90072e4636,ABSENT_NO_HOOK_ADDRESS,True,Aerodrome-Slipstream3,True,UNMATCHED
0xd77a0e103b72f126b59f49096c26a1a834a5ccc2e43671b5c41d4f4400cfcfce,3682,3682,52341257,2026-10-08T15:04:21Z,B,"log-reconstructed (no native legs, no ext payouts); not trace-checked",MISSING,0.050023,0_to_lt1,1,0xdce39c7ce5d03c4c6da36361072f2ba8817c7fd54efaf5dc59b3af3552da6eac,ABSENT_NO_HOOK_ADDRESS,True,Aerodrome-Slipstream3,True,UNMATCHED
0x9ffd4d005e8216c7892f87ef37940d5e708614c36486cbab64f2cb16e3c4911e,3683,3683,52341257,2026-10-08T15:04:21Z,A,trace-verified native flows; all legs priced,INFERRED,17.638968,1_to_lt25,1,0xb755c4d29df61df71ba0675ed54d418f3b74b474405a21907504ab90072e4636,ABSENT_NO_HOOK_ADDRESS,True,Aerodrome-Slipstream3|UniswapV3,True,PARTIAL_POOL_SET
0xdd6de1df29c9a8ad3aa16308879a1a7c0dbe062174a0120b99fff08b761abad1,3684,3684,52341257,2026-10-08T15:04:21Z,B,"log-reconstructed (no native legs, no ext payouts); not trace-checked",INFERRED,0.118868,0_to_lt1,1,0x92d3969fb05e3d1e8fe6920f4e0d59852f99e5a5a9f32227bf646d57a51fec82,ABSENT_NO_HOOK_ADDRESS,True,Aerodrome-Slipstream3,True,UNMATCHED
0x40e1e83fd7efe61770c2e624ed262d4fea0b925b6271b965e559c7e848089ff6,3685,3685,52341257,2026-10-08T15:04:21Z,B,"log-reconstructed (no native legs, no ext payouts); not trace-checked",MISSING,0.803909,0_to_lt1,1,0xdce39c7ce5d03c4c6da36361072f2ba8817c7fd54efaf5dc59b3af3552da6eac,ABSENT_NO_HOOK_ADDRESS,True,Aerodrome-Slipstream3,True,UNMATCHED
0x2c8a667dce8a7a452ae94a050c556807e2c86c803aa697c6924188aa4dcf9b5e,3687,3687,52341257,2026-10-08T15:04:21Z,A,trace-verified native flows; all legs priced,INFERRED,2.297225,1_to_lt25,1,0xb755c4d29df61df71ba0675ed54d418f3b74b474405a21907504ab90072e4636,ABSENT_NO_HOOK_ADDRESS,True,Aerodrome-Slipstream3|UniswapV3,True,PARTIAL_POOL_SET
0xfe9ee8903c805747e8eab6bea17133e37a609e597230dd8fd4f652fa83de28e6,3690,3690,52341270,2026-10-08T15:04:47Z,A,trace-verified native flows; all legs priced,INFERRED,0.69637,0_to_lt1,1,0x06fad7d408e0ca866d851c9438a49eb6ecfc5638a68f57ca5e86db18c497887b,ABSENT_NO_HOOK_ADDRESS,True,Aerodrome-Slipstream3|UniswapV3,True,PARTIAL_POOL_SET
0x3b394cc086d8a810b0f38bd71bdcea0b0afc9c20bf1299f8555f7c8f4b2a63a1,3692,3692,52341270,2026-10-08T15:04:47Z,A,trace-verified native flows; all legs priced,MISSING,0.042264,0_to_lt1,1,0x92d3969fb05e3d1e8fe6920f4e0d59852f99e5a5a9f32227bf646d57a51fec82,ABSENT_NO_HOOK_ADDRESS,True,Aerodrome-Slipstream3,True,UNMATCHED
0x8542722297fee23d174669c19f0ce524b7bcaaebdd4e1fdc9fbc490611827068,3693,3693,52341270,2026-10-08T15:04:47Z,B,"log-reconstructed (no native legs, no ext payouts); not trace-checked",MISSING,0.134135,0_to_lt1,1,0xdce39c7ce5d03c4c6da36361072f2ba8817c7fd54efaf5dc59b3af3552da6eac,ABSENT_NO_HOOK_ADDRESS,True,Aerodrome-Slipstream3,True,UNMATCHED
0xbf70f4e78e10100ab56d2e5e4cc40dab92eb0dc4712526c4b5f744dec99d29a3,3694,3694,52341271,2026-10-08T15:04:49Z,A,trace-verified native flows; all legs priced,MISSING,0.048273,0_to_lt1,5,0x3fdd561e9c94de2d224f57189637d225de1230b84323924a5f036f9a49043dd8|0x7adeeb7a418b85147088ec22e1624f8f8696f75ac7a48f5c52c7c6d606a06040|0x95475b9b1492cf109969ff25c2862ef38d1a9998c6288f8b9b7d1c99c6443c2e|0xf1a0a7388465bb17b49df924d5e01ca46c7615449a71c63d96468b71df25ce41|0xf5c981bb345f1d4fdb25cc7d1e1bcf6b00ef515968c086870312d98144586535,ABSENT_NO_HOOK_ADDRESS,True,,True,UNMATCHABLE
0x56e4f90d5776024578edaa472ec4db91bb4a04aee4658184b85f3a7769a1c2b7,3695,3695,52341271,2026-10-08T15:04:49Z,B,"log-reconstructed (no native legs, no ext payouts); not trace-checked",MISSING,0.09357,0_to_lt1,5,0x3fdd561e9c94de2d224f57189637d225de1230b84323924a5f036f9a49043dd8|0x65321a54f8d32ad8c8fe9bb95ee2828540bf85dc5c4300753a91798d9a438037|0x7283466cba087df99c7d1a49f54e6c7a7f55cb08e5710b578467d3b753d623cb|0x7adeeb7a418b85147088ec22e1624f8f8696f75ac7a48f5c52c7c6d606a06040|0x95475b9b1492cf109969ff25c2862ef38d1a9998c6288f8b9b7d1c99c6443c2e,ABSENT_NO_HOOK_ADDRESS,True,,True,UNMATCHABLE
0x31a513e2d8816e30fb43c229165be95451c8d7f7fbfd33bc30385f0bf406df45,3697,3697,52341304,2026-10-08T15:05:55Z,A,trace-verified native flows; all legs priced,INFERRED,1.532786,1_to_lt25,1,0x8e43617073a14f294ca307e4d502096140a4b08fba64d582523b7b5a4e86a0e0,ABSENT_NO_HOOK_ADDRESS,True,Aerodrome-Slipstream3|UniswapV3,True,UNMATCHED
0x24fc2676d5c5086603cf7d7be5d1bb0dc714772654889aa0d1277b64d7ed79ff,3704,3704,52341312,2026-10-08T15:06:11Z,A,trace-verified native flows; all legs priced,MISSING,2.212296,1_to_lt25,1,0xb755c4d29df61df71ba0675ed54d418f3b74b474405a21907504ab90072e4636,ABSENT_NO_HOOK_ADDRESS,True,Aerodrome-Slipstream3,True,UNMATCHED
0xea7f6b7eceae42ca95a493de957ec5b8cb1c04543a5c1cd483abea2801b1d50e,3705,3705,52341312,2026-10-08T15:06:11Z,B,"log-reconstructed (no native legs, no ext payouts); not trace-checked",INFERRED,0.160656,0_to_lt1,2,0x06fad7d408e0ca866d851c9438a49eb6ecfc5638a68f57ca5e86db18c497887b|0x92d3969fb05e3d1e8fe6920f4e0d59852f99e5a5a9f32227bf646d57a51fec82,ABSENT_NO_HOOK_ADDRESS,True,Aerodrome-Slipstream3,True,UNMATCHED
0xbb1cb162be6b457ea3f83d9fe7e4f9983707e3260cff0e4425421ad2ac8b45e6,3707,3707,52341315,2026-10-08T15:06:17Z,A,trace-verified native flows; all legs priced,MISSING,4.671722,1_to_lt25,1,0xb755c4d29df61df71ba0675ed54d418f3b74b474405a21907504ab90072e4636,ABSENT_NO_HOOK_ADDRESS,True,Aerodrome-Slipstream3,True,UNMATCHED
0xc922cf22810e856262923e050840b5fd1a9bf3d788a873cb858ff2b48a821a3e,3708,3708,52341315,2026-10-08T15:06:17Z,B,"log-reconstructed (no native legs, no ext payouts); not trace-checked",INFERRED,0.404243,0_to_lt1,4,0x06fad7d408e0ca866d851c9438a49eb6ecfc5638a68f57ca5e86db18c497887b|0x51afe5104165daa19fa26bc9ada94886706fa2cab3a1ee70b7bf1f3e514bdcfc|0x92d3969fb05e3d1e8fe6920f4e0d59852f99e5a5a9f32227bf646d57a51fec82|0xb755c4d29df61df71ba0675ed54d418f3b74b474405a21907504ab90072e4636,ABSENT_NO_HOOK_ADDRESS,True,Aerodrome-Slipstream3,True,UNMATCHED
0x24a2ece1751b26d95f680b09247e043c41141bd963ef3b1ff6332b808d48a14e,3709,3709,52341315,2026-10-08T15:06:17Z,B,"log-reconstructed (no native legs, no ext payouts); not trace-checked",MISSING,0.001161,0_to_lt1,1,0xdce39c7ce5d03c4c6da36361072f2ba8817c7fd54efaf5dc59b3af3552da6eac,ABSENT_NO_HOOK_ADDRESS,True,Aerodrome-Slipstream3,True,UNMATCHED
0x4473baf84623c7bff0f240cb1b809a6efd4ab06b29c7928cebed84bfc7351560,3711,3711,52341332,2026-10-08T15:06:51Z,D,cyclic_unknown_venue,MISSING,,kept_null,1,0x381c95740e3e5a23d66b9757ade02d85e8810e3711f20aaa15c37e06963ab747,ABSENT_NO_HOOK_ADDRESS,True,Aerodrome-Slipstream3|UniswapV3,True,UNMATCHED
0x4b2765475808068e7c35645c69008df83496da975c124d55e4283536828df787,3712,3712,52341340,2026-10-08T15:07:07Z,A,trace-verified native flows; all legs priced,INFERRED,1.720543,1_to_lt25,1,0xb755c4d29df61df71ba0675ed54d418f3b74b474405a21907504ab90072e4636,ABSENT_NO_HOOK_ADDRESS,True,Aerodrome-Slipstream3|UniswapV3,True,PARTIAL_POOL_SET
0xbfe308bfbb38a4e999fb25502bc73480d80fa9c7371d97917345033c8691bfc7,3713,3713,52341340,2026-10-08T15:07:07Z,B,"log-reconstructed (no native legs, no ext payouts); not trace-checked",INFERRED,0.260166,0_to_lt1,3,0x06fad7d408e0ca866d851c9438a49eb6ecfc5638a68f57ca5e86db18c497887b|0x51afe5104165daa19fa26bc9ada94886706fa2cab3a1ee70b7bf1f3e514bdcfc|0x92d3969fb05e3d1e8fe6920f4e0d59852f99e5a5a9f32227bf646d57a51fec82,ABSENT_NO_HOOK_ADDRESS,True,Aerodrome-Slipstream3,True,UNMATCHED
0xf74f88b99c63eae75b5b6cec75ccffec51ca30e07e8ebafb0698d9ea7c92f011,3714,3714,52341340,2026-10-08T15:07:07Z,B,"log-reconstructed (no native legs, no ext payouts); not trace-checked",MISSING,0.003436,0_to_lt1,1,0xdce39c7ce5d03c4c6da36361072f2ba8817c7fd54efaf5dc59b3af3552da6eac,ABSENT_NO_HOOK_ADDRESS,True,Aerodrome-Slipstream3,True,UNMATCHED
0x0cf12934f4fe70ebcb348d779cf9058772a83d803a40e97939807e5160ed542c,3717,3717,52341350,2026-10-08T15:07:27Z,D,cyclic_unknown_venue,MISSING,,kept_null,1,0xe2654cc01616e962fbfcc4277c23062e59e70e39f87221d77b6d438705a5f286,ABSENT_NO_HOOK_ADDRESS,True,,True,UNMATCHABLE
0x3c7bf249a76340d2f06d1d6581eb25ac6421f869b8c1a500872d2c7b77645b5f,3722,3722,52341377,2026-10-08T15:08:21Z,B,"log-reconstructed (no native legs, no ext payouts); not trace-checked",MISSING,0.007063,0_to_lt1,1,0xb755c4d29df61df71ba0675ed54d418f3b74b474405a21907504ab90072e4636,ABSENT_NO_HOOK_ADDRESS,True,Aerodrome-Slipstream3,True,UNMATCHED
0x241d27dc10b66904c5c58dfc63b39a5e5a763601aae6807ce54be45ee2fa9106,3723,3723,52341381,2026-10-08T15:08:29Z,A,trace-verified native flows; all legs priced,INFERRED,209.823184,ge25,1,0xb755c4d29df61df71ba0675ed54d418f3b74b474405a21907504ab90072e4636,ABSENT_NO_HOOK_ADDRESS,True,Aerodrome-Slipstream3|UniswapV3,True,PARTIAL_POOL_SET
0x7432d532adb43d806b84d3e86d7fa1834e941b1674a3aeafc422306498b736c5,3724,3724,52341381,2026-10-08T15:08:29Z,A,trace-verified native flows; all legs priced,MISSING,0.371222,0_to_lt1,1,0xdce39c7ce5d03c4c6da36361072f2ba8817c7fd54efaf5dc59b3af3552da6eac,ABSENT_NO_HOOK_ADDRESS,True,Aerodrome-Slipstream3,True,UNMATCHED
0x78d2562e2b92050c786ace32a00117d790c01d46281d184c258a73e4ca897eaa,3725,3725,52341381,2026-10-08T15:08:29Z,A,trace-verified native flows; all legs priced,MISSING,6.168022,1_to_lt25,1,0x2d7535cfd20728c630e754df0e10bd2db0695660fd2c4ce773bc4b594064ceab,ABSENT_NO_HOOK_ADDRESS,True,Aerodrome-Slipstream3,True,UNMATCHED
0xac0e0e46274bb5cf3a7f66300c31899e6a4524ecd52f7ee48e949cea0561f9c1,3726,3726,52341381,2026-10-08T15:08:29Z,A,trace-verified native flows; all legs priced,MISSING,5.360312,1_to_lt25,1,0x5fe2b6860126a6871cdb547e9cc8975da7d6afd3f1d4344d64d2e7b543d3eaee,ABSENT_NO_HOOK_ADDRESS,True,Aerodrome-Slipstream3,True,UNMATCHED
0x8348b49536da63eec8a85975de30c07306e8a34903e08f730184afa29363a90b,3727,3727,52341381,2026-10-08T15:08:29Z,B,"log-reconstructed (no native legs, no ext payouts); not trace-checked",MISSING,0.144192,0_to_lt1,1,0x51afe5104165daa19fa26bc9ada94886706fa2cab3a1ee70b7bf1f3e514bdcfc,ABSENT_NO_HOOK_ADDRESS,True,Aerodrome-Slipstream3,True,UNMATCHED
0x948026b7a04f1c9889a3e52c112405a700f532c890b9554dd5a0d75c8ac39b8c,3728,3728,52341382,2026-10-08T15:08:31Z,B,"log-reconstructed (no native legs, no ext payouts); not trace-checked",MISSING,0.122787,0_to_lt1,2,0x06fad7d408e0ca866d851c9438a49eb6ecfc5638a68f57ca5e86db18c497887b|0xb755c4d29df61df71ba0675ed54d418f3b74b474405a21907504ab90072e4636,ABSENT_NO_HOOK_ADDRESS,True,,True,UNMATCHABLE
0x019f96df52970a56fb5e5fbf6109ca53b65c52281c84b9d2d03886c5f5db716b,3729,3729,52341382,2026-10-08T15:08:31Z,A,trace-verified native flows; all legs priced,MISSING,5.573072,1_to_lt25,1,0x2d7535cfd20728c630e754df0e10bd2db0695660fd2c4ce773bc4b594064ceab,ABSENT_NO_HOOK_ADDRESS,True,UniswapV3,True,UNMATCHED
0xd7f20f0ebe510422a24072e4b454ce3402127f7476653d144d51d4248c915d0d,3730,3730,52341382,2026-10-08T15:08:31Z,A,trace-verified native flows; all legs priced,MISSING,5.234642,1_to_lt25,1,0x5fe2b6860126a6871cdb547e9cc8975da7d6afd3f1d4344d64d2e7b543d3eaee,ABSENT_NO_HOOK_ADDRESS,True,Aerodrome-Slipstream3,True,UNMATCHED
0x624b159a417a45d22bc83564f37d9c9934a51c9f0b59c2c4ee18abf1386a922b,3731,3731,52341382,2026-10-08T15:08:31Z,B,"log-reconstructed (no native legs, no ext payouts); not trace-checked",MISSING,0.128197,0_to_lt1,1,0x2d7535cfd20728c630e754df0e10bd2db0695660fd2c4ce773bc4b594064ceab,ABSENT_NO_HOOK_ADDRESS,True,Aerodrome-Slipstream3,True,UNMATCHED
0xa8dd85e4e03333f6935e5700c6fc0ca786205fe5d88889f2eb568b71b64db2a8,3735,3735,52341398,2026-10-08T15:09:03Z,B,"log-reconstructed (no native legs, no ext payouts); not trace-checked",INFERRED,0.103273,0_to_lt1,3,0x06fad7d408e0ca866d851c9438a49eb6ecfc5638a68f57ca5e86db18c497887b|0x51afe5104165daa19fa26bc9ada94886706fa2cab3a1ee70b7bf1f3e514bdcfc|0x92d3969fb05e3d1e8fe6920f4e0d59852f99e5a5a9f32227bf646d57a51fec82,ABSENT_NO_HOOK_ADDRESS,True,Aerodrome-Slipstream3,True,UNMATCHED
0x96cf7ff224708c159cb2b49ce98e55cfe67a6fd38b481a15008516cfef6eacea,3740,3740,52341405,2026-10-08T15:09:17Z,B,"log-reconstructed (no native legs, no ext payouts); not trace-checked",INFERRED,0.183425,0_to_lt1,2,0x06fad7d408e0ca866d851c9438a49eb6ecfc5638a68f57ca5e86db18c497887b|0x92d3969fb05e3d1e8fe6920f4e0d59852f99e5a5a9f32227bf646d57a51fec82,ABSENT_NO_HOOK_ADDRESS,True,Aerodrome-Slipstream3,True,UNMATCHED
0xceb3cff9fb1d74997fbfb51c598c3a7e8929669dcd3aa64e3daa290005ee0c58,3741,3741,52341405,2026-10-08T15:09:17Z,B,"log-reconstructed (no native legs, no ext payouts); not trace-checked",MISSING,0.007676,0_to_lt1,1,0xdce39c7ce5d03c4c6da36361072f2ba8817c7fd54efaf5dc59b3af3552da6eac,ABSENT_NO_HOOK_ADDRESS,True,Aerodrome-Slipstream3,True,UNMATCHED
0x0c32192744ce7df5f010a8db5c05f739eb1cfeba33cdb325d98319dff0be5f31,3744,3744,52341410,2026-10-08T15:09:27Z,B,"log-reconstructed (no native legs, no ext payouts); not trace-checked",MISSING,0.001522,0_to_lt1,1,0xdce39c7ce5d03c4c6da36361072f2ba8817c7fd54efaf5dc59b3af3552da6eac,ABSENT_NO_HOOK_ADDRESS,True,Aerodrome-Slipstream3,True,UNMATCHED
0xa3332a7d437787ff0138a5e064a3f5564a449adc65c30f1a824e66dc17e7f0ce,3746,3746,52341410,2026-10-08T15:09:27Z,A,trace-verified native flows; all legs priced,MISSING,3.088784,1_to_lt25,1,0xb755c4d29df61df71ba0675ed54d418f3b74b474405a21907504ab90072e4636,ABSENT_NO_HOOK_ADDRESS,True,Aerodrome-Slipstream3,True,UNMATCHED
0xc5b22c32dcb7a1edd13c6adc8ddac9567047e40c731bf336f543c41f14dd62c0,3747,3747,52341410,2026-10-08T15:09:27Z,B,"log-reconstructed (no native legs, no ext payouts); not trace-checked",INFERRED,0.34587,0_to_lt1,1,0xdce39c7ce5d03c4c6da36361072f2ba8817c7fd54efaf5dc59b3af3552da6eac,ABSENT_NO_HOOK_ADDRESS,True,Aerodrome-Slipstream3,True,UNMATCHED
0xfa7401eb23d92eb46dade4e13b83561afda2f67ac785b817ee94c48b3e933217,3748,3748,52341411,2026-10-08T15:09:29Z,A,trace-verified native flows; all legs priced,MISSING,0.05724,0_to_lt1,1,0xa764cd199c9bc7251c10cf7ced2672f774c171093d0e510d5e75a5ae64cb7de6,ABSENT_NO_HOOK_ADDRESS,True,Aerodrome-Slipstream3,True,UNMATCHED
0x2e65951885fd2feb3f07ed203e80b1a45ff84ea2392e0247fa80c2579579a34c,3749,3749,52341411,2026-10-08T15:09:29Z,B,"log-reconstructed (no native legs, no ext payouts); not trace-checked",MISSING,0.311264,0_to_lt1,1,0x5fe2b6860126a6871cdb547e9cc8975da7d6afd3f1d4344d64d2e7b543d3eaee,ABSENT_NO_HOOK_ADDRESS,True,Aerodrome-Slipstream3,True,UNMATCHED
0xc096ea7a8d344851ede99d6c800771c3d29297f45131d745459df03197445018,3751,3751,52341411,2026-10-08T15:09:29Z,B,"log-reconstructed (no native legs, no ext payouts); not trace-checked",INFERRED,0.992469,0_to_lt1,2,0x06fad7d408e0ca866d851c9438a49eb6ecfc5638a68f57ca5e86db18c497887b|0x92d3969fb05e3d1e8fe6920f4e0d59852f99e5a5a9f32227bf646d57a51fec82,ABSENT_NO_HOOK_ADDRESS,True,Aerodrome-Slipstream3,True,UNMATCHED
0x903af2d51ca940e4c5e03471f1fa6f7786b868e2f664998d433daead7d8b371d,3752,3752,52341411,2026-10-08T15:09:29Z,A,trace-verified native flows; all legs priced,MISSING,0.122328,0_to_lt1,1,0x5fe2b6860126a6871cdb547e9cc8975da7d6afd3f1d4344d64d2e7b543d3eaee,ABSENT_NO_HOOK_ADDRESS,True,Aerodrome-Slipstream3,True,UNMATCHED
0x03298f44aa9e5c04eb57e285ee55b3723a3f9e9dab962b7e3d96163845bc3dbb,3753,3753,52341411,2026-10-08T15:09:29Z,B,"log-reconstructed (no native legs, no ext payouts); not trace-checked",MISSING,0.004052,0_to_lt1,1,0x2d7535cfd20728c630e754df0e10bd2db0695660fd2c4ce773bc4b594064ceab,ABSENT_NO_HOOK_ADDRESS,True,UniswapV3,True,UNMATCHED
0x678fa19fb333ff75260590af0c65a20f1c19fc486dd3089a6169e1ee9268a18d,3761,3761,52341437,2026-10-08T15:10:21Z,B,"log-reconstructed (no native legs, no ext payouts); not trace-checked",INFERRED,0.584052,0_to_lt1,2,0x06fad7d408e0ca866d851c9438a49eb6ecfc5638a68f57ca5e86db18c497887b|0x92d3969fb05e3d1e8fe6920f4e0d59852f99e5a5a9f32227bf646d57a51fec82,ABSENT_NO_HOOK_ADDRESS,True,Aerodrome-Slipstream3,True,UNMATCHED
0x4c3d74eb6777c5531e3646763a545135ae0fc4fe3ea2670092d8794f6a5a3807,3762,3762,52341437,2026-10-08T15:10:21Z,B,"log-reconstructed (no native legs, no ext payouts); not trace-checked",INFERRED,0.578792,0_to_lt1,1,0xb755c4d29df61df71ba0675ed54d418f3b74b474405a21907504ab90072e4636,ABSENT_NO_HOOK_ADDRESS,True,Aerodrome-Slipstream3,True,UNMATCHED
0x14378f51ad2444a46b1b3f3b2e361af4ba246a607a1aaa9d47903ce7893eb67c,3763,3763,52341437,2026-10-08T15:10:21Z,B,"log-reconstructed (no native legs, no ext payouts); not trace-checked",MISSING,0.390573,0_to_lt1,1,0xdce39c7ce5d03c4c6da36361072f2ba8817c7fd54efaf5dc59b3af3552da6eac,ABSENT_NO_HOOK_ADDRESS,True,Aerodrome-Slipstream3,True,UNMATCHED
0x7c8b9525ae6bb5479be2cefd18a9c64fecbfab28328cde13ad71cead65d2e9af,3765,3765,52341443,2026-10-08T15:10:33Z,A,trace-verified native flows; all legs priced,INFERRED,41.073883,ge25,1,0xb755c4d29df61df71ba0675ed54d418f3b74b474405a21907504ab90072e4636,ABSENT_NO_HOOK_ADDRESS,True,Aerodrome-Slipstream3|UniswapV3,True,PARTIAL_POOL_SET
0x6922c1d4a15d7b6655e57165fa6de95ec4005b1de228cb2475b67e095e64170c,3767,3767,52341443,2026-10-08T15:10:33Z,B,"log-reconstructed (no native legs, no ext payouts); not trace-checked",INFERRED,0.075005,0_to_lt1,1,0xdce39c7ce5d03c4c6da36361072f2ba8817c7fd54efaf5dc59b3af3552da6eac,ABSENT_NO_HOOK_ADDRESS,True,Aerodrome-Slipstream3,True,UNMATCHED
0xf6de554e0bd8c6d6f473e21d855bece76c9cc4de5c25773fa6500b7910e9d9c8,3768,3768,52341443,2026-10-08T15:10:33Z,B,"log-reconstructed (no native legs, no ext payouts); not trace-checked",MISSING,0.149893,0_to_lt1,1,0x5fe2b6860126a6871cdb547e9cc8975da7d6afd3f1d4344d64d2e7b543d3eaee,ABSENT_NO_HOOK_ADDRESS,True,Aerodrome-Slipstream3,True,UNMATCHED
0x34f142cdc98d65866b4bdf20e7187141a25c8ea148cea6eb1d5f734637f081e2,3769,3769,52341445,2026-10-08T15:10:37Z,D,cyclic_unknown_venue,MISSING,,kept_null,1,0xe2654cc01616e962fbfcc4277c23062e59e70e39f87221d77b6d438705a5f286,ABSENT_NO_HOOK_ADDRESS,True,,True,UNMATCHABLE
0x09a9b33f55fa8bda46d0dc31a2cef9df7d1f8726cd2659496f5079c6b1a34acc,3770,3770,52341446,2026-10-08T15:10:39Z,D,cyclic_unknown_venue,MISSING,,kept_null,1,0xe2654cc01616e962fbfcc4277c23062e59e70e39f87221d77b6d438705a5f286,ABSENT_NO_HOOK_ADDRESS,True,,True,UNMATCHABLE
0xce683a166858a8113672405baaff73854c66d98cea10eecf107f88fb3e9cd15b,3772,3772,52341455,2026-10-08T15:10:57Z,B,"log-reconstructed (no native legs, no ext payouts); not trace-checked",VERIFIED,0.039538,0_to_lt1,1,0xfba2c4592d32a4e2e6393b8898f9110b4e272983f4bd416b38f81672a17fe3dc,ABSENT_NO_HOOK_ADDRESS,True,Aerodrome-Slipstream|PancakeV3,False,UNMATCHED
0x15e9715695db6f3739c60febb23efe00312ebeb6babd0350cd8b3b12c4aa34cc,3777,3777,52341459,2026-10-08T15:11:05Z,A,trace-verified native flows; all legs priced,MISSING,3.42766,1_to_lt25,1,0xb755c4d29df61df71ba0675ed54d418f3b74b474405a21907504ab90072e4636,ABSENT_NO_HOOK_ADDRESS,True,Aerodrome-Slipstream3,True,UNMATCHED
0x6a1cf888cbf2d414f92b8903d63afd75029f0bb4591f5e4be4f1d5326485d0c9,3778,3778,52341459,2026-10-08T15:11:05Z,B,"log-reconstructed (no native legs, no ext payouts); not trace-checked",INFERRED,0.093517,0_to_lt1,2,0x06fad7d408e0ca866d851c9438a49eb6ecfc5638a68f57ca5e86db18c497887b|0x92d3969fb05e3d1e8fe6920f4e0d59852f99e5a5a9f32227bf646d57a51fec82,ABSENT_NO_HOOK_ADDRESS,True,Aerodrome-Slipstream3,True,UNMATCHED
0x3a00ae6b096a003613fb76b494b7a207c5b0f7fcfb59a8c65f35af67cdf8c381,3779,3779,52341459,2026-10-08T15:11:05Z,B,"log-reconstructed (no native legs, no ext payouts); not trace-checked",MISSING,0.169422,0_to_lt1,1,0xa764cd199c9bc7251c10cf7ced2672f774c171093d0e510d5e75a5ae64cb7de6,ABSENT_NO_HOOK_ADDRESS,True,Aerodrome-Slipstream3,True,UNMATCHED
0x1afee9191379301bbb8e27455200582d5d59520591619839810592a930b79d2c,3780,3780,52341459,2026-10-08T15:11:05Z,B,"log-reconstructed (no native legs, no ext payouts); not trace-checked",MISSING,0.172406,0_to_lt1,1,0xdce39c7ce5d03c4c6da36361072f2ba8817c7fd54efaf5dc59b3af3552da6eac,ABSENT_NO_HOOK_ADDRESS,True,Aerodrome-Slipstream3,True,UNMATCHED
0x0bfe46028fa62c7f9d4f0c6bdb65a45cfb71bb08e852196cbc9898fd4d516609,3781,3781,52341459,2026-10-08T15:11:05Z,B,"log-reconstructed (no native legs, no ext payouts); not trace-checked",MISSING,0.10962,0_to_lt1,1,0x2d7535cfd20728c630e754df0e10bd2db0695660fd2c4ce773bc4b594064ceab,ABSENT_NO_HOOK_ADDRESS,True,Aerodrome-Slipstream3,True,UNMATCHED
0x0ea906c4f0afc99af938890e96e5d79ce835ca8a4beda200a7f5a316d4febf63,3782,3782,52341459,2026-10-08T15:11:05Z,B,"log-reconstructed (no native legs, no ext payouts); not trace-checked",MISSING,0.093038,0_to_lt1,1,0x5fe2b6860126a6871cdb547e9cc8975da7d6afd3f1d4344d64d2e7b543d3eaee,ABSENT_NO_HOOK_ADDRESS,True,Aerodrome-Slipstream3,True,UNMATCHED
0xb16854a8c1ff8eeeac1d752ac5b00589c8947ab6ffcaab960a20450e76fac98b,3789,3789,52341465,2026-10-08T15:11:17Z,D,cyclic_unknown_venue,VERIFIED,,kept_null,1,0xbb2aefc6c55a0464b944c0478869527ba1a537f05f90a1bb82e1196c6e9403e2,ABSENT_NO_HOOK_ADDRESS,False,Aerodrome-Slipstream3,False,UNMATCHED
0x289a1b3c95cef726a2d9f296eabd25247b9cb6fc3080bd5a16eb2badc41344c6,3791,3791,52341466,2026-10-08T15:11:19Z,D,cyclic_unknown_venue,VERIFIED,,kept_null,1,0xbb2aefc6c55a0464b944c0478869527ba1a537f05f90a1bb82e1196c6e9403e2,ABSENT_NO_HOOK_ADDRESS,False,Aerodrome-Slipstream3,False,UNMATCHED
0x1cfaed167527a73d2f1b5781ca350e4032e63d5a0564c25768c3096a3b8f0491,3795,3795,52341471,2026-10-08T15:11:29Z,A,trace-verified native flows; all legs priced,MISSING,1.959001,1_to_lt25,1,0xb755c4d29df61df71ba0675ed54d418f3b74b474405a21907504ab90072e4636,ABSENT_NO_HOOK_ADDRESS,True,Aerodrome-Slipstream3,True,UNMATCHED
0x45bcbeeaaa6ea0d5ff5039642fce9084ffa3ca9903610511eeccb583b419666b,3797,3797,52341473,2026-10-08T15:11:33Z,A,trace-verified native flows; all legs priced,INFERRED,2.739417,1_to_lt25,1,0x539a0eec22fa9f760acee8406db3685e3dbb844c7c8b5cecafd940c8fb597d49,ABSENT_NO_HOOK_ADDRESS,True,Aerodrome-Slipstream3|UniswapV3,True,PARTIAL_POOL_SET
0xdc370775109ab4034975b2a23c7f0e4157072b3da1431c135051c621c3e61ce9,3804,3804,52341477,2026-10-08T15:11:41Z,A,trace-verified native flows; all legs priced,MISSING,0.0014,0_to_lt1,1,0xe2654cc01616e962fbfcc4277c23062e59e70e39f87221d77b6d438705a5f286,ABSENT_NO_HOOK_ADDRESS,True,UniswapV3,True,PARTIAL_POOL_SET
0x2fa2dd237a226b370f49df1df1cce2eadaa4ee459d39d7cff4ac3f9756ec8367,3819,3819,52341515,2026-10-08T15:12:57Z,B,"log-reconstructed (no native legs, no ext payouts); not trace-checked",MISSING,0.088196,0_to_lt1,1,0x539a0eec22fa9f760acee8406db3685e3dbb844c7c8b5cecafd940c8fb597d49,ABSENT_NO_HOOK_ADDRESS,True,Aerodrome-Slipstream3|UniswapV3,True,PARTIAL_POOL_SET
0x88b1389512da8df0620781f05afc14ae87f1eda237e5b0352959fdb58f4735fa,3823,3823,52341525,2026-10-08T15:13:17Z,D,cyclic_unknown_venue,MISSING,,kept_null,1,0xe2654cc01616e962fbfcc4277c23062e59e70e39f87221d77b6d438705a5f286,ABSENT_NO_HOOK_ADDRESS,True,,True,UNMATCHABLE
0x282b36da13da2f827e9c9bb68fc7304844281e99789ae518776ffa6b0204fda3,3825,3825,52341526,2026-10-08T15:13:19Z,D,cyclic_unknown_venue,MISSING,,kept_null,1,0xe2654cc01616e962fbfcc4277c23062e59e70e39f87221d77b6d438705a5f286,ABSENT_NO_HOOK_ADDRESS,True,,True,UNMATCHABLE
0x0d96521c324c7e4853337ff72ef99b42b80bf74276767aee6af512efc4da353d,3826,3826,52341526,2026-10-08T15:13:19Z,D,cyclic_unknown_venue,MISSING,,kept_null,1,0xe2654cc01616e962fbfcc4277c23062e59e70e39f87221d77b6d438705a5f286,ABSENT_NO_HOOK_ADDRESS,True,,True,UNMATCHABLE
0x025dad0eddbe51646de4002d93e248ef53d0ca210fa2e7b31fa9f46d69e98116,3827,3827,52341527,2026-10-08T15:13:21Z,D,cyclic_unknown_venue,MISSING,,kept_null,1,0xe2654cc01616e962fbfcc4277c23062e59e70e39f87221d77b6d438705a5f286,ABSENT_NO_HOOK_ADDRESS,True,,True,UNMATCHABLE
0x14697572a4bf6063e8ab12cd2f7ca08956b6e1075f5194dc5f238181ba345387,3831,3831,52341544,2026-10-08T15:13:55Z,D,cyclic_unknown_venue,MISSING,,kept_null,1,0xe2654cc01616e962fbfcc4277c23062e59e70e39f87221d77b6d438705a5f286,ABSENT_NO_HOOK_ADDRESS,True,,True,UNMATCHABLE
0x04046751ba00c667ec8fc9e28b4e463818878f6c8d740343cd081e8a800741b9,3837,3837,52341573,2026-10-08T15:14:53Z,A,trace-verified native flows; all legs priced,INFERRED,20.272938,1_to_lt25,1,0xb755c4d29df61df71ba0675ed54d418f3b74b474405a21907504ab90072e4636,ABSENT_NO_HOOK_ADDRESS,True,Aerodrome-Slipstream3|UniswapV3,True,PARTIAL_POOL_SET
0xf82eda8ae6a4a1acd4aa4d7cb75cf267450cffbe2ce30d6009bccc1503acc3d4,3838,3838,52341573,2026-10-08T15:14:53Z,B,"log-reconstructed (no native legs, no ext payouts); not trace-checked",INFERRED,0.169323,0_to_lt1,1,0xdce39c7ce5d03c4c6da36361072f2ba8817c7fd54efaf5dc59b3af3552da6eac,ABSENT_NO_HOOK_ADDRESS,True,Aerodrome-Slipstream3,True,UNMATCHED
0x047395d69518165f28c9fa66771593480e2690b0add0ab36b35ba5919b5e4d64,3839,3839,52341573,2026-10-08T15:14:53Z,B,"log-reconstructed (no native legs, no ext payouts); not trace-checked",INFERRED,0.032863,0_to_lt1,1,0x92d3969fb05e3d1e8fe6920f4e0d59852f99e5a5a9f32227bf646d57a51fec82,ABSENT_NO_HOOK_ADDRESS,True,Aerodrome-Slipstream3,True,UNMATCHED
0x763be1cb462180b885d8d703dc890ec597c32575076fd925817be444b3fb0f69,3857,3857,52341606,2026-10-08T15:15:59Z,B,"log-reconstructed (no native legs, no ext payouts); not trace-checked",INFERRED,2.79468,1_to_lt25,1,0xdce39c7ce5d03c4c6da36361072f2ba8817c7fd54efaf5dc59b3af3552da6eac,ABSENT_NO_HOOK_ADDRESS,True,Aerodrome-Slipstream3|UniswapV3,True,UNMATCHED
0xe707382a1d2dabc6e2bde47826812964dea6229f691c02560d82ede6dfe38d36,3868,3868,52341630,2026-10-08T15:16:47Z,D,cyclic_v4_unresolved,MISSING,,kept_null,2,0x8902e5e1e2364a3603a07ebd9748b010358a4a1687be5a991904daed2cf23725|0x8d5023f01ed24241497ed8529ba58e3b26c6ed6a28e0ce2ea649b3e714fef81b,ABSENT_NO_HOOK_ADDRESS,True,UniswapV3,True,UNMATCHED
0x1a15a6da49de5121034b48a9cd34f2ae7b5f9c5b539c349fd74d49ae5c1f11ac,3869,3869,52341647,2026-10-08T15:17:21Z,B,"log-reconstructed (no native legs, no ext payouts); not trace-checked",INFERRED,2.521517,1_to_lt25,1,0xdce39c7ce5d03c4c6da36361072f2ba8817c7fd54efaf5dc59b3af3552da6eac,ABSENT_NO_HOOK_ADDRESS,True,Aerodrome-Slipstream3|UniswapV3,True,UNMATCHED
0xcb98f0cff1bda4505445df4b7049538ef9d1e2eff8a20044602b1da934fda13f,3874,3874,52341666,2026-10-08T15:17:59Z,D,cyclic_unknown_venue,MISSING,,kept_null,1,0xe2654cc01616e962fbfcc4277c23062e59e70e39f87221d77b6d438705a5f286,ABSENT_NO_HOOK_ADDRESS,True,,True,UNMATCHABLE
0x3473c61b04646a40f0f66ad90a66783feafea5d659e79ba25e9fb0281ad04b54,3884,3884,52341695,2026-10-08T15:18:57Z,C,cyclic_ext_payout,VERIFIED,,kept_null,1,0xfba2c4592d32a4e2e6393b8898f9110b4e272983f4bd416b38f81672a17fe3dc,ABSENT_NO_HOOK_ADDRESS,True,UniswapV3,False,PARTIAL_POOL_UNSUPPORTED_VENUE
0xd491824b656bb688ec1b9f2adfb6d2537bae140e9c5d166c45fe817ecf3f959a,3886,3886,52341695,2026-10-08T15:18:57Z,D,cyclic_v4_unresolved,MISSING,,kept_null,1,0xfead056987a16ab9c0a62f8cfb6041bc2961abe156ff091c2bc24cb6c3c2a752,ABSENT_NO_HOOK_ADDRESS,True,PancakeV3,False,UNMATCHED
0x2f9be468dc21ab2808ffa0f521ffccbe22751abaa8611547c791454b78beec68,3903,3903,52341696,2026-10-08T15:18:59Z,B,"log-reconstructed (no native legs, no ext payouts); not trace-checked",MISSING,0.107806,0_to_lt1,1,0xf13203ddbf2c9816a79b656a1a952521702715d92fea465b84ae2ed6e94a7f22,ABSENT_NO_HOOK_ADDRESS,True,PancakeV3|UniswapV3,True,PARTIAL_POOL_SET
0x6bc1193808597c193947b869465a346022b23dc6690e00fa27601fbb6147d5ac,3911,3911,52341700,2026-10-08T15:19:07Z,C,cyclic_native_leg_unverified,MISSING,,kept_null,3,0x8e97ac82f4e4ed23aee8e6b6a5dbc76cb0992ef8c4aad4a31873033e7eeaa99d|0x96d4b53a38337a5733179751781178a2613306063c511b78cd02684739288c0a|0xca10046d4a4c2e8156881ea7c5bbc30b0380f0c5c6c5c28da429c3066cd8c2da,ABSENT_NO_HOOK_ADDRESS,True,,True,UNMATCHABLE
0x26389ab2b90c2a69d27c39116fa6f8e7046067e0232f8e44832695c1bee7361f,3912,3912,52341702,2026-10-08T15:19:11Z,D,cyclic_unknown_venue,VERIFIED,,kept_null,2,0x46a9d718600ab0fced68eb834ab013d819789a5d61eb5ad02951a032c6ad8f79|0xbb2aefc6c55a0464b944c0478869527ba1a537f05f90a1bb82e1196c6e9403e2,ABSENT_NO_HOOK_ADDRESS,False,,False,UNMATCHABLE
0x9ccfb885028f7394927d8f8db952c67eb5f035e69d081c883df6d51207c05d7f,3935,3935,52341733,2026-10-08T15:20:13Z,A,trace-verified native flows; all legs priced,MISSING,0.545162,0_to_lt1,1,0x92d3969fb05e3d1e8fe6920f4e0d59852f99e5a5a9f32227bf646d57a51fec82,ABSENT_NO_HOOK_ADDRESS,True,Aerodrome-Slipstream3,True,UNMATCHED
0x455ed96eb99d4bfdfee8a168732dbe3e1e9750963ebd57664cc1c846c6701c5f,3982,3982,52341751,2026-10-08T15:20:49Z,B,"log-reconstructed (no native legs, no ext payouts); not trace-checked",VERIFIED,0.14645,0_to_lt1,2,0x5dd190c0949646fe9702d439ccf32936134e7da9947af46f418ae285c1032719|0x69c74ad22dc70fb8b6a1289c49ce5978c8a5c2f85d0923b87296bce3f6f021f2,ABSENT_NO_HOOK_ADDRESS,True,UniswapV2|UniswapV3,True,PARTIAL_POOL_SET
0xf0005c62309067039e2f36ce9c2db64cba767f7a7b694ec64a809bec513cf4b9,3992,3992,52341755,2026-10-08T15:20:57Z,B,"log-reconstructed (no native legs, no ext payouts); not trace-checked",MISSING,0.112815,0_to_lt1,1,0x867dbb1b6417abcb3696d5a5d9cc38cbf9f0f6d17355515fe1c8303e791832c4,ABSENT_NO_HOOK_ADDRESS,True,Aerodrome-Slipstream|Aerodrome-V2,False,UNMATCHED
0xf11d2fdd5f48bc8c7d0e1e32204bf1a235e19b2403025e22a9c083d25930b880,3997,3997,52341755,2026-10-08T15:20:57Z,C,cyclic_native_leg_unverified,MISSING,,kept_null,1,0x3b2354c88acbc57fd06771a65ee1e066121ba56835d1820636bb26eb438837a9,ABSENT_NO_HOOK_ADDRESS,False,PancakeV3,False,UNMATCHED
0x989c4510720b1748f5cc128ebd01cee97e12a1c225b0679e35b49825b05de2cf,4007,4007,52341765,2026-10-08T15:21:17Z,A,trace-verified native flows; all legs priced,INFERRED,34.395,ge25,1,0xb755c4d29df61df71ba0675ed54d418f3b74b474405a21907504ab90072e4636,ABSENT_NO_HOOK_ADDRESS,True,Aerodrome-Slipstream3|UniswapV3,True,PARTIAL_POOL_SET
0x5aadad1026df7581d9b6d99f8eb6226a709189ec8d2cf4e8baf89dd915e60f5a,4011,4011,52341765,2026-10-08T15:21:17Z,A,trace-verified native flows; all legs priced,MISSING,6.289175,1_to_lt25,1,0x92d3969fb05e3d1e8fe6920f4e0d59852f99e5a5a9f32227bf646d57a51fec82,ABSENT_NO_HOOK_ADDRESS,True,Aerodrome-Slipstream3,True,UNMATCHED
0x793686218184cbb4a579b243479c95173339917e1d62c1dcc6a37331edb05f24,4012,4012,52341765,2026-10-08T15:21:17Z,B,"log-reconstructed (no native legs, no ext payouts); not trace-checked",MISSING,0.376333,0_to_lt1,1,0xdce39c7ce5d03c4c6da36361072f2ba8817c7fd54efaf5dc59b3af3552da6eac,ABSENT_NO_HOOK_ADDRESS,True,Aerodrome-Slipstream3,True,UNMATCHED
0xf80d066090152068a029debd7a7ff44cfb553d693135ca09fd69c71048df5dfb,4013,4013,52341765,2026-10-08T15:21:17Z,B,"log-reconstructed (no native legs, no ext payouts); not trace-checked",MISSING,0.032857,0_to_lt1,1,0x06fad7d408e0ca866d851c9438a49eb6ecfc5638a68f57ca5e86db18c497887b,ABSENT_NO_HOOK_ADDRESS,True,Aerodrome-Slipstream3,True,UNMATCHED
0x13a0ca2a6fefb37176d7bc11584d146b3468912f9a0be744dd95f460eaa623e9,4022,4022,52341777,2026-10-08T15:21:41Z,B,"log-reconstructed (no native legs, no ext payouts); not trace-checked",MISSING,0.040744,0_to_lt1,2,0x6c7bf26e3f552a0630386090d88d6d68ae23caa1bfa68e3257e5bb83b778cc35|0xcf5c5eb7533db5377a0d69e3a2599d90793e7fd97e6fa84c9420a387c605a476,ABSENT_NO_HOOK_ADDRESS,True,Aerodrome-Slipstream3,True,UNMATCHED
0x9c08cb523f03e9804c2e941e43a07d4cb5bfab85e468fdde9975b5ac0301f3d0,4027,4027,52341784,2026-10-08T15:21:55Z,A,trace-verified native flows; all legs priced,INFERRED,0.906262,0_to_lt1,1,0xdce39c7ce5d03c4c6da36361072f2ba8817c7fd54efaf5dc59b3af3552da6eac,ABSENT_NO_HOOK_ADDRESS,True,Aerodrome-Slipstream3|UniswapV3,True,PARTIAL_POOL_SET
0xd6d4d5079057c51a5d52ac3d0b6665388fa611c4a104488eebb1ef523ab2a9a7,4028,4028,52341785,2026-10-08T15:21:57Z,B,"log-reconstructed (no native legs, no ext payouts); not trace-checked",MISSING,0.062505,0_to_lt1,1,0xb755c4d29df61df71ba0675ed54d418f3b74b474405a21907504ab90072e4636,ABSENT_NO_HOOK_ADDRESS,True,Aerodrome-Slipstream3,True,UNMATCHED
0x7f1a17d233695dd04f38ff15a5d636169934162a7872bfeb9c112c9f5afe78fe,4042,4042,52341800,2026-10-08T15:22:27Z,B,"log-reconstructed (no native legs, no ext payouts); not trace-checked",MISSING,0.276927,0_to_lt1,1,0xe2654cc01616e962fbfcc4277c23062e59e70e39f87221d77b6d438705a5f286,ABSENT_NO_HOOK_ADDRESS,True,UniswapV3,True,UNMATCHED
0x32b92e747c74fce1e17ca0474475b56b247b5a77f1ed1ba6c9e5421705b2953a,4044,4044,52341800,2026-10-08T15:22:27Z,B,"log-reconstructed (no native legs, no ext payouts); not trace-checked",MISSING,0.821996,0_to_lt1,1,0xe2654cc01616e962fbfcc4277c23062e59e70e39f87221d77b6d438705a5f286,ABSENT_NO_HOOK_ADDRESS,True,UniswapV3,True,UNMATCHED
0x1a1cb9b7c527ca21832bbd252a1b2a1a82a62713862566947174a285df5efe04,4066,4066,52341815,2026-10-08T15:22:57Z,D,cyclic_v4_unresolved,MISSING,,kept_null,1,0x4899f49c4665f844c85e6c5359018487785592ee8ad307afcbc6e9b26a72f1c6,ABSENT_NO_HOOK_ADDRESS,True,AlgebraIntegral@0x36077d39,True,UNMATCHED
0xb9d064a1b6cb4146b3c4eba33c3cde5f304aa278195eeb605d766f5525c38af3,4069,4069,52341816,2026-10-08T15:22:59Z,B,"log-reconstructed (no native legs, no ext payouts); not trace-checked",MISSING,0.021517,0_to_lt1,1,0xb8fa9b30d8bc4cfa94d0228a7b57d613b53048838ce4e2d44033dae8cf1e03e2,ABSENT_NO_HOOK_ADDRESS,True,UniswapV3,True,UNMATCHED
0x40d1759c97d9c0197142279136f7177ced3dbaf0ecf114a5fcab7a85d25caeea,4074,4074,52341816,2026-10-08T15:22:59Z,B,"log-reconstructed (no native legs, no ext payouts); not trace-checked",MISSING,0.022877,0_to_lt1,1,0x3d41453cf789e5f06ed1fdb96fd93f1c17d2aeb7722d509c84a382906d477708,ABSENT_NO_HOOK_ADDRESS,True,Aerodrome-V2|AlgebraIntegral@0x36077d39,True,UNMATCHED
0x960f44267eba18cc3191eca3062be24ffd0dfa17b83b40bfd2b9fd05ce6d1480,4082,4082,52341816,2026-10-08T15:22:59Z,B,"log-reconstructed (no native legs, no ext payouts); not trace-checked",INFERRED,0.247001,0_to_lt1,1,0xb8fa9b30d8bc4cfa94d0228a7b57d613b53048838ce4e2d44033dae8cf1e03e2,ABSENT_NO_HOOK_ADDRESS,True,Aerodrome-Slipstream3|PancakeV3|UniswapV3,True,PARTIAL_POOL_SET
0x664eeaf1af387f5be38bbf9c39ff371882a9ab76ea16192511b9edc530e69acf,4101,4101,52341820,2026-10-08T15:23:07Z,B,"log-reconstructed (no native legs, no ext payouts); not trace-checked",MISSING,0.160822,0_to_lt1,1,0xaf2baac6d043d22f9ce14439228fbbf90c108a1dc809e32ad4e7e9e13fc941ac,ABSENT_NO_HOOK_ADDRESS,True,PancakeV3,True,UNMATCHED
0xf88fc94324e9db90f2849f81266eadd813498f2d074ec6b65a1f3b625aec3bd6,4118,4118,52341820,2026-10-08T15:23:07Z,D,cyclic_unknown_venue,MISSING,,kept_null,1,0xf13203ddbf2c9816a79b656a1a952521702715d92fea465b84ae2ed6e94a7f22,ABSENT_NO_HOOK_ADDRESS,True,Aerodrome-Slipstream,False,UNMATCHED
0x8132af392ecb7482d454ece09088ae080d2f697c91ae7aeb6f67ca421732be2f,4120,4120,52341820,2026-10-08T15:23:07Z,B,"log-reconstructed (no native legs, no ext payouts); not trace-checked",MISSING,0.515779,0_to_lt1,1,0xb24f7fcd75c3a001b74be4c60f181c024154c4d7c33097777e3950979042b073,ABSENT_NO_HOOK_ADDRESS,True,Aerodrome-V2|PancakeV3,True,UNMATCHED
0xdf1aa6b6236ef805cb08574c26483706d84a002edc9f0c191856e3ac1b96170b,4131,4131,52341821,2026-10-08T15:23:09Z,B,"log-reconstructed (no native legs, no ext payouts); not trace-checked",VERIFIED,0.339021,0_to_lt1,1,0xf75abf8b552feb6cc784c1432b731276f253dff4b72ec0b2162444efca39a4a9,ABSENT_NO_HOOK_ADDRESS,True,Aerodrome-Slipstream|UniswapV2|UniswapV3,True,UNMATCHED
0x3aa3f960c3f28b5399633d850318045b84b7efa5d9e251b3530a63dcf2e85197,4151,4151,52341822,2026-10-08T15:23:11Z,B,"log-reconstructed (no native legs, no ext payouts); not trace-checked",VERIFIED,0.375171,0_to_lt1,1,0xb24f7fcd75c3a001b74be4c60f181c024154c4d7c33097777e3950979042b073,ABSENT_NO_HOOK_ADDRESS,True,Aerodrome-Slipstream|PancakeV3,True,UNMATCHED
0x13d9ef20b63ccf5836ab43b9535549f7baf88663d7c837a1072645cb666ee407,4176,4176,52341823,2026-10-08T15:23:13Z,D,cyclic_v4_unresolved,MISSING,,kept_null,1,0x2fbe93bf7177596c5d04675bdcef7bacaf98bd954dc26829fcda39f122239459,ABSENT_NO_HOOK_ADDRESS,True,PancakeV3|UniswapV3,False,PARTIAL_POOL_SET
0x35eb4fa4ac0c1dbfd67e8da00e3f2b75ae33f5458abdf38531705885c1a0e38c,4181,4181,52341823,2026-10-08T15:23:13Z,C,cyclic_native_leg_unverified,MISSING,,kept_null,1,0x3b2354c88acbc57fd06771a65ee1e066121ba56835d1820636bb26eb438837a9,ABSENT_NO_HOOK_ADDRESS,False,UniswapV3,False,UNMATCHED
0x9646da309933661d2d61b4b76c2a32b66624a89b07f3cfde03309a0a05b9c255,4207,4207,52341824,2026-10-08T15:23:15Z,A,trace-verified native flows; all legs priced,MISSING,0.129585,0_to_lt1,1,0xb24f7fcd75c3a001b74be4c60f181c024154c4d7c33097777e3950979042b073,ABSENT_NO_HOOK_ADDRESS,True,Aerodrome-Slipstream|PancakeV3,True,UNMATCHED
0x0b93d9c5e012d803b86f293328c3d83a8221724be702832d94ad996e8d2e962e,4230,4230,52341825,2026-10-08T15:23:17Z,B,"log-reconstructed (no native legs, no ext payouts); not trace-checked",MISSING,0.173967,0_to_lt1,1,0xfba2c4592d32a4e2e6393b8898f9110b4e272983f4bd416b38f81672a17fe3dc,ABSENT_NO_HOOK_ADDRESS,True,UniswapV3,True,UNMATCHED
0x5ce21f9940725cf2d520af4dd949c95d530fea09789f627994ac2d31abd01481,4249,4249,52341826,2026-10-08T15:23:19Z,A,trace-verified native flows; all legs priced,MISSING,0.648107,0_to_lt1,1,0xe2654cc01616e962fbfcc4277c23062e59e70e39f87221d77b6d438705a5f286,ABSENT_NO_HOOK_ADDRESS,True,Aerodrome-Slipstream3|PancakeV3,True,UNMATCHED
0x197c21630a7f08fbb5f6eea5b1ef5789f0d491d6e8b22a903a44245e766b6837,4255,4255,52341826,2026-10-08T15:23:19Z,B,"log-reconstructed (no native legs, no ext payouts); not trace-checked",MISSING,0.095319,0_to_lt1,2,0x86071a51586744f7d984c12094246adfb81e7e5b57038eeecda83f8bea512f30|0x8c9b0d2b28205b33b34f67c0c660eb8f46ae2272650d908776f509538ed914f1,TAGGED_HOOK_NO_ADDRESS,True,AlgebraIntegral@0x36077d39,True,UNMATCHED
0xbc53cbc5b4e9693afab95014bc544d763213779a5f226fed24fa470a96a903fc,4262,4262,52341827,2026-10-08T15:23:21Z,B,"log-reconstructed (no native legs, no ext payouts); not trace-checked",VERIFIED,0.010944,0_to_lt1,1,0x454e778bc32b7ab80c5e96e5f59e25a8949ffef182830bbab18617906ead8025,ABSENT_NO_HOOK_ADDRESS,True,Aerodrome-Slipstream|AlgebraIntegral@0x36077d39,True,UNMATCHED
0xdccc1175fc9078fed2b22b6c8ffdb944a91c9e73610aba6258734ae104727a71,4267,4267,52341827,2026-10-08T15:23:21Z,C,cyclic_native_leg_unverified,MISSING,,kept_null,2,0x63cf9da524ef620b7d60465365e6caec601e97a3e2203a891fd186ac460aefeb|0x854e25bf206cd1f1fbfba41dc79ce1c70b33862e82d22b7c8db3d1101589232d,ABSENT_NO_HOOK_ADDRESS,True,PancakeV3,True,UNMATCHED
0x1049ebc0edb22be974d5fc1077a64a3266a8f70b8e8cc9990a15a1044e391d4f,4300,4300,52341830,2026-10-08T15:23:27Z,B,"log-reconstructed (no native legs, no ext payouts); not trace-checked",MISSING,0.082662,0_to_lt1,1,0xaf2baac6d043d22f9ce14439228fbbf90c108a1dc809e32ad4e7e9e13fc941ac,ABSENT_NO_HOOK_ADDRESS,True,PancakeV3,True,UNMATCHED
0x559b6556decde2bcd6b887fc02eb9efad9990de053a59894bbc4184ce1723ed0,4312,4312,52341831,2026-10-08T15:23:29Z,C,cyclic_native_leg_unverified,MISSING,,kept_null,1,0xb8fa9b30d8bc4cfa94d0228a7b57d613b53048838ce4e2d44033dae8cf1e03e2,ABSENT_NO_HOOK_ADDRESS,True,Aerodrome-Slipstream|Aerodrome-Slipstream3|PancakeV3|UniswapV3,True,PARTIAL_POOL_SET
0x5638377000713b7f684c00d05e00d9d9ec5630ba826c6a3ddb058113b77305cf,4316,4316,52341831,2026-10-08T15:23:29Z,D,cyclic_v4_unresolved,INFERRED,,kept_null,1,0x4899f49c4665f844c85e6c5359018487785592ee8ad307afcbc6e9b26a72f1c6,ABSENT_NO_HOOK_ADDRESS,True,PancakeV3,True,UNMATCHED
0x43bf8328709f905290bdd961dd63168fa90412bc4e7d5a2fc6bbc9b90f8d3465,4322,4322,52341832,2026-10-08T15:23:31Z,B,"log-reconstructed (no native legs, no ext payouts); not trace-checked",VERIFIED,0.947151,0_to_lt1,1,0xb8fa9b30d8bc4cfa94d0228a7b57d613b53048838ce4e2d44033dae8cf1e03e2,ABSENT_NO_HOOK_ADDRESS,True,UniswapV3,True,UNMATCHED
0x84472f5f968e58c4188514f0dc0d1b4e7890dff56c5e26c3df05a7347bce7164,4324,4324,52341832,2026-10-08T15:23:31Z,B,"log-reconstructed (no native legs, no ext payouts); not trace-checked",INFERRED,2.334514,1_to_lt25,1,0xb8fa9b30d8bc4cfa94d0228a7b57d613b53048838ce4e2d44033dae8cf1e03e2,ABSENT_NO_HOOK_ADDRESS,True,Aerodrome-Slipstream3|PancakeV3|UniswapV3,True,PARTIAL_POOL_SET
0xefb325ba6c9fa18a79234abeb2d5baffd9b7e496375027d8ee1c2afc54010ddc,4331,4331,52341832,2026-10-08T15:23:31Z,B,"log-reconstructed (no native legs, no ext payouts); not trace-checked",MISSING,0.044014,0_to_lt1,1,0xe4a1407210e5edfd381e6343fbf8daff3daa0ecbfa9121e3118898baa0601200,ABSENT_NO_HOOK_ADDRESS,True,Aerodrome-Slipstream3,True,UNMATCHED
0x63c52f52f74a69474d7f674ce4f93f89983f03dbd3bf720de56d3bf83d934cc0,4337,4337,52341832,2026-10-08T15:23:31Z,B,"log-reconstructed (no native legs, no ext payouts); not trace-checked",INFERRED,0.338469,0_to_lt1,1,0xb8fa9b30d8bc4cfa94d0228a7b57d613b53048838ce4e2d44033dae8cf1e03e2,ABSENT_NO_HOOK_ADDRESS,True,Aerodrome-Slipstream3|UniswapV3,True,UNMATCHED
0xd5020cd720d308b27a5e580d3e691e3910d5831d3448d7874af72c010f4731b1,4342,4342,52341833,2026-10-08T15:23:33Z,B,"log-reconstructed (no native legs, no ext payouts); not trace-checked",MISSING,0.087095,0_to_lt1,1,0x3d41453cf789e5f06ed1fdb96fd93f1c17d2aeb7722d509c84a382906d477708,ABSENT_NO_HOOK_ADDRESS,True,Aerodrome-V2|PancakeV3,True,UNMATCHED
0x551fcdbb14a5dc2771f299374d61882a43374869462fee86981c89e9237e334a,4343,4343,52341833,2026-10-08T15:23:33Z,B,"log-reconstructed (no native legs, no ext payouts); not trace-checked",MISSING,0.080603,0_to_lt1,1,0x2be682ba0f904be47bfdfe3ab761a9738676f57197c09023c6b3eba481e1a768,ABSENT_NO_HOOK_ADDRESS,True,UniswapV2|UniswapV3,True,UNMATCHED
0x71a25209bf269b5fb1ab82b8638e4196b2c3e895a69ec79bd68f2a4c2954ebe7,4356,4356,52341833,2026-10-08T15:23:33Z,C,cyclic_native_leg_unverified,MISSING,,kept_null,1,0xe070797535b13431808f8fc81fdbe7b41362960ed0b55bc2b6117c49c51b7eb9,ABSENT_NO_HOOK_ADDRESS,True,Aerodrome-Slipstream|UniswapV3,False,UNMATCHED
0x1ef60237db2f504e0e995ed423f58c3b01830068b70c0c4b225d57eb6ead1390,4361,4361,52341833,2026-10-08T15:23:33Z,D,cyclic_unknown_venue,MISSING,,kept_null,1,0xf13203ddbf2c9816a79b656a1a952521702715d92fea465b84ae2ed6e94a7f22,ABSENT_NO_HOOK_ADDRESS,True,PancakeV3,False,UNMATCHED
0x849dae2839c88d667502c398b3c3e3e1fc90224d0ac066ee3516ff896fd16b80,4366,4366,52341834,2026-10-08T15:23:35Z,A,trace-verified native flows; all legs priced,MISSING,-0.084304,below_0,1,0x42e0452e7ce8557b889af78f0fefff309f193028824910ebbce863a06c240033,ABSENT_NO_HOOK_ADDRESS,True,Aerodrome-V2,True,UNMATCHED
0x395bfc21ce627d4a78361dac728eece1ba436a761fead63b33f3cea6fcfa0af2,4367,4367,52341834,2026-10-08T15:23:35Z,A,trace-verified native flows; all legs priced,MISSING,0.159284,0_to_lt1,1,0x7681c00520c26da8d8970c21a65461c726f274068eb08743debc1178e697044e,ABSENT_NO_HOOK_ADDRESS,True,Aerodrome-Slipstream,False,UNMATCHED
0x4966a246b36953b45be15440b9b9ffd309b5844196b97c9a325b78f905d1d5ec,4372,4372,52341834,2026-10-08T15:23:35Z,B,"log-reconstructed (no native legs, no ext payouts); not trace-checked",INFERRED,1.277238,1_to_lt25,2,0x7681c00520c26da8d8970c21a65461c726f274068eb08743debc1178e697044e|0xf13203ddbf2c9816a79b656a1a952521702715d92fea465b84ae2ed6e94a7f22,ABSENT_NO_HOOK_ADDRESS,True,,False,UNMATCHABLE
0x47ef58734e054114ec27d91340b79c6d2ad22af317bfdeedcc554dfb67b88c7b,4374,4374,52341834,2026-10-08T15:23:35Z,A,trace-verified native flows; all legs priced,MISSING,0.814214,0_to_lt1,1,0xf13203ddbf2c9816a79b656a1a952521702715d92fea465b84ae2ed6e94a7f22,ABSENT_NO_HOOK_ADDRESS,True,Aerodrome-Slipstream|PancakeV3,False,UNMATCHED
0xbe6a333d301d19d23929f13febc072265d701a85d8e2f7d0dddc870d20694414,4379,4379,52341834,2026-10-08T15:23:35Z,B,"log-reconstructed (no native legs, no ext payouts); not trace-checked",MISSING,0.294432,0_to_lt1,1,0xf13203ddbf2c9816a79b656a1a952521702715d92fea465b84ae2ed6e94a7f22,ABSENT_NO_HOOK_ADDRESS,True,AlgebraIntegral@0xc5396866,False,UNMATCHED
0x715bc7d3f24c59025ad49971f7d52c706d1c902c354f7b0c9fb37946c4e320af,4382,4382,52341834,2026-10-08T15:23:35Z,B,"log-reconstructed (no native legs, no ext payouts); not trace-checked",MISSING,0.164156,0_to_lt1,2,0x49fff8ec544984d862c0c322c83bc0cfb7a9a953a7d4d4d352a2aff27f7602cf|0xf13203ddbf2c9816a79b656a1a952521702715d92fea465b84ae2ed6e94a7f22,ABSENT_NO_HOOK_ADDRESS,True,,False,UNMATCHABLE
0x6030f29094697315bc55dbae98fbf85d26e8f40d57a51637968041e45b94bc16,4384,4384,52341834,2026-10-08T15:23:35Z,B,"log-reconstructed (no native legs, no ext payouts); not trace-checked",MISSING,3.770614,1_to_lt25,1,0x42e0452e7ce8557b889af78f0fefff309f193028824910ebbce863a06c240033,ABSENT_NO_HOOK_ADDRESS,True,Aerodrome-V2,True,UNMATCHED
0x48ca1775b844a6563d46677237ae960e85ac12ce4bc3f85d78f4c83cfa081f9c,4395,4395,52341835,2026-10-08T15:23:37Z,B,"log-reconstructed (no native legs, no ext payouts); not trace-checked",INFERRED,0.090874,0_to_lt1,1,0xb8fa9b30d8bc4cfa94d0228a7b57d613b53048838ce4e2d44033dae8cf1e03e2,ABSENT_NO_HOOK_ADDRESS,True,Aerodrome-Slipstream3|PancakeV3|UniswapV3,True,PARTIAL_POOL_SET
0x0d84662cd97fcae81ace70eb6cba1e9b3dd8c0222620d02c23a689971f1c87ee,4414,4414,52341836,2026-10-08T15:23:39Z,A,trace-verified native flows; all legs priced,INFERRED,0.271757,0_to_lt1,1,0xb8fa9b30d8bc4cfa94d0228a7b57d613b53048838ce4e2d44033dae8cf1e03e2,ABSENT_NO_HOOK_ADDRESS,True,PancakeV3|UniswapV3,True,PARTIAL_POOL_SET
0x6b309b0cac965be796afcadffcc9bd515ee4ed53a99cf523241353a2085d5162,4419,4419,52341837,2026-10-08T15:23:41Z,B,"log-reconstructed (no native legs, no ext payouts); not trace-checked",INFERRED,0.192356,0_to_lt1,1,0x7188cfc95722e160dc39cf32fbc3b44f0e0bc95319a152f659b7d6bfca8f4620,ABSENT_NO_HOOK_ADDRESS,True,Curve,True,UNMATCHED
0x131b6a0d165bdab57fa08d06846374576849a5c20f1883603d53649ce57fac14,4422,4422,52341837,2026-10-08T15:23:41Z,B,"log-reconstructed (no native legs, no ext payouts); not trace-checked",MISSING,0.072496,0_to_lt1,1,0xfba2c4592d32a4e2e6393b8898f9110b4e272983f4bd416b38f81672a17fe3dc,ABSENT_NO_HOOK_ADDRESS,True,Aerodrome-Slipstream3|UniswapV3,True,UNMATCHED
0x7b781ee4b2f02fbb8166f30135ec353ae69847b272797cae19fe619ca8e0a8bd,4426,4426,52341839,2026-10-08T15:23:45Z,B,"log-reconstructed (no native legs, no ext payouts); not trace-checked",INFERRED,0.023073,0_to_lt1,1,0xb8fa9b30d8bc4cfa94d0228a7b57d613b53048838ce4e2d44033dae8cf1e03e2,ABSENT_NO_HOOK_ADDRESS,True,Aerodrome-Slipstream3|PancakeV3|UniswapV3,True,PARTIAL_POOL_SET
0x1978224b25a37254fa90dea9096d73221f08d8cd5549adcf13fbc670af14a141,4431,4431,52341840,2026-10-08T15:23:47Z,B,"log-reconstructed (no native legs, no ext payouts); not trace-checked",INFERRED,0.147002,0_to_lt1,1,0xb8fa9b30d8bc4cfa94d0228a7b57d613b53048838ce4e2d44033dae8cf1e03e2,ABSENT_NO_HOOK_ADDRESS,True,Aerodrome-Slipstream|Aerodrome-Slipstream3|PancakeV3|UniswapV3,True,PARTIAL_POOL_SET
0x0bbcfa478f847eb3e4ada18142cd66d87f9a255700e54eb52dde345225fdd762,4446,4446,52341843,2026-10-08T15:23:53Z,B,"log-reconstructed (no native legs, no ext payouts); not trace-checked",MISSING,0.090284,0_to_lt1,1,0xf75abf8b552feb6cc784c1432b731276f253dff4b72ec0b2162444efca39a4a9,ABSENT_NO_HOOK_ADDRESS,True,PancakeV3|UniswapV2,True,UNMATCHED
0x18061582e5a7df097479f30462e8b75c428be84fb20428a0ba43fb0ee0394a93,4458,4458,52341846,2026-10-08T15:23:59Z,B,"log-reconstructed (no native legs, no ext payouts); not trace-checked",INFERRED,-0.984555,below_0,2,0xb755c4d29df61df71ba0675ed54d418f3b74b474405a21907504ab90072e4636|0xdce39c7ce5d03c4c6da36361072f2ba8817c7fd54efaf5dc59b3af3552da6eac,ABSENT_NO_HOOK_ADDRESS,True,Aerodrome-Slipstream3,True,UNMATCHED
0x8988c21a27c0c3957c335b0d7c1c39347e06153316803dff7b9a00abc46d1b50,4459,4459,52341846,2026-10-08T15:23:59Z,B,"log-reconstructed (no native legs, no ext payouts); not trace-checked",MISSING,0.009004,0_to_lt1,1,0x49fff8ec544984d862c0c322c83bc0cfb7a9a953a7d4d4d352a2aff27f7602cf,ABSENT_NO_HOOK_ADDRESS,True,UniswapV3,True,UNMATCHED
0x3a43a8ecb83a748e5965151025b0173fc786e31d097530a870b3b429e320f9a6,4466,4466,52341852,2026-10-08T15:24:11Z,B,"log-reconstructed (no native legs, no ext payouts); not trace-checked",MISSING,0.034607,0_to_lt1,1,0xdce39c7ce5d03c4c6da36361072f2ba8817c7fd54efaf5dc59b3af3552da6eac,ABSENT_NO_HOOK_ADDRESS,True,Aerodrome-Slipstream3,True,UNMATCHED
0xa4bc07a27978852a1a297c21657c88284a51c81cf92c323a0835254bfd1dcc09,4469,4469,52341854,2026-10-08T15:24:15Z,B,"log-reconstructed (no native legs, no ext payouts); not trace-checked",INFERRED,-0.002412,below_0,1,0xb8fa9b30d8bc4cfa94d0228a7b57d613b53048838ce4e2d44033dae8cf1e03e2,ABSENT_NO_HOOK_ADDRESS,True,Aerodrome-Slipstream3|PancakeV3|UniswapV3,True,PARTIAL_POOL_SET
0x01f5fca97f4283efcabaf82de140bcb13a1b090a4c009b2cbf39be7e446db57e,4473,4473,52341858,2026-10-08T15:24:23Z,A,trace-verified native flows; all legs priced,MISSING,1.420305,1_to_lt25,1,0xe2654cc01616e962fbfcc4277c23062e59e70e39f87221d77b6d438705a5f286,ABSENT_NO_HOOK_ADDRESS,True,Aerodrome-Slipstream3|Aerodrome-V2,True,UNMATCHED
0xca538f3b1e2b63a09b5d0f2fd3062bded9abb1c2f337c8ee04ce42f86551ed4b,4479,4479,52341861,2026-10-08T15:24:29Z,B,"log-reconstructed (no native legs, no ext payouts); not trace-checked",MISSING,0.010606,0_to_lt1,1,0xbc94a571767139984504676ec9347f57ca5f9ad10e917f235ef2c88fb1df79bf,ABSENT_NO_HOOK_ADDRESS,True,UniswapV3,True,UNMATCHED
0xdf956eb8dd520a4d48eeff6ab8234576530595f466881cff04dec26e4effc37a,4495,4495,52341876,2026-10-08T15:24:59Z,A,trace-verified native flows; all legs priced,MISSING,0.134339,0_to_lt1,1,0x49fff8ec544984d862c0c322c83bc0cfb7a9a953a7d4d4d352a2aff27f7602cf,ABSENT_NO_HOOK_ADDRESS,True,UniswapV3,True,UNMATCHED
0x9451b83465f9aaffaf42d2c0a03f9c2a8fcf4501dea532245cef19b076c9e4df,4507,4507,52341889,2026-10-08T15:25:25Z,B,"log-reconstructed (no native legs, no ext payouts); not trace-checked",MISSING,0.040968,0_to_lt1,2,0xaae8d4c92495e6b9b0a92736acd689014737476f89ff194efa6b31d007255631|0xd3020570106c58635ff7f549659c4c310409c9a5d698cb826842bc8a39e3ce81,ABSENT_NO_HOOK_ADDRESS,True,Aerodrome-Slipstream3,True,UNMATCHED
0xb313bd1ec236dbf62361b4e684726b4bcc7362d6937c70cfd9ba8ddc674b9a10,4516,4516,52341900,2026-10-08T15:25:47Z,B,"log-reconstructed (no native legs, no ext payouts); not trace-checked",MISSING,0.0112,0_to_lt1,1,0x49fff8ec544984d862c0c322c83bc0cfb7a9a953a7d4d4d352a2aff27f7602cf,ABSENT_NO_HOOK_ADDRESS,True,AlgebraIntegral@0xc5396866,False,UNMATCHED
0xdbe21c8c9df5ae113087d1b8387cc4e450761e00e6e1a4f56831fa5f0868bc3f,4523,4523,52341904,2026-10-08T15:25:55Z,B,"log-reconstructed (no native legs, no ext payouts); not trace-checked",MISSING,0.021883,0_to_lt1,2,0xe1d05fe2b899df927bc67e5eedaccb95d06bf7c769ed68469bb773615f2401f8|0xf13203ddbf2c9816a79b656a1a952521702715d92fea465b84ae2ed6e94a7f22,ABSENT_NO_HOOK_ADDRESS,True,,False,UNMATCHABLE
0x22907f9f54ae38f47abe1f478e330129b374069a791d9435e0846c89ba654853,4534,4534,52341910,2026-10-08T15:26:07Z,B,"log-reconstructed (no native legs, no ext payouts); not trace-checked",MISSING,-0.011925,below_0,1,0x79629798f9db20d8c50d23325d22416bf001c107bfba6e64649bd15f4a34c685,ABSENT_NO_HOOK_ADDRESS,True,Aerodrome-Slipstream|UniswapV3,True,UNMATCHED
0x0459119cd7ec9f6c2526ff2dee87c07485e132899cffd495d1a02e50e0dfd42f,4536,4536,52341912,2026-10-08T15:26:11Z,B,"log-reconstructed (no native legs, no ext payouts); not trace-checked",MISSING,0.142396,0_to_lt1,2,0x813d323bcdb847094316d5957a51e098640c2b349288ead8f8a95c58c218c39e|0xf13203ddbf2c9816a79b656a1a952521702715d92fea465b84ae2ed6e94a7f22,TAGGED_HOOK_NO_ADDRESS,True,,False,UNMATCHABLE
0xee83d3f5d8e3064e7e1e07021bb4c4feefc33c9e9d653c84337f275c10167149,4539,4539,52341920,2026-10-08T15:26:27Z,B,"log-reconstructed (no native legs, no ext payouts); not trace-checked",INFERRED,2.507956,1_to_lt25,1,0x92d3969fb05e3d1e8fe6920f4e0d59852f99e5a5a9f32227bf646d57a51fec82,ABSENT_NO_HOOK_ADDRESS,True,Aerodrome-Slipstream3,True,UNMATCHED
0xb230bbb7c2e5c67e348122b9b314667ce925fe35cc45eb25a131c97aadcb99eb,4545,4545,52341944,2026-10-08T15:27:15Z,B,"log-reconstructed (no native legs, no ext payouts); not trace-checked",MISSING,0.006705,0_to_lt1,1,0xbc94a571767139984504676ec9347f57ca5f9ad10e917f235ef2c88fb1df79bf,ABSENT_NO_HOOK_ADDRESS,True,Aerodrome-Slipstream3|UniswapV3,True,UNMATCHED
0x9d99988e0d3a50c1ac8149f39d6668296b5cb2936a07b6aa41f129dc22f0ec6a,4550,4550,52341947,2026-10-08T15:27:21Z,A,trace-verified native flows; all legs priced,MISSING,0.172566,0_to_lt1,1,0xdce39c7ce5d03c4c6da36361072f2ba8817c7fd54efaf5dc59b3af3552da6eac,ABSENT_NO_HOOK_ADDRESS,True,Aerodrome-Slipstream3,True,UNMATCHED
0xa05d86bbd0e4f52bd071c2cbe25a01526dd7b1dc03c0b951dc5dc4026b7a3d87,4568,4568,52341985,2026-10-08T15:28:37Z,A,trace-verified native flows; all legs priced,MISSING,1.172613,1_to_lt25,1,0xb755c4d29df61df71ba0675ed54d418f3b74b474405a21907504ab90072e4636,ABSENT_NO_HOOK_ADDRESS,True,Aerodrome-Slipstream3,True,UNMATCHED
0xe73512f3c0e100a838bfc8d4341bae33f969410f68dc3380a5ec102dec4993d5,4569,4569,52341985,2026-10-08T15:28:37Z,B,"log-reconstructed (no native legs, no ext payouts); not trace-checked",MISSING,0.063799,0_to_lt1,1,0xdce39c7ce5d03c4c6da36361072f2ba8817c7fd54efaf5dc59b3af3552da6eac,ABSENT_NO_HOOK_ADDRESS,True,Aerodrome-Slipstream3,True,UNMATCHED
0x6ce3b7b724a3ceed89c972dba3b6ad1f34e51d4de0069edc18221ad903e592c3,4580,4580,52342003,2026-10-08T15:29:13Z,B,"log-reconstructed (no native legs, no ext payouts); not trace-checked",MISSING,0.153451,0_to_lt1,1,0xfba2c4592d32a4e2e6393b8898f9110b4e272983f4bd416b38f81672a17fe3dc,ABSENT_NO_HOOK_ADDRESS,True,UniswapV3,True,UNMATCHED
0x7d5d270ba36e751448d74ec5cc540e6ec4b4fdb4b71bfb843547d99d176509e7,4587,4587,52342008,2026-10-08T15:29:23Z,B,"log-reconstructed (no native legs, no ext payouts); not trace-checked",MISSING,0.011785,0_to_lt1,1,0xb24f7fcd75c3a001b74be4c60f181c024154c4d7c33097777e3950979042b073,ABSENT_NO_HOOK_ADDRESS,True,AlgebraIntegral@0xc5396866|PancakeV3,True,UNMATCHED
0xe0dd24bcc3f56997799eb0fda8092f7f09b68dc063a920d5fcc761ad009a273a,4588,4588,52342009,2026-10-08T15:29:25Z,B,"log-reconstructed (no native legs, no ext payouts); not trace-checked",MISSING,0.291043,0_to_lt1,1,0x3d41453cf789e5f06ed1fdb96fd93f1c17d2aeb7722d509c84a382906d477708,ABSENT_NO_HOOK_ADDRESS,True,Aerodrome-V2|PancakeV3,True,UNMATCHED
0x0ce2c80b48652860adb9a824305fb6544312155302eaa54059d94b97375cf140,4589,4589,52342009,2026-10-08T15:29:25Z,B,"log-reconstructed (no native legs, no ext payouts); not trace-checked",MISSING,0.046801,0_to_lt1,1,0x5ba44026808e8af38ab1cc5c071584149f2bb7c6957bff7ae28b05d94daa0460,ABSENT_NO_HOOK_ADDRESS,True,Aerodrome-V2|UniswapV3,True,PARTIAL_POOL_SET
0xf0f6e7f1533149d060a83527364a8b90b0b5fe57a7c804b4d6355ad774961a52,4597,4597,52342015,2026-10-08T15:29:37Z,B,"log-reconstructed (no native legs, no ext payouts); not trace-checked",INFERRED,0.024956,0_to_lt1,1,0xdce39c7ce5d03c4c6da36361072f2ba8817c7fd54efaf5dc59b3af3552da6eac,ABSENT_NO_HOOK_ADDRESS,True,Aerodrome-Slipstream3,True,UNMATCHED
0xda68d85ab3c6ba908ee55c18461c1048e8f06f5d7522ef2e8571e62c96517238,4601,4601,52342023,2026-10-08T15:29:53Z,A,trace-verified native flows; all legs priced,MISSING,1.092263,1_to_lt25,1,0x064a5df2ecfcb7c05779b147aa38e4b0e91c966267fbdbc8cf16addd83636b13,ABSENT_NO_HOOK_ADDRESS,True,AlgebraIntegral@0x36077d39|PancakeV3,True,UNMATCHED
0x4405b65b39bbc8b94cc4579433cbfb5ecb116fe5eae3d5de5fa3d2fb225cc107,4604,4604,52342023,2026-10-08T15:29:53Z,B,"log-reconstructed (no native legs, no ext payouts); not trace-checked",MISSING,0.002519,0_to_lt1,2,0x42e0452e7ce8557b889af78f0fefff309f193028824910ebbce863a06c240033|0xa7b77a07ec321aaf50bac4126bb85a742c9b87d3ec0665246549f8307385a842,ABSENT_NO_HOOK_ADDRESS,True,,True,UNMATCHABLE
0xe7837823659b39f9e542c7846bdd13575501cf1601b1598a90fdfd0caebd3638,4606,4606,52342023,2026-10-08T15:29:53Z,B,"log-reconstructed (no native legs, no ext payouts); not trace-checked",MISSING,0.015893,0_to_lt1,1,0x42e0452e7ce8557b889af78f0fefff309f193028824910ebbce863a06c240033,ABSENT_NO_HOOK_ADDRESS,True,Aerodrome-V2,True,UNMATCHED
0xa6936dbbd74560eca61219b4ceba6ec009236eb3af50e61b25f82d5c9ffeee15,4607,4607,52342023,2026-10-08T15:29:53Z,B,"log-reconstructed (no native legs, no ext payouts); not trace-checked",MISSING,0.067202,0_to_lt1,1,0x42e0452e7ce8557b889af78f0fefff309f193028824910ebbce863a06c240033,ABSENT_NO_HOOK_ADDRESS,True,Aerodrome-V2,True,UNMATCHED
0x092649fc476c0ed7359ce17097cb0dfa614b960c94c83553cf31c78511cac312,4619,4619,52342043,2026-10-08T15:30:33Z,B,"log-reconstructed (no native legs, no ext payouts); not trace-checked",INFERRED,20.687098,1_to_lt25,1,0x4d6d290f26daca74998c8aaa742406962b92e8109ba8a16bb6b56c001575b285,ABSENT_NO_HOOK_ADDRESS,True,Aerodrome-Slipstream3,True,UNMATCHED
0xc48ced8f256f0041a4f0bb33fa2c8662a0a3858370586da37c4f75fe542f81eb,4636,4636,52342062,2026-10-08T15:31:11Z,D,cyclic_unknown_venue,MISSING,,kept_null,1,0x02bbe8f4c02837fbdb67061a5b04ddf223506a0dc4e3a10a4359f0ac1b078383,ABSENT_NO_HOOK_ADDRESS,True,,True,UNMATCHABLE
0xbda357fb21b22ac8467056f09e4fe78eaa55bd47220b6366e7d0ccd21bc99f18,4638,4638,52342063,2026-10-08T15:31:13Z,C,cyclic_ext_payout,MISSING,,kept_null,1,0x2ca2a300a102b7881ba9a36402fbcb996a52ec25bd94cdf9c36237116dccd3cb,ABSENT_NO_HOOK_ADDRESS,True,Aerodrome-Slipstream,True,UNMATCHED
0x3df3f89e2dcd68e1972cba8777ce7d28500ae0f071ccbea96d5422340c771a70,4642,4642,52342067,2026-10-08T15:31:21Z,D,cyclic_v4_unresolved,INFERRED,,kept_null,1,0x41084f2d35b54dc0d070fbf76aa52c46f5d9c7e36c163252064b6b184d9429d9,ABSENT_NO_HOOK_ADDRESS,False,Aerodrome-Slipstream3|UniswapV3,True,PARTIAL_POOL_SET
0xf0da7aeae705f60fdd27da9534405b04646eea15533db8e0f69fb90d701422df,4648,4648,52342075,2026-10-08T15:31:37Z,A,trace-verified native flows; all legs priced,INFERRED,9.791325,1_to_lt25,1,0xb755c4d29df61df71ba0675ed54d418f3b74b474405a21907504ab90072e4636,ABSENT_NO_HOOK_ADDRESS,True,Aerodrome-Slipstream3|UniswapV3,True,PARTIAL_POOL_SET
0x66d946602b3c24b07ca5734ba5096ca7ec30bcede3faebde7609fd4de544f37c,4649,4649,52342075,2026-10-08T15:31:37Z,B,"log-reconstructed (no native legs, no ext payouts); not trace-checked",INFERRED,3.9494,1_to_lt25,1,0xdce39c7ce5d03c4c6da36361072f2ba8817c7fd54efaf5dc59b3af3552da6eac,ABSENT_NO_HOOK_ADDRESS,True,Aerodrome-Slipstream3,True,UNMATCHED
0x90b4f9eeb417ec841d048764f8940bdacfa7e6f663b6794a4eea436072af8635,4652,4652,52342077,2026-10-08T15:31:41Z,B,"log-reconstructed (no native legs, no ext payouts); not trace-checked",MISSING,0.017104,0_to_lt1,1,0xdce39c7ce5d03c4c6da36361072f2ba8817c7fd54efaf5dc59b3af3552da6eac,ABSENT_NO_HOOK_ADDRESS,True,Aerodrome-Slipstream3,True,UNMATCHED
0x9baf6c1bc24b61f480cbae3b8047eaa8689c6773f52ffd165b5253132fe3afd0,4654,4654,52342080,2026-10-08T15:31:47Z,B,"log-reconstructed (no native legs, no ext payouts); not trace-checked",INFERRED,0.036513,0_to_lt1,1,0xdce39c7ce5d03c4c6da36361072f2ba8817c7fd54efaf5dc59b3af3552da6eac,ABSENT_NO_HOOK_ADDRESS,True,Aerodrome-Slipstream3,True,UNMATCHED
0x144f99438a96cdb10b3e85a02711ab2f4e100e75c27697d7fdc38668db6b8a62,4663,4663,52342090,2026-10-08T15:32:07Z,B,"log-reconstructed (no native legs, no ext payouts); not trace-checked",MISSING,0.2833,0_to_lt1,1,0xb24f7fcd75c3a001b74be4c60f181c024154c4d7c33097777e3950979042b073,ABSENT_NO_HOOK_ADDRESS,True,Aerodrome-Slipstream|PancakeV3,True,UNMATCHED
0x6399d3365fea5add722fefa72eb53551cbe05a231a4ce8446623dceaf30db357,4664,4664,52342090,2026-10-08T15:32:07Z,B,"log-reconstructed (no native legs, no ext payouts); not trace-checked",MISSING,0.142616,0_to_lt1,1,0x1d8c55f347727c0fb4f5e1b65cdb93639e0c7102580a7d345e1144cd5a718f54,ABSENT_NO_HOOK_ADDRESS,True,PancakeV3,False,UNMATCHED
0x65ac6a0f6be01bb0e37d8e34ca71bcd2d9e8e6e1c01b48a1b21ac213b53f8f52,4671,4671,52342093,2026-10-08T15:32:13Z,C,cyclic_native_leg_unverified,MISSING,,kept_null,2,0x18b1013ca5d3eb578d1ab7a1dd45ff3a9a2d3f8fbfa3006a545a6dadc958f5e1|0xbedfdb1c91ccfd3269d5aec696c95e96457205ab9cab1ebe6be608e295a3a0a5,ABSENT_NO_HOOK_ADDRESS,True,Aerodrome-Slipstream3,True,UNMATCHED
0x4cb9fece16baa80ba5d20d3b7552091dfafcd6b67ff89796db59a518c1ab88d8,4672,4672,52342093,2026-10-08T15:32:13Z,D,cyclic_v4_unresolved,MISSING,,kept_null,2,0x1ae7a9ae90d9daff3b68309e673a81371339ab413f52aaf4b2770a8e42c129bd|0xbedfdb1c91ccfd3269d5aec696c95e96457205ab9cab1ebe6be608e295a3a0a5,ABSENT_NO_HOOK_ADDRESS,True,Aerodrome-Slipstream2,True,UNMATCHED
0x80f7f96fd48145bbfac9ed4dbdf44aaa79d7ae4c142db4343b1d5c4d0befd4f0,4681,4681,52342108,2026-10-08T15:32:43Z,B,"log-reconstructed (no native legs, no ext payouts); not trace-checked",MISSING,0.392168,0_to_lt1,1,0xfba2c4592d32a4e2e6393b8898f9110b4e272983f4bd416b38f81672a17fe3dc,ABSENT_NO_HOOK_ADDRESS,True,UniswapV3,True,UNMATCHED
0xbbb8abdf2ee2a4dcb22dfb154e9052788ca5581890d1038dca1211ad8a14452a,4682,4682,52342109,2026-10-08T15:32:45Z,B,"log-reconstructed (no native legs, no ext payouts); not trace-checked",MISSING,0.012927,0_to_lt1,1,0x12d76c5c8ec8edffd3c143995b0aa43fe44a6d71eb9113796272909e54b8e078,ABSENT_NO_HOOK_ADDRESS,True,Aerodrome-Slipstream|Aerodrome-V2,True,UNMATCHED
0x51b762480a5fa3b16c819e2763727b777752d2fab16b67b7b20975c277d4d34f,4683,4683,52342111,2026-10-08T15:32:49Z,B,"log-reconstructed (no native legs, no ext payouts); not trace-checked",MISSING,0.014978,0_to_lt1,1,0xf13203ddbf2c9816a79b656a1a952521702715d92fea465b84ae2ed6e94a7f22,ABSENT_NO_HOOK_ADDRESS,True,AlgebraIntegral@0xc5396866,False,UNMATCHED
0xa353840a427f28ec9c75d67d7f799fa4a2b94b7f6978a760d149290ae3a99953,4684,4684,52342111,2026-10-08T15:32:49Z,B,"log-reconstructed (no native legs, no ext payouts); not trace-checked",MISSING,0.040649,0_to_lt1,1,0x49fff8ec544984d862c0c322c83bc0cfb7a9a953a7d4d4d352a2aff27f7602cf,ABSENT_NO_HOOK_ADDRESS,True,AlgebraIntegral@0xc5396866,False,UNMATCHED
0x7ce5b12b089ac94b3e94edd0ac24ecda4e7d849d94567d3db7a2fb7c3898ae04,4689,4689,52342115,2026-10-08T15:32:57Z,B,"log-reconstructed (no native legs, no ext payouts); not trace-checked",MISSING,0.033964,0_to_lt1,1,0xf75abf8b552feb6cc784c1432b731276f253dff4b72ec0b2162444efca39a4a9,ABSENT_NO_HOOK_ADDRESS,True,Aerodrome-Slipstream|UniswapV2|UniswapV3,True,UNMATCHED
0x150280325ab9e1237ccafe08529ece425e78d1547213b6849dab71786a275f80,4726,4726,52342173,2026-10-08T15:34:53Z,B,"log-reconstructed (no native legs, no ext payouts); not trace-checked",MISSING,0.031872,0_to_lt1,1,0x12d76c5c8ec8edffd3c143995b0aa43fe44a6d71eb9113796272909e54b8e078,ABSENT_NO_HOOK_ADDRESS,True,Aerodrome-Slipstream3|PancakeV3|UniswapV3,True,UNMATCHED
0x539afda1d7e592d1033f79353eb3212b7624063b40e72d470fe388fffb72226c,4738,4738,52342174,2026-10-08T15:34:55Z,B,"log-reconstructed (no native legs, no ext payouts); not trace-checked",MISSING,0.039919,0_to_lt1,1,0x12d76c5c8ec8edffd3c143995b0aa43fe44a6d71eb9113796272909e54b8e078,ABSENT_NO_HOOK_ADDRESS,True,Aerodrome-Slipstream3|PancakeV3|UniswapV3,True,UNMATCHED
0xe9ce5a12a68c0d55c152df6d7477b680bcef9b8aac760cc56c7a8eef180bdff2,4743,4743,52342175,2026-10-08T15:34:57Z,B,"log-reconstructed (no native legs, no ext payouts); not trace-checked",VERIFIED,0.049919,0_to_lt1,1,0xf13203ddbf2c9816a79b656a1a952521702715d92fea465b84ae2ed6e94a7f22,ABSENT_NO_HOOK_ADDRESS,True,Aerodrome-Slipstream|PancakeV3,False,UNMATCHED
0xd5f3e147dc9d9e80ef906a97f22e9ecf03d86562a66c0c033d246b8747d214d2,4749,4749,52342177,2026-10-08T15:35:01Z,B,"log-reconstructed (no native legs, no ext payouts); not trace-checked",MISSING,0.01823,0_to_lt1,1,0xf97db19953c4309b3af2ceb9cce172939e8868321a24656667d44cccb31c9ddc,ABSENT_NO_HOOK_ADDRESS,True,PancakeV3|UniswapV3,True,UNMATCHED
0xd73b082c8af6611d1dace0bd46206c9331fefe5f7bfd301014dd0cdf22778324,4785,4785,52342191,2026-10-08T15:35:29Z,B,"log-reconstructed (no native legs, no ext payouts); not trace-checked",VERIFIED,0.028091,0_to_lt1,1,0xf272fa039c68a79015b721df554f3bcb8a54016df9075e67a654b4d63e6afc51,ABSENT_NO_HOOK_ADDRESS,True,Aerodrome-V2|UniswapV3,True,UNMATCHED
0xefb9137f32d90e019e819c9f96327f0790983d16415f01f6af7d388755e2350e,4797,4797,52342191,2026-10-08T15:35:29Z,B,"log-reconstructed (no native legs, no ext payouts); not trace-checked",MISSING,0.034846,0_to_lt1,1,0xf13203ddbf2c9816a79b656a1a952521702715d92fea465b84ae2ed6e94a7f22,ABSENT_NO_HOOK_ADDRESS,True,AlgebraIntegral@0xc5396866,False,UNMATCHED
0xee6c0710e0d9ab0a480b23b27132e43bf204d15745f5e5b65544aab532f4fb0d,4812,4812,52342193,2026-10-08T15:35:33Z,B,"log-reconstructed (no native legs, no ext payouts); not trace-checked",INFERRED,0.183399,0_to_lt1,1,0x867dbb1b6417abcb3696d5a5d9cc38cbf9f0f6d17355515fe1c8303e791832c4,ABSENT_NO_HOOK_ADDRESS,True,Aerodrome-V2|PancakeV3,True,UNMATCHED
0x58de748beda518cf8d5c1c37e9768b84cde6bb64ef516794b5eeecca83ccef7b,4815,4815,52342193,2026-10-08T15:35:33Z,B,"log-reconstructed (no native legs, no ext payouts); not trace-checked",MISSING,0.061085,0_to_lt1,1,0x1d8c55f347727c0fb4f5e1b65cdb93639e0c7102580a7d345e1144cd5a718f54,ABSENT_NO_HOOK_ADDRESS,True,PancakeV3,False,UNMATCHED
0xc9daee10edfb28d449baccf4b2402bc796b020555a584325e7c543dea63e59f6,4851,4851,52342195,2026-10-08T15:35:37Z,B,"log-reconstructed (no native legs, no ext payouts); not trace-checked",MISSING,0.086534,0_to_lt1,1,0x1d8c55f347727c0fb4f5e1b65cdb93639e0c7102580a7d345e1144cd5a718f54,ABSENT_NO_HOOK_ADDRESS,True,PancakeV3,False,UNMATCHED
0x42f523aec10f2862dff44466a132eebdbd9588b0175c2590f2c38d479ee281e4,4860,4860,52342195,2026-10-08T15:35:37Z,B,"log-reconstructed (no native legs, no ext payouts); not trace-checked",MISSING,0.224891,0_to_lt1,1,0xb24f7fcd75c3a001b74be4c60f181c024154c4d7c33097777e3950979042b073,ABSENT_NO_HOOK_ADDRESS,True,Aerodrome-Slipstream|PancakeV3,True,UNMATCHED
0xa8302676abc78e9dae7af91afe66fc3583fdc01eabd57f8e9a35825e3ba90cc2,4863,4863,52342196,2026-10-08T15:35:39Z,D,cyclic_v4_unresolved,MISSING,,kept_null,1,0x23daa22d82b17ba6204d6230506ad2a9d756cfaba4d7b4758237905e67afa370,ABSENT_NO_HOOK_ADDRESS,True,PancakeV3,False,UNMATCHED
0x310f479462d52d11995448949b2de5881373115f81a4fe39ccb94b7c0ca704e6,4867,4867,52342196,2026-10-08T15:35:39Z,B,"log-reconstructed (no native legs, no ext payouts); not trace-checked",MISSING,0.176079,0_to_lt1,1,0x1d8c55f347727c0fb4f5e1b65cdb93639e0c7102580a7d345e1144cd5a718f54,ABSENT_NO_HOOK_ADDRESS,True,PancakeV3,False,UNMATCHED
0x2be3820c43f98f20e931e010a9ca6a48cd2ac57df350be99089c1073c5960056,4886,4886,52342196,2026-10-08T15:35:39Z,B,"log-reconstructed (no native legs, no ext payouts); not trace-checked",MISSING,0.094291,0_to_lt1,1,0xb24f7fcd75c3a001b74be4c60f181c024154c4d7c33097777e3950979042b073,ABSENT_NO_HOOK_ADDRESS,True,Aerodrome-Slipstream|UniswapV3,True,UNMATCHED
0x8eed8ae2f50be28ee1ea42449659d2a070c61fb077516628acf84fec2e223a9f,4893,4893,52342196,2026-10-08T15:35:39Z,B,"log-reconstructed (no native legs, no ext payouts); not trace-checked",VERIFIED,0.026734,0_to_lt1,1,0xb24f7fcd75c3a001b74be4c60f181c024154c4d7c33097777e3950979042b073,ABSENT_NO_HOOK_ADDRESS,True,Aerodrome-V2|UniswapV3,True,UNMATCHED
0x910a278f20e93516d47a2a85e92c69fa91862fa2d8ab9bc3c63debc991a9453e,4906,4906,52342197,2026-10-08T15:35:41Z,B,"log-reconstructed (no native legs, no ext payouts); not trace-checked",VERIFIED,0.065981,0_to_lt1,1,0xa0675763947a930e3736cdb47b59713865a4d24be6f01f39bc79c2ed7d55b9b6,ABSENT_NO_HOOK_ADDRESS,True,Aerodrome-V2|UniswapV3,True,UNMATCHED
0xfdb87cff4f8e4054267fa49bc15df923b0dd1f1a0f2149ea6ef543aee6958da9,4911,4911,52342197,2026-10-08T15:35:41Z,B,"log-reconstructed (no native legs, no ext payouts); not trace-checked",VERIFIED,0.074512,0_to_lt1,1,0xe2654cc01616e962fbfcc4277c23062e59e70e39f87221d77b6d438705a5f286,ABSENT_NO_HOOK_ADDRESS,True,Aerodrome-V2|PancakeV3,True,UNMATCHED
0xe0767eb50f0143bf4c7b8c27d93c4e3a9e442262c4a6e919f6a666621d6c7ecb,4912,4912,52342198,2026-10-08T15:35:43Z,B,"log-reconstructed (no native legs, no ext payouts); not trace-checked",MISSING,0.046917,0_to_lt1,1,0x1d8c55f347727c0fb4f5e1b65cdb93639e0c7102580a7d345e1144cd5a718f54,ABSENT_NO_HOOK_ADDRESS,True,UniswapV3,False,UNMATCHED
0x36b2a3556063e4059de38d72c754e1245c8bb1dc8f4ab0fb835e2679a0514a9a,4935,4935,52342199,2026-10-08T15:35:45Z,B,"log-reconstructed (no native legs, no ext payouts); not trace-checked",MISSING,-0.032464,below_0,1,0x867dbb1b6417abcb3696d5a5d9cc38cbf9f0f6d17355515fe1c8303e791832c4,ABSENT_NO_HOOK_ADDRESS,True,PancakeV3|UniswapV3,True,UNMATCHED
0x44c368b356e6a11798f42279500cc7057bd4e6eab11924b41b7718169800a91a,4936,4936,52342200,2026-10-08T15:35:47Z,B,"log-reconstructed (no native legs, no ext payouts); not trace-checked",INFERRED,0.052021,0_to_lt1,1,0x87a44b2ff90d59448342017e80c513fd469c9f5edc34db815436a5d984000f52,ABSENT_NO_HOOK_ADDRESS,True,UniswapV2|UniswapV3,True,UNMATCHED
0x1930e2795e80c92e889fbf5717348212d7aaef8fce74b9b5f4822b110978e1da,4959,4959,52342203,2026-10-08T15:35:53Z,B,"log-reconstructed (no native legs, no ext payouts); not trace-checked",MISSING,0.090507,0_to_lt1,1,0x1d8c55f347727c0fb4f5e1b65cdb93639e0c7102580a7d345e1144cd5a718f54,ABSENT_NO_HOOK_ADDRESS,True,UniswapV3,False,UNMATCHED
0x7504de1cafe91a3211c6f4a5e634793be8e51500e38f230f6e02e45a76c52a44,4970,4970,52342205,2026-10-08T15:35:57Z,A,trace-verified native flows; all legs priced,MISSING,4.710802,1_to_lt25,1,0xb8fa9b30d8bc4cfa94d0228a7b57d613b53048838ce4e2d44033dae8cf1e03e2,ABSENT_NO_HOOK_ADDRESS,True,Aerodrome-Slipstream|Aerodrome-Slipstream3,True,UNMATCHED
0x518425446879095f972225cd11a09902fe49df3dfe5a0d511adc04009ea9c2e6,4979,4979,52342205,2026-10-08T15:35:57Z,B,"log-reconstructed (no native legs, no ext payouts); not trace-checked",VERIFIED,0.087129,0_to_lt1,1,0xb24f7fcd75c3a001b74be4c60f181c024154c4d7c33097777e3950979042b073,ABSENT_NO_HOOK_ADDRESS,True,Aerodrome-Slipstream|V3-type,True,UNMATCHED
0x35ec55da7c32bbc7b09cb640970af85767eb0bd11cd18829ef94577d447b503a,4980,4980,52342205,2026-10-08T15:35:57Z,A,trace-verified native flows; all legs priced,MISSING,4.083073,1_to_lt25,1,0xb8fa9b30d8bc4cfa94d0228a7b57d613b53048838ce4e2d44033dae8cf1e03e2,ABSENT_NO_HOOK_ADDRESS,True,UniswapV3,True,UNMATCHED
0xedbe01e9bb79b570c0098385f1fb808ee990060b353ef1b68ae074990956974e,4982,4982,52342205,2026-10-08T15:35:57Z,B,"log-reconstructed (no native legs, no ext payouts); not trace-checked",VERIFIED,0.131996,0_to_lt1,1,0x5454fb4fb8808296565c4d22f84b833cc7ef902fe11d35552d04bbf9d4a1f4bc,ABSENT_NO_HOOK_ADDRESS,True,UniswapV3,True,UNMATCHED
0x77b1a8af5ba3dd58de58f352d505d7e546ca21706a127e42def96f7319f776b4,5010,5010,52342206,2026-10-08T15:35:59Z,A,trace-verified native flows; all legs priced,MISSING,1.734643,1_to_lt25,1,0xb8fa9b30d8bc4cfa94d0228a7b57d613b53048838ce4e2d44033dae8cf1e03e2,ABSENT_NO_HOOK_ADDRESS,True,Aerodrome-Slipstream3|UniswapV3,True,PARTIAL_POOL_SET
0x2aa52b84f777b9d2b405ba640638d075e5d695eeda94d5edf336037b17f435b6,5020,5020,52342207,2026-10-08T15:36:01Z,B,"log-reconstructed (no native legs, no ext payouts); not trace-checked",MISSING,0.09066,0_to_lt1,1,0x5454fb4fb8808296565c4d22f84b833cc7ef902fe11d35552d04bbf9d4a1f4bc,ABSENT_NO_HOOK_ADDRESS,True,PancakeV3|UniswapV3,True,UNMATCHED
0x35d70a5a07877dc286337d2e2f11a8cb03bf365ed2543784d4d886c8692212f2,5022,5022,52342207,2026-10-08T15:36:01Z,B,"log-reconstructed (no native legs, no ext payouts); not trace-checked",MISSING,0.525681,0_to_lt1,1,0x5454fb4fb8808296565c4d22f84b833cc7ef902fe11d35552d04bbf9d4a1f4bc,ABSENT_NO_HOOK_ADDRESS,True,UniswapV3,True,UNMATCHED
0xbb7a296f88c84254c0f77aa03040ecdcc0f9611380aab953cc34a4036d361a7a,5029,5029,52342207,2026-10-08T15:36:01Z,B,"log-reconstructed (no native legs, no ext payouts); not trace-checked",INFERRED,0.029648,0_to_lt1,1,0xb8fa9b30d8bc4cfa94d0228a7b57d613b53048838ce4e2d44033dae8cf1e03e2,ABSENT_NO_HOOK_ADDRESS,True,Aerodrome-Slipstream|Aerodrome-Slipstream3,True,UNMATCHED
0x02872a6578c36a7cd2022b8b2800b5d1ad4ac6a6682527d967bcbd563e9334c1,5032,5032,52342207,2026-10-08T15:36:01Z,B,"log-reconstructed (no native legs, no ext payouts); not trace-checked",INFERRED,8.282783,1_to_lt25,1,0x4b095f294d8efca4b50b948865e68262025a68ba80e759b5b75cddb995c6b43f,ABSENT_NO_HOOK_ADDRESS,True,Aerodrome-Slipstream3,True,UNMATCHED
0x625fd68eb00a72118671aa77621cd238687f8298a62f5b78cef0185db6dffa26,5038,5038,52342208,2026-10-08T15:36:03Z,B,"log-reconstructed (no native legs, no ext payouts); not trace-checked",VERIFIED,0.020798,0_to_lt1,1,0xb8fa9b30d8bc4cfa94d0228a7b57d613b53048838ce4e2d44033dae8cf1e03e2,ABSENT_NO_HOOK_ADDRESS,True,PancakeV3|UniswapV3,True,UNMATCHED
0xef17d725befb64a77f9a2ce0bbc5fecd09db44c8ab76adedb58c4185db6f310f,5043,5043,52342209,2026-10-08T15:36:05Z,A,trace-verified native flows; all legs priced,MISSING,0.702909,0_to_lt1,1,0xc9c1898e8d5c2eea14419410815cfd43aab3d21d70ff6fda9a42ddf5e761b30d,ABSENT_NO_HOOK_ADDRESS,True,Aerodrome-Slipstream3,True,UNMATCHED
0x58db728f7b9c79f387a5de8ed39d8a2ec9023a28dd8f484e40bc8c88b3fbe824,5044,5044,52342209,2026-10-08T15:36:05Z,B,"log-reconstructed (no native legs, no ext payouts); not trace-checked",MISSING,0.066045,0_to_lt1,1,0xdce39c7ce5d03c4c6da36361072f2ba8817c7fd54efaf5dc59b3af3552da6eac,ABSENT_NO_HOOK_ADDRESS,True,UniswapV3,True,UNMATCHED
0x52fc4775829bd983b5a375cd9b1ebba5fafbfac297e48a9a4fd4e7aae604537c,5049,5049,52342211,2026-10-08T15:36:09Z,B,"log-reconstructed (no native legs, no ext payouts); not trace-checked",MISSING,0.029124,0_to_lt1,1,0x3d41453cf789e5f06ed1fdb96fd93f1c17d2aeb7722d509c84a382906d477708,ABSENT_NO_HOOK_ADDRESS,True,Aerodrome-V2|PancakeV3,True,UNMATCHED
0xfe81dba590b83f65169b5aa1497ceae6c29baf98f811a6dac8143b86a2382c36,5064,5064,52342213,2026-10-08T15:36:13Z,B,"log-reconstructed (no native legs, no ext payouts); not trace-checked",MISSING,0.026962,0_to_lt1,1,0xf13203ddbf2c9816a79b656a1a952521702715d92fea465b84ae2ed6e94a7f22,ABSENT_NO_HOOK_ADDRESS,True,UniswapV3,True,UNMATCHED
0x7bd9f5ab550e62a871b3f508bd00fb3b7f9c1915232d9a4c84c2f7889f53cf4b,5077,5077,52342216,2026-10-08T15:36:19Z,B,"log-reconstructed (no native legs, no ext payouts); not trace-checked",MISSING,0.022817,0_to_lt1,1,0xf13203ddbf2c9816a79b656a1a952521702715d92fea465b84ae2ed6e94a7f22,ABSENT_NO_HOOK_ADDRESS,True,AlgebraIntegral@0xc5396866,False,UNMATCHED
0x802e92f76ef16356d5e54b754374e8b9edb4d1dd5aa8d23ac7bd9e7697729982,5091,5091,52342219,2026-10-08T15:36:25Z,B,"log-reconstructed (no native legs, no ext payouts); not trace-checked",MISSING,0.023171,0_to_lt1,1,0xf13203ddbf2c9816a79b656a1a952521702715d92fea465b84ae2ed6e94a7f22,ABSENT_NO_HOOK_ADDRESS,True,UniswapV3,True,UNMATCHED
0xb800e7f4fc6aa82c001972719fd382bd629b100a01c76d1622d884c02164866c,5130,5130,52342241,2026-10-08T15:37:09Z,B,"log-reconstructed (no native legs, no ext payouts); not trace-checked",MISSING,0.018113,0_to_lt1,1,0xf13203ddbf2c9816a79b656a1a952521702715d92fea465b84ae2ed6e94a7f22,ABSENT_NO_HOOK_ADDRESS,True,Aerodrome-Slipstream|PancakeV3,False,UNMATCHED
0x535677abbb1d2e13270278a0013d23dca237cbbcbbc0fe395563cc298b07f57e,5138,5138,52342246,2026-10-08T15:37:19Z,B,"log-reconstructed (no native legs, no ext payouts); not trace-checked",MISSING,0.023311,0_to_lt1,1,0x1ae75d47a82b9a494899531737c55753c280a00cdbc1414d72824e0fbe178ad6,ABSENT_NO_HOOK_ADDRESS,True,Aerodrome-Slipstream|UniswapV3,True,UNMATCHED
0x25dca69399ecd0a0b47e9b701f67d317f5ccada8e567a3afa28d4abbbe528485,5163,5163,52342258,2026-10-08T15:37:43Z,B,"log-reconstructed (no native legs, no ext payouts); not trace-checked",VERIFIED,0.001717,0_to_lt1,1,0x473e3772bce95c4321cc46220627b3914122ad245436b271ff34aa61a88a613d,ABSENT_NO_HOOK_ADDRESS,True,Aerodrome-V2|SushiV2|UniswapV3,True,UNMATCHED
0xd74866f37848d519aaf3ef63a431b25a742a3d8c79d4ec76bb40f7a50b743c30,5165,5165,52342260,2026-10-08T15:37:47Z,A,trace-verified native flows; all legs priced,MISSING,0.065702,0_to_lt1,1,0x4b095f294d8efca4b50b948865e68262025a68ba80e759b5b75cddb995c6b43f,ABSENT_NO_HOOK_ADDRESS,True,Aerodrome-Slipstream3,True,UNMATCHED
0x48d07be85f481f1956cc318ff030f0b97d2d8eccfe3687ab9c76d975ca953bdf,5179,5179,52342269,2026-10-08T15:38:05Z,B,"log-reconstructed (no native legs, no ext payouts); not trace-checked",MISSING,0.039877,0_to_lt1,1,0xf13203ddbf2c9816a79b656a1a952521702715d92fea465b84ae2ed6e94a7f22,ABSENT_NO_HOOK_ADDRESS,True,Aerodrome-Slipstream,False,UNMATCHED
0x0af3feab60da1e3d3fe6d0cd0b95db99682e37111e129ef633c9a32188e538be,5197,5197,52342296,2026-10-08T15:38:59Z,B,"log-reconstructed (no native legs, no ext payouts); not trace-checked",MISSING,0.00147,0_to_lt1,1,0xfba2c4592d32a4e2e6393b8898f9110b4e272983f4bd416b38f81672a17fe3dc,ABSENT_NO_HOOK_ADDRESS,True,UniswapV3,True,UNMATCHED
0xbf6217ea4c0d9645a2c8b801d7ebba085067924c8f64348b13fbbcbeeedd2037,5216,5216,52342313,2026-10-08T15:39:33Z,D,cyclic_v4_unresolved,MISSING,,kept_null,2,0x72d7c134cabb5fc0e684d8e390c2e79757f1f8c296ef8a88024f2ab32b14a458|0x8a71465e76d736564b0c90f5cf3d0d7b69c461c36f69250ae27dbead147cc8f8,ABSENT_NO_HOOK_ADDRESS,True,,True,UNMATCHABLE
0x144eb2ebe10b37e7bdb7717236b80fe8878d62046de0f672625f9be84b4f6e60,5230,5230,52342321,2026-10-08T15:39:49Z,A,trace-verified native flows; all legs priced,MISSING,0.327739,0_to_lt1,1,0x3b92f4962d799934d24d114f3d7569f836d5d9af01bd92ecee613d5ba89f17a2,ABSENT_NO_HOOK_ADDRESS,True,Aerodrome-Slipstream|PancakeV3,True,UNMATCHED
0xf9c57cdd1c87ede3992f4c005d9cd0bb398e6c79ebdcab27f44383b4aaf64675,5232,5232,52342321,2026-10-08T15:39:49Z,B,"log-reconstructed (no native legs, no ext payouts); not trace-checked",MISSING,0.038513,0_to_lt1,3,0x090746351586a2880eb7eb2ca4a36646c10a9d8c862bce51ec51ccc9457b2351|0x4a5fc0d81ade0fcc8d04ae2154d492a86b70bb2dddb0bf27131621fcf1034e4e|0x51142b371789a787241c246b3a2655c0ca74a289146b63ae6ecbb3e6d7f15cb5,ABSENT_NO_HOOK_ADDRESS,True,Aerodrome-Slipstream|Aerodrome-Slipstream3,True,UNMATCHED
0xb963103a2af5261c0884e007b5cadb70097d769075ab2e49508774e2cec5f93f,5234,5234,52342322,2026-10-08T15:39:51Z,B,"log-reconstructed (no native legs, no ext payouts); not trace-checked",MISSING,0.016922,0_to_lt1,3,0x02875b2198ee2a6d5721cb6404d27ba88ccfead2e7d91d13e9624eeb506514b0|0x51142b371789a787241c246b3a2655c0ca74a289146b63ae6ecbb3e6d7f15cb5|0xa8c059913222fac156ff3b49d80ffba1292f8c38dc0187e3d87189e1d4cf4aa9,ABSENT_NO_HOOK_ADDRESS,True,Aerodrome-Slipstream|UniswapV3,True,UNMATCHED
0x8aa2d884481f8c16c4eb79aa1c6b0091108e4013a8ac5e0cfcd79d10810af19a,5237,5237,52342323,2026-10-08T15:39:53Z,B,"log-reconstructed (no native legs, no ext payouts); not trace-checked",MISSING,0.012201,0_to_lt1,3,0x51142b371789a787241c246b3a2655c0ca74a289146b63ae6ecbb3e6d7f15cb5|0x8986645cd0d1168cb472900e673433621b01d3e7af7ee7c317cbc6ea481a2c7d|0xb81fcc776d4761d77cc6efe31581d34dbce5e680f440354043d3549c97da574c,ABSENT_NO_HOOK_ADDRESS,True,Aerodrome-Slipstream,True,UNMATCHED
0xfc1327330f6de63c77736f763d18931c9fc19b069ac19af148dbd5669b0f579a,5242,5242,52342326,2026-10-08T15:39:59Z,B,"log-reconstructed (no native legs, no ext payouts); not trace-checked",MISSING,0.035489,0_to_lt1,1,0xf75abf8b552feb6cc784c1432b731276f253dff4b72ec0b2162444efca39a4a9,ABSENT_NO_HOOK_ADDRESS,True,PancakeV3|UniswapV2,True,UNMATCHED
0x6cfcaf0f9fe1ec48547276c6f919b50bf14d878b7af7e3e7055f762e46ac3c5d,5250,5250,52342330,2026-10-08T15:40:07Z,B,"log-reconstructed (no native legs, no ext payouts); not trace-checked",MISSING,0.027909,0_to_lt1,3,0x26b1cd2bb83e66882996e950932b67f9b8be555b9b9b56ac8f78b0d5ecd215d9|0x4faa9e94181e8c44bc7a46c5dd669be313043e191783b32de36ac05536cfd05b|0xe2a0c93c2702e6f468a534a89b546ba1808649037b52338067265debd67b4b6c,ABSENT_NO_HOOK_ADDRESS,True,,True,UNMATCHABLE
0xcd06be21e16945508703cc675e069869e0b6adb6bad82bdca62a885f42dc35c9,5260,5260,52342335,2026-10-08T15:40:17Z,B,"log-reconstructed (no native legs, no ext payouts); not trace-checked",MISSING,0.015334,0_to_lt1,1,0xf13203ddbf2c9816a79b656a1a952521702715d92fea465b84ae2ed6e94a7f22,ABSENT_NO_HOOK_ADDRESS,True,UniswapV3,True,UNMATCHED
0xdf2dcfed8bd8ab18875d843d80560a5abdc35c645209fa5b2bcc2273efb5b8b5,5264,5264,52342345,2026-10-08T15:40:37Z,B,"log-reconstructed (no native legs, no ext payouts); not trace-checked",MISSING,0.02237,0_to_lt1,1,0x02ef1f209275fd6c869ecd67dc8c362c7b227e0412a1df897f03493764c95cb0,ABSENT_NO_HOOK_ADDRESS,True,Aerodrome-Slipstream|UniswapV3,True,UNMATCHED
0x035a6dab06724fb5fa94cdd9dd2b87cf1e2bdb858dc91d1f9ad9155b19689b4f,5269,5269,52342347,2026-10-08T15:40:41Z,B,"log-reconstructed (no native legs, no ext payouts); not trace-checked",VERIFIED,0.201192,0_to_lt1,1,0xd9db5ff90ff8f8c7a42ba9e12b129c876c65cbb0ac63048959848562b9c46d3a,ABSENT_NO_HOOK_ADDRESS,True,Aerodrome-V2|UniswapV3,True,UNMATCHED
0xd15fb9e4b6c0b71ae28ad62117506ef221f2762a32ca647811a0e580de780005,5270,5270,52342347,2026-10-08T15:40:41Z,B,"log-reconstructed (no native legs, no ext payouts); not trace-checked",VERIFIED,0.141722,0_to_lt1,1,0xa0675763947a930e3736cdb47b59713865a4d24be6f01f39bc79c2ed7d55b9b6,ABSENT_NO_HOOK_ADDRESS,True,Aerodrome-V2|UniswapV3,True,UNMATCHED
0x625a72abd90c45b0bf506479e181af51929efcda9ff4d9044b23790378c20c49,5272,5272,52342347,2026-10-08T15:40:41Z,A,trace-verified native flows; all legs priced,INFERRED,2.156815,1_to_lt25,1,0x49fff8ec544984d862c0c322c83bc0cfb7a9a953a7d4d4d352a2aff27f7602cf,ABSENT_NO_HOOK_ADDRESS,True,Aerodrome-Slipstream|UniswapV3,False,PARTIAL_POOL_SET
0xcf044b35b1b4e7321048318dd03d1a703ec1d582507c696e185a38e219d7a081,5275,5275,52342355,2026-10-08T15:40:57Z,B,"log-reconstructed (no native legs, no ext payouts); not trace-checked",MISSING,0.021702,0_to_lt1,1,0x12d76c5c8ec8edffd3c143995b0aa43fe44a6d71eb9113796272909e54b8e078,ABSENT_NO_HOOK_ADDRESS,True,AlgebraIntegral@0x36077d39,False,UNMATCHED
0x088ba6d4c64e36563b1cdea881148a45f02ae4c39eacb7b404b11b02eef77ef9,5276,5276,52342360,2026-10-08T15:41:07Z,B,"log-reconstructed (no native legs, no ext payouts); not trace-checked",MISSING,0.008497,0_to_lt1,1,0xf13203ddbf2c9816a79b656a1a952521702715d92fea465b84ae2ed6e94a7f22,ABSENT_NO_HOOK_ADDRESS,True,UniswapV3,True,UNMATCHED
0xe2365c24220f1c63639768b34844c6edbff9df97ca75f69a54fea40a5e126e3a,5285,5285,52342365,2026-10-08T15:41:17Z,B,"log-reconstructed (no native legs, no ext payouts); not trace-checked",MISSING,0.092823,0_to_lt1,1,0xdce39c7ce5d03c4c6da36361072f2ba8817c7fd54efaf5dc59b3af3552da6eac,ABSENT_NO_HOOK_ADDRESS,True,Aerodrome-Slipstream3,True,UNMATCHED
0xf48d16f4a01545275b84bf4257030ac0fffb3347da94e4f48245cc9bb579657b,5296,5296,52342393,2026-10-08T15:42:13Z,B,"log-reconstructed (no native legs, no ext payouts); not trace-checked",MISSING,0.140315,0_to_lt1,1,0xdce39c7ce5d03c4c6da36361072f2ba8817c7fd54efaf5dc59b3af3552da6eac,ABSENT_NO_HOOK_ADDRESS,True,Aerodrome-Slipstream3,True,UNMATCHED
0x5c00daad4d6a82d4b8e1c35a815ce66c3aa583d3638e753c2bcf30a03fae90b0,5307,5307,52342413,2026-10-08T15:42:53Z,B,"log-reconstructed (no native legs, no ext payouts); not trace-checked",MISSING,0.01353,0_to_lt1,1,0xf13203ddbf2c9816a79b656a1a952521702715d92fea465b84ae2ed6e94a7f22,ABSENT_NO_HOOK_ADDRESS,True,Aerodrome-Slipstream3|UniswapV3,True,UNMATCHED
0x90458e42f6be768fc3a0e5ddc4ab63385e111c94e8436e0f5f775f0cf17ef689,5308,5308,52342416,2026-10-08T15:42:59Z,C,cyclic_profit_valuein,MISSING,,kept_null,1,0xb755c4d29df61df71ba0675ed54d418f3b74b474405a21907504ab90072e4636,ABSENT_NO_HOOK_ADDRESS,True,Aerodrome-Slipstream,True,UNMATCHED
0x2dbac6c5afc2539d7c9a72e1008074fede8760c69a2cb8a6dacdd9a57c8db1a2,5310,5310,52342423,2026-10-08T15:43:13Z,B,"log-reconstructed (no native legs, no ext payouts); not trace-checked",MISSING,0.019606,0_to_lt1,1,0xe4024bbc362ca8fea673bea67e77db64fd1fd7b7c844268cf17a3e7af506eccc,ABSENT_NO_HOOK_ADDRESS,True,UniswapV2,True,UNMATCHED
0x5bc81780a9bed689dd343e5d73a8aea6213cc9b92da9c534a92d1a244879c0f2,5311,5311,52342427,2026-10-08T15:43:21Z,B,"log-reconstructed (no native legs, no ext payouts); not trace-checked",MISSING,0.187297,0_to_lt1,3,0x264984e00973c1dd3e2e145687715f211568eb7685af5527bcee61a1e6812675|0x6a0f5830e56c0ad9dd425b3cf97f94e3c15b9a3b692b0bcd361840f262cd27b1|0xd36f09a0ef8915e903ce826de42a00c85ea97adc4cc71a5387a8da13c61dad21,ABSENT_NO_HOOK_ADDRESS,True,,True,UNMATCHABLE
0x70a9a65094ddd5c5c948a3ef512e4f8bb65fd1c35a3074f63aeb9a0b698b4277,5314,5314,52342435,2026-10-08T15:43:37Z,A,trace-verified native flows; all legs priced,MISSING,0.095793,0_to_lt1,1,0x99238ba4d88421b05e1edef899c974a944082de87326ad9448e2aa5f64bff98b,ABSENT_NO_HOOK_ADDRESS,True,UniswapV3,True,UNMATCHED
0x592711c4b55363d78eaf298cec26763a8e18e48ed7ab94870991402718792a02,5325,5325,52342471,2026-10-08T15:44:49Z,B,"log-reconstructed (no native legs, no ext payouts); not trace-checked",MISSING,0.090065,0_to_lt1,1,0xfba2c4592d32a4e2e6393b8898f9110b4e272983f4bd416b38f81672a17fe3dc,ABSENT_NO_HOOK_ADDRESS,True,UniswapV3,True,UNMATCHED
0x3815a7bf22415d55f18a8f80d4c30d79b3fecd51937812f3e12a84c4cf8edb31,5326,5326,52342471,2026-10-08T15:44:49Z,B,"log-reconstructed (no native legs, no ext payouts); not trace-checked",MISSING,0.150953,0_to_lt1,1,0xfba2c4592d32a4e2e6393b8898f9110b4e272983f4bd416b38f81672a17fe3dc,ABSENT_NO_HOOK_ADDRESS,True,UniswapV3,True,UNMATCHED
0x1b088f55b77601dff6bbb732ce6ff1c3d06c5d9e9b8da1731720f7e9c19f2d5a,5327,5327,52342472,2026-10-08T15:44:51Z,B,"log-reconstructed (no native legs, no ext payouts); not trace-checked",MISSING,0.017142,0_to_lt1,1,0x539a0eec22fa9f760acee8406db3685e3dbb844c7c8b5cecafd940c8fb597d49,ABSENT_NO_HOOK_ADDRESS,True,Aerodrome-Slipstream3,True,UNMATCHED
0xc4fb43c268de984963151359f4730109fdf4ef76cf1bf764099c7aac72f5f1cc,5335,5335,52342483,2026-10-08T15:45:13Z,B,"log-reconstructed (no native legs, no ext payouts); not trace-checked",MISSING,0.132602,0_to_lt1,1,0x7ab499964cc9de0b7e390afba5778291baf6f9881d1a0f4a8cf3b13fefd22522,ABSENT_NO_HOOK_ADDRESS,True,UniswapV3,True,UNMATCHED
0xb729e0eaf30d2627d35751522f0eeda21b88dbb45f6f2198028102aa83747d25,5336,5336,52342483,2026-10-08T15:45:13Z,B,"log-reconstructed (no native legs, no ext payouts); not trace-checked",MISSING,0.014267,0_to_lt1,1,0xf1fbe7db5023cd730ed4cfe0e1606503489a8e3e428331d08e7c42aa81e13a3c,ABSENT_NO_HOOK_ADDRESS,True,UniswapV3,True,UNMATCHED
0x71aec0235f408587cff19bcbe49dc8e53bad23abe5253d0e82f53176f01e98ad,5342,5342,52342490,2026-10-08T15:45:27Z,B,"log-reconstructed (no native legs, no ext payouts); not trace-checked",MISSING,0.013406,0_to_lt1,1,0x12d76c5c8ec8edffd3c143995b0aa43fe44a6d71eb9113796272909e54b8e078,ABSENT_NO_HOOK_ADDRESS,True,PancakeV3|UniswapV3,True,UNMATCHED
0x085935bd15572a23d8247de2459adef76ad476e8eea01cd2c24738570e6d5252,5345,5345,52342493,2026-10-08T15:45:33Z,B,"log-reconstructed (no native legs, no ext payouts); not trace-checked",MISSING,0.012887,0_to_lt1,1,0xdce39c7ce5d03c4c6da36361072f2ba8817c7fd54efaf5dc59b3af3552da6eac,ABSENT_NO_HOOK_ADDRESS,True,Aerodrome-Slipstream3,True,UNMATCHED
0x394e6d075e351bf10fec3e901639e9e537ea54d9007bbda543d785f978680c10,5348,5348,52342494,2026-10-08T15:45:35Z,B,"log-reconstructed (no native legs, no ext payouts); not trace-checked",MISSING,0.044813,0_to_lt1,3,0x51142b371789a787241c246b3a2655c0ca74a289146b63ae6ecbb3e6d7f15cb5|0x6f549e7b44e7146bb6edbb48c94c6281f81178fc4e2359e459aefd622d25da2a|0xa8c059913222fac156ff3b49d80ffba1292f8c38dc0187e3d87189e1d4cf4aa9,ABSENT_NO_HOOK_ADDRESS,True,Aerodrome-Slipstream,True,UNMATCHED
0x41417e391b6c8aaf4fbdc349ca205bdd8b34f67b43f47b8ee8faa33dcf19d920,5354,5354,52342516,2026-10-08T15:46:19Z,D,cyclic_v4_unresolved,MISSING,,kept_null,1,0x215b2146c3164aba3f5b18e8619b737c7f7dd11e5ba693646dcd9a336c5a30ba,ABSENT_NO_HOOK_ADDRESS,False,Aerodrome-Slipstream3,True,UNMATCHED
0xb7f07a26d239ed8f92d403199363135bbe3c2b6b7c8829ea237d1cecbcc1722c,5355,5355,52342516,2026-10-08T15:46:19Z,B,"log-reconstructed (no native legs, no ext payouts); not trace-checked",INFERRED,6.140962,1_to_lt25,1,0x8930762cccc36040f25fc29db58a8ec22e872a347260d992f39666a3cdce7e5a,ABSENT_NO_HOOK_ADDRESS,True,Aerodrome-Slipstream3|PancakeV3|UniswapV3,True,PARTIAL_POOL_SET
0xc1885fcf1b13180eaad0059a0faf651487bb417f70c9543e03a1860a1026fb06,5356,5356,52342516,2026-10-08T15:46:19Z,D,cyclic_v4_unresolved,INFERRED,,kept_null,2,0x215b2146c3164aba3f5b18e8619b737c7f7dd11e5ba693646dcd9a336c5a30ba|0x8930762cccc36040f25fc29db58a8ec22e872a347260d992f39666a3cdce7e5a,ABSENT_NO_HOOK_ADDRESS,True,UniswapV3,True,UNMATCHED
0x7d8668851c7fee1f44429d6aca720f5bc5731fdb8f1c29f08f7de350aaca150a,5357,5357,52342516,2026-10-08T15:46:19Z,D,cyclic_unknown_venue,MISSING,,kept_null,1,0x215b2146c3164aba3f5b18e8619b737c7f7dd11e5ba693646dcd9a336c5a30ba,ABSENT_NO_HOOK_ADDRESS,False,,False,UNMATCHABLE
0x7fa0664fb4f552f0a9fc725fa5f8af7535cd32ece70097c05929f6f4b4a9bb7a,5358,5358,52342523,2026-10-08T15:46:33Z,A,trace-verified native flows; all legs priced,INFERRED,7.933173,1_to_lt25,1,0x3b92f4962d799934d24d114f3d7569f836d5d9af01bd92ecee613d5ba89f17a2,ABSENT_NO_HOOK_ADDRESS,True,Aerodrome-Slipstream|Aerodrome-Slipstream3|UniswapV3,True,PARTIAL_POOL_SET
0xc8ea03a6eec2e6c1fcddfe2fbafd67d048708ca9f6e2bf0718c87ded90dbd7ee,5361,5361,52342523,2026-10-08T15:46:33Z,B,"log-reconstructed (no native legs, no ext payouts); not trace-checked",VERIFIED,0.200283,0_to_lt1,3,0x090746351586a2880eb7eb2ca4a36646c10a9d8c862bce51ec51ccc9457b2351|0x51142b371789a787241c246b3a2655c0ca74a289146b63ae6ecbb3e6d7f15cb5|0x5f45f5bf9c1832dda0e15831a9b76b26b4b46ec9c6b04a73eeb19effe302e678,ABSENT_NO_HOOK_ADDRESS,True,Aerodrome-Slipstream,True,UNMATCHED
0xa3aeda81fc03746118107cc665b7b4802e46330df15e8a763e4db9a7d3939e6e,5362,5362,52342523,2026-10-08T15:46:33Z,B,"log-reconstructed (no native legs, no ext payouts); not trace-checked",MISSING,0.055341,0_to_lt1,3,0x3079e74daf7f9e320124b077056ba2860cba95a0ce0ee30b16fb03d4cc3dcd91|0x4c43b8af20f7e5005be35698b642ccfa54f7b469d0e692ee5f4a9a4c9713e927|0x51142b371789a787241c246b3a2655c0ca74a289146b63ae6ecbb3e6d7f15cb5,ABSENT_NO_HOOK_ADDRESS,True,Aerodrome-Slipstream,True,UNMATCHED
0x83e0e04f47f8fe018f08d6dcd4677f8ee69dbdfec578e3540a9887ec3e3a5aea,5363,5363,52342523,2026-10-08T15:46:33Z,B,"log-reconstructed (no native legs, no ext payouts); not trace-checked",MISSING,0.052497,0_to_lt1,3,0x26b1cd2bb83e66882996e950932b67f9b8be555b9b9b56ac8f78b0d5ecd215d9|0x51142b371789a787241c246b3a2655c0ca74a289146b63ae6ecbb3e6d7f15cb5|0xe2a0c93c2702e6f468a534a89b546ba1808649037b52338067265debd67b4b6c,ABSENT_NO_HOOK_ADDRESS,True,Aerodrome-Slipstream,True,UNMATCHED
0x9520c5c4312ff8af00e3798c4d5243dc06186e3bdc3492dfa94cb204e093cba0,5364,5364,52342523,2026-10-08T15:46:33Z,B,"log-reconstructed (no native legs, no ext payouts); not trace-checked",MISSING,0.041293,0_to_lt1,3,0x4709e9e3d2df1e5398f351be519b18976a854a9d1451314e18cb5a47a07e77ec|0x51142b371789a787241c246b3a2655c0ca74a289146b63ae6ecbb3e6d7f15cb5|0xe7ef2d2910a67d43bdd3a945cad304bb06016fc8a589e438b4cff97c2db22c10,ABSENT_NO_HOOK_ADDRESS,True,Aerodrome-Slipstream,True,UNMATCHED
0x18b918490909749bb44758a133e88de0242cbecd5004f63553a2e48df9f079aa,5365,5365,52342523,2026-10-08T15:46:33Z,B,"log-reconstructed (no native legs, no ext payouts); not trace-checked",MISSING,0.025858,0_to_lt1,3,0x51142b371789a787241c246b3a2655c0ca74a289146b63ae6ecbb3e6d7f15cb5|0x8986645cd0d1168cb472900e673433621b01d3e7af7ee7c317cbc6ea481a2c7d|0xb81fcc776d4761d77cc6efe31581d34dbce5e680f440354043d3549c97da574c,ABSENT_NO_HOOK_ADDRESS,True,Aerodrome-Slipstream,True,UNMATCHED
0x0acd1034b299f99b8ecf355d19f3bd35b0656c46585e3de5fb4b758ef6550aac,5372,5372,52342529,2026-10-08T15:46:45Z,B,"log-reconstructed (no native legs, no ext payouts); not trace-checked",MISSING,0.132843,0_to_lt1,1,0x49fff8ec544984d862c0c322c83bc0cfb7a9a953a7d4d4d352a2aff27f7602cf,ABSENT_NO_HOOK_ADDRESS,True,V3-type@0x70fe4a44,False,UNMATCHED
0x2fa811e24d0fa61defd734d37c5ac9a19429b1af03f92d12067c02a62fa3d45b,5373,5373,52342529,2026-10-08T15:46:45Z,B,"log-reconstructed (no native legs, no ext payouts); not trace-checked",MISSING,0.039813,0_to_lt1,1,0x49fff8ec544984d862c0c322c83bc0cfb7a9a953a7d4d4d352a2aff27f7602cf,ABSENT_NO_HOOK_ADDRESS,True,AlgebraIntegral@0xc5396866,False,UNMATCHED
0xa3ce274d2bb90fbad8c2159bede9bae04011301c3d8fa0a0f71f022b2a49ac4f,5374,5374,52342529,2026-10-08T15:46:45Z,B,"log-reconstructed (no native legs, no ext payouts); not trace-checked",MISSING,0.048381,0_to_lt1,1,0xe1d05fe2b899df927bc67e5eedaccb95d06bf7c769ed68469bb773615f2401f8,ABSENT_NO_HOOK_ADDRESS,True,Aerodrome-Slipstream,False,UNMATCHED
0x7072c22c6c8eb5c17471856e9d38202a7b99f2112b5f08e5bcbafe703eac79db,5375,5375,52342529,2026-10-08T15:46:45Z,B,"log-reconstructed (no native legs, no ext payouts); not trace-checked",MISSING,0.066869,0_to_lt1,1,0xf13203ddbf2c9816a79b656a1a952521702715d92fea465b84ae2ed6e94a7f22,ABSENT_NO_HOOK_ADDRESS,True,Aerodrome-Slipstream,False,UNMATCHED
0xd14628e39f77a0eb4c7c3e209c13fbf89f6157817179a4559d027ae78c3a35b2,5376,5376,52342529,2026-10-08T15:46:45Z,B,"log-reconstructed (no native legs, no ext payouts); not trace-checked",MISSING,0.053162,0_to_lt1,1,0xe1d05fe2b899df927bc67e5eedaccb95d06bf7c769ed68469bb773615f2401f8,ABSENT_NO_HOOK_ADDRESS,True,Aerodrome-Slipstream,False,UNMATCHED
0xe6018c26b7e87ca8002868c3d87653fc28c58cd0a9adcf94bab8ed2d9b49e3b4,5392,5392,52342590,2026-10-08T15:48:47Z,A,trace-verified native flows; all legs priced,MISSING,0.477724,0_to_lt1,1,0x42730ed0d8195b1310679903ad1c5705fbc743a23515d13205bf1f510baf2aeb,ABSENT_NO_HOOK_ADDRESS,True,Aerodrome-Slipstream3,True,UNMATCHED
0x6b433c783d93cedb8afd5949af9fafacf5dad311211cd6765fa1c89d4ad76c80,5393,5393,52342590,2026-10-08T15:48:47Z,D,cyclic_v4_unresolved,INFERRED,,kept_null,2,0x69bbadafdb28b6952c2910bed1d49fb1b11a222cbf36143fc1aca3c26b35c28e|0xf1ae96f0eee23bf2d8e50eb50176ee9c92860f54beaec6b838fd32b684df69e8,ABSENT_NO_HOOK_ADDRESS,True,PancakeV3,True,UNMATCHED
0x5ea309eb7f508795ca9ccbbfc53ebfd51a677678fc4d87491344f84c92d3ced0,5405,5405,52342625,2026-10-08T15:49:57Z,B,"log-reconstructed (no native legs, no ext payouts); not trace-checked",MISSING,0.024058,0_to_lt1,1,0x42730ed0d8195b1310679903ad1c5705fbc743a23515d13205bf1f510baf2aeb,ABSENT_NO_HOOK_ADDRESS,True,Aerodrome-Slipstream3,True,UNMATCHED
0x5a48384635e2893a85cc442fb048668c7e1ac32c4a16315a02ac0b80a82b5ba3,5406,5406,52342625,2026-10-08T15:49:57Z,B,"log-reconstructed (no native legs, no ext payouts); not trace-checked",VERIFIED,0.018089,0_to_lt1,1,0x42730ed0d8195b1310679903ad1c5705fbc743a23515d13205bf1f510baf2aeb,ABSENT_NO_HOOK_ADDRESS,True,Aerodrome-Slipstream3,True,UNMATCHED
0xda41e1b31fe050a001e0dfce06624c9171e0f0ff11e8266bf309b17d11d5e016,5409,5409,52342632,2026-10-08T15:50:11Z,B,"log-reconstructed (no native legs, no ext payouts); not trace-checked",MISSING,0.148934,0_to_lt1,1,0x867dbb1b6417abcb3696d5a5d9cc38cbf9f0f6d17355515fe1c8303e791832c4,ABSENT_NO_HOOK_ADDRESS,True,Aerodrome-V2|UniswapV3,True,UNMATCHED
0xe1ef8118f26f230044e560d2180565e273bfb17d089e725f504d438f6127de7f,5410,5410,52342632,2026-10-08T15:50:11Z,B,"log-reconstructed (no native legs, no ext payouts); not trace-checked",MISSING,0.0401,0_to_lt1,1,0x867dbb1b6417abcb3696d5a5d9cc38cbf9f0f6d17355515fe1c8303e791832c4,ABSENT_NO_HOOK_ADDRESS,True,Aerodrome-V2,True,UNMATCHED
0xcd5d579cf6a6addbd234a09222815894deaa45dbab087f4bc530c7fa902f0c2d,5414,5414,52342660,2026-10-08T15:51:07Z,A,trace-verified native flows; all legs priced,INFERRED,0.838013,0_to_lt1,1,0x3b92f4962d799934d24d114f3d7569f836d5d9af01bd92ecee613d5ba89f17a2,ABSENT_NO_HOOK_ADDRESS,True,Aerodrome-Slipstream|PancakeV3|UniswapV3,True,PARTIAL_POOL_SET
0x36122ca0a625d7d70728c5f6dfd2594ea56baea2290fa9a64224e40e706d890a,5415,5415,52342660,2026-10-08T15:51:07Z,B,"log-reconstructed (no native legs, no ext payouts); not trace-checked",MISSING,0.057214,0_to_lt1,1,0xf13203ddbf2c9816a79b656a1a952521702715d92fea465b84ae2ed6e94a7f22,ABSENT_NO_HOOK_ADDRESS,True,Aerodrome-Slipstream|Aerodrome-V2|UniswapV3,True,UNMATCHED
0xc1207811becbb8ef599224294d1a54894e48a9baf8465ffe3c41819ef5cf49ce,5417,5417,52342665,2026-10-08T15:51:17Z,B,"log-reconstructed (no native legs, no ext payouts); not trace-checked",MISSING,0.022191,0_to_lt1,1,0x49fff8ec544984d862c0c322c83bc0cfb7a9a953a7d4d4d352a2aff27f7602cf,ABSENT_NO_HOOK_ADDRESS,True,V3-type@0x70fe4a44,False,UNMATCHED
0x06f398cfb27a223561bdce2d01c45b7e73eb7deb9d37b1a48af7632eaa07a401,5422,5422,52342689,2026-10-08T15:52:05Z,B,"log-reconstructed (no native legs, no ext payouts); not trace-checked",MISSING,0.050133,0_to_lt1,1,0xf13203ddbf2c9816a79b656a1a952521702715d92fea465b84ae2ed6e94a7f22,ABSENT_NO_HOOK_ADDRESS,True,Aerodrome-Slipstream|PancakeV3,False,UNMATCHED
0xf77eda29628bebbc386bde3e38366f1270c1fc2c9c0674d24608fa0cd1a6d1e0,5424,5424,52342696,2026-10-08T15:52:19Z,B,"log-reconstructed (no native legs, no ext payouts); not trace-checked",MISSING,0.016703,0_to_lt1,2,0x49fff8ec544984d862c0c322c83bc0cfb7a9a953a7d4d4d352a2aff27f7602cf|0xf13203ddbf2c9816a79b656a1a952521702715d92fea465b84ae2ed6e94a7f22,ABSENT_NO_HOOK_ADDRESS,True,,False,UNMATCHABLE
0x673013b6d10fc07cd4986807590de0534fd7bbcdcbda74b0de9f95867f98e8fe,5430,5430,52342728,2026-10-08T15:53:23Z,B,"log-reconstructed (no native legs, no ext payouts); not trace-checked",VERIFIED,0.139935,0_to_lt1,4,0x0d7907a60607d885d5d267d70bb1abff723b43cb4ff61f4554803d823a004232|0x4d1205a8fb65bb536b13d37dd6f6d73238d23e62c9d38c35a5056ba538f5a446|0xbc54f29340d137e830aeb3bb0fe9151c226dc9a09a606f46b97ac0ce310a47de|0xd66e1a106d9344dd6eabe03c4406454e115bd74f892eab48d002bee0186091cd,ABSENT_NO_HOOK_ADDRESS,True,,True,UNMATCHABLE
0x2bbd75311c459da407ce1f663ad1df08e6e4a1c6a43518454f09b9ee8859f233,5431,5431,52342729,2026-10-08T15:53:25Z,B,"log-reconstructed (no native legs, no ext payouts); not trace-checked",INFERRED,0.111244,0_to_lt1,1,0x636da53e0251b3cb0b4d10dbaff488b294f97bd5212b7e2a7c1bc3fb57fd6e31,ABSENT_NO_HOOK_ADDRESS,True,UniswapV3,True,UNMATCHED
0x5f5ec642f72103a65a3850810877282899871c257ec2357f8da20b36e07d6bdd,5445,5445,52342786,2026-10-08T15:55:19Z,D,cyclic_unknown_venue,VERIFIED,,kept_null,1,0xbb2aefc6c55a0464b944c0478869527ba1a537f05f90a1bb82e1196c6e9403e2,ABSENT_NO_HOOK_ADDRESS,False,Aerodrome-Slipstream3,False,UNMATCHED
0x5454dcec7e59d039a399aebf42a07708b67c48606903e42b053b0fc636bbe274,5446,5446,52342786,2026-10-08T15:55:19Z,D,cyclic_unknown_venue,VERIFIED,,kept_null,1,0xbb2aefc6c55a0464b944c0478869527ba1a537f05f90a1bb82e1196c6e9403e2,ABSENT_NO_HOOK_ADDRESS,False,Aerodrome-Slipstream3,False,UNMATCHED
0x464f6f2c753109524255c2aae2c483b68e3303ee932a19026fa96e97a758b77d,5448,5448,52342787,2026-10-08T15:55:21Z,D,cyclic_unknown_venue,VERIFIED,,kept_null,1,0xbb2aefc6c55a0464b944c0478869527ba1a537f05f90a1bb82e1196c6e9403e2,ABSENT_NO_HOOK_ADDRESS,False,Aerodrome-Slipstream3,False,UNMATCHED
0xb0182ca1bb4e616db3fc2b04cc27c26e6a5d88c75f1b9b79029d7bd4ec3dbe8c,5449,5449,52342787,2026-10-08T15:55:21Z,D,cyclic_unknown_venue,VERIFIED,,kept_null,1,0xbb2aefc6c55a0464b944c0478869527ba1a537f05f90a1bb82e1196c6e9403e2,ABSENT_NO_HOOK_ADDRESS,False,Aerodrome-Slipstream3,False,UNMATCHED
0xbbe0a5ff34e1746425d744c8914d4fffc6216e5567d759d3eea58da3bf9df821,5453,5453,52342789,2026-10-08T15:55:25Z,A,trace-verified native flows; all legs priced,MISSING,0.027743,0_to_lt1,1,0x42e0452e7ce8557b889af78f0fefff309f193028824910ebbce863a06c240033,ABSENT_NO_HOOK_ADDRESS,True,Aerodrome-V2,True,UNMATCHED
0xef4d0dd767df9740c6225186774ab9b70248b1ca0bad4c0c0e729d9113b72bc5,5456,5456,52342790,2026-10-08T15:55:27Z,D,cyclic_v4_unresolved,MISSING,,kept_null,1,0xd316152008e12105594c32686b9d0401fd2c60ca4805c84f280069d218b771a8,ABSENT_NO_HOOK_ADDRESS,True,Aerodrome-V2|UniswapV3,True,UNMATCHED
0xcc6333c699900276fce5433b6426f0d3fea8e1d41db2e9a45651be7fc15eaa94,5457,5457,52342790,2026-10-08T15:55:27Z,D,cyclic_v4_unresolved,INFERRED,,kept_null,1,0xd316152008e12105594c32686b9d0401fd2c60ca4805c84f280069d218b771a8,ABSENT_NO_HOOK_ADDRESS,True,Aerodrome-V2|PancakeV3,True,UNMATCHED
0x7a95e9465482b1c7240406bdde96992795e40e013e4ab20714667b489d39deab,5458,5458,52342791,2026-10-08T15:55:29Z,B,"log-reconstructed (no native legs, no ext payouts); not trace-checked",VERIFIED,0.104373,0_to_lt1,1,0x064a5df2ecfcb7c05779b147aa38e4b0e91c966267fbdbc8cf16addd83636b13,ABSENT_NO_HOOK_ADDRESS,True,Aerodrome-V2,True,UNMATCHED
0x4e4ff530329658d0ff18464fae9c49d15a05dfe322290f9e0dffc031d3def7e0,5467,5467,52342815,2026-10-08T15:56:17Z,B,"log-reconstructed (no native legs, no ext payouts); not trace-checked",MISSING,0.101333,0_to_lt1,4,0x0d7907a60607d885d5d267d70bb1abff723b43cb4ff61f4554803d823a004232|0x4d1205a8fb65bb536b13d37dd6f6d73238d23e62c9d38c35a5056ba538f5a446|0xbc54f29340d137e830aeb3bb0fe9151c226dc9a09a606f46b97ac0ce310a47de|0xd66e1a106d9344dd6eabe03c4406454e115bd74f892eab48d002bee0186091cd,ABSENT_NO_HOOK_ADDRESS,True,,True,UNMATCHABLE
0xaaeb3c5e5108ca0add18f7e0564bc75630c214596ad2138674ca7cbdc26d0626,5473,5473,52342833,2026-10-08T15:56:53Z,B,"log-reconstructed (no native legs, no ext payouts); not trace-checked",MISSING,0.113719,0_to_lt1,1,0x867dbb1b6417abcb3696d5a5d9cc38cbf9f0f6d17355515fe1c8303e791832c4,ABSENT_NO_HOOK_ADDRESS,True,Aerodrome-Slipstream|Aerodrome-V2,True,UNMATCHED
0x06e71194cbce5bbd9ca226adfa62af93c6e6732f72c63c46dbcab97438ca51f9,5477,5477,52342835,2026-10-08T15:56:57Z,B,"log-reconstructed (no native legs, no ext payouts); not trace-checked",MISSING,0.146085,0_to_lt1,1,0x867dbb1b6417abcb3696d5a5d9cc38cbf9f0f6d17355515fe1c8303e791832c4,ABSENT_NO_HOOK_ADDRESS,True,Aerodrome-Slipstream|Aerodrome-V2,True,UNMATCHED
0x7aa2d586bd2355cea816cb922add9fa16b9247c10a5637d76b22ca7a38faed72,5502,5502,52342924,2026-10-08T15:59:55Z,B,"log-reconstructed (no native legs, no ext payouts); not trace-checked",MISSING,0.566652,0_to_lt1,1,0x867dbb1b6417abcb3696d5a5d9cc38cbf9f0f6d17355515fe1c8303e791832c4,ABSENT_NO_HOOK_ADDRESS,True,Aerodrome-Slipstream|Aerodrome-V2|UniswapV3,True,UNMATCHED
0x700567d8e12fdeb4b7bc3690cf06655670f53c2c93afe60ff727d9da7a7071a1,5506,5506,52342943,2026-10-08T16:00:33Z,A,trace-verified native flows; all legs priced,INFERRED,19.14045,1_to_lt25,1,0x381c95740e3e5a23d66b9757ade02d85e8810e3711f20aaa15c37e06963ab747,ABSENT_NO_HOOK_ADDRESS,True,Aerodrome-Slipstream|UniswapV3,True,UNMATCHED
0x7d35ce366f32bffcaa4387385d8049529308252abbbea5d796bde72ac55dbead,5507,5507,52342943,2026-10-08T16:00:33Z,B,"log-reconstructed (no native legs, no ext payouts); not trace-checked",INFERRED,6.612136,1_to_lt25,1,0x4372af79b5dc09a8b0807bfa97d36e764fcee4b0a6b59f8312fd9f6e775949e1,ABSENT_NO_HOOK_ADDRESS,True,Aerodrome-Slipstream|UniswapV3,True,UNMATCHED
0x3cb210c475a9abef25dc839d98455783aac8a408f1f8a0531d03383ee6629149,5510,5510,52342944,2026-10-08T16:00:35Z,B,"log-reconstructed (no native legs, no ext payouts); not trace-checked",MISSING,0.137806,0_to_lt1,1,0x44cadd922fcc607b28b38e1bb2af294eb8cc8e684980b5371b863c5e059d029d,ABSENT_NO_HOOK_ADDRESS,True,UniswapV3,True,UNMATCHED
0xcc3f4a62b49cf2b280746321f1e00cd406adc44f9267d78fd7b92330e271937e,5512,5512,52342952,2026-10-08T16:00:51Z,B,"log-reconstructed (no native legs, no ext payouts); not trace-checked",MISSING,0.138811,0_to_lt1,1,0x867dbb1b6417abcb3696d5a5d9cc38cbf9f0f6d17355515fe1c8303e791832c4,ABSENT_NO_HOOK_ADDRESS,True,Aerodrome-V2,True,UNMATCHED
0x51d8aefd146b94337fe688d4716b1e56e0223609892cee92839474a0ca5ce2d9,5544,5544,52342988,2026-10-08T16:02:03Z,D,cyclic_unknown_venue,VERIFIED,,kept_null,1,0xbb2aefc6c55a0464b944c0478869527ba1a537f05f90a1bb82e1196c6e9403e2,ABSENT_NO_HOOK_ADDRESS,False,PancakeV3,False,UNMATCHED
0x7a32bafc72688ab562870d14d5aa1f2609fab8ff0ec06afbe8cd63d11909b51c,5563,5563,52342994,2026-10-08T16:02:15Z,D,cyclic_unknown_venue,VERIFIED,,kept_null,1,0xbb2aefc6c55a0464b944c0478869527ba1a537f05f90a1bb82e1196c6e9403e2,ABSENT_NO_HOOK_ADDRESS,False,Aerodrome-Slipstream3,False,UNMATCHED
0xb1d9718714cfd526c1e60cc6c11b0ef27ce48bb7ff6545760b0f01944b658201,5572,5572,52342996,2026-10-08T16:02:19Z,B,"log-reconstructed (no native legs, no ext payouts); not trace-checked",MISSING,0.03368,0_to_lt1,1,0x867dbb1b6417abcb3696d5a5d9cc38cbf9f0f6d17355515fe1c8303e791832c4,ABSENT_NO_HOOK_ADDRESS,True,Aerodrome-V2|UniswapV3,False,UNMATCHED
0x047b071820cfaf89fea7785bb2432b2a6474bec75754c24d4299a995945ed9a4,5585,5585,52343029,2026-10-08T16:03:25Z,B,"log-reconstructed (no native legs, no ext payouts); not trace-checked",MISSING,0.030236,0_to_lt1,1,0x7df2d59c764b290a2629e09b42773703fd1e575338f834b5ec28529299421edc,ABSENT_NO_HOOK_ADDRESS,True,Aerodrome-V2|PancakeV3,True,UNMATCHED
0x25b5c3c73baf930c92f38d63a6f1a1375b161b132dd9a3d119d752fd138e4627,5587,5587,52343032,2026-10-08T16:03:31Z,B,"log-reconstructed (no native legs, no ext payouts); not trace-checked",MISSING,0.059099,0_to_lt1,1,0x7df2d59c764b290a2629e09b42773703fd1e575338f834b5ec28529299421edc,ABSENT_NO_HOOK_ADDRESS,True,Aerodrome-V2|PancakeV3,True,UNMATCHED
0xc565fef440bc24656e858a36d11199f31bf4edd5ac5d799a54abc1702252ddd5,5595,5595,52343041,2026-10-08T16:03:49Z,B,"log-reconstructed (no native legs, no ext payouts); not trace-checked",MISSING,0.005646,0_to_lt1,1,0x50bed21d99bfbf86f004663c1c9a73d17dc420340170a3baa1d76c5464d4b932,ABSENT_NO_HOOK_ADDRESS,True,PancakeV3,True,UNMATCHED
0x00ab42d907dd7cc5854890f946534eeb01cf79976e117fac6a5b37170a949edb,5598,5598,52343046,2026-10-08T16:03:59Z,B,"log-reconstructed (no native legs, no ext payouts); not trace-checked",MISSING,0.031423,0_to_lt1,1,0x12d76c5c8ec8edffd3c143995b0aa43fe44a6d71eb9113796272909e54b8e078,ABSENT_NO_HOOK_ADDRESS,True,Aerodrome-Slipstream3|PancakeV3|UniswapV3,True,UNMATCHED
0x0a06cf26e1eebe85e4b8e47dc43132baa65fe49e159fb0bdd2f3ae3c0bfd66f4,5607,5607,52343087,2026-10-08T16:05:21Z,D,cyclic_v4_unresolved,MISSING,,kept_null,2,0x5c2e6e8d4fe7f9101ff21ac6962bba7d061e7d4129b0d6d9fbb5d3841fd7757e|0xdff52d42a3a0e357dee7e4d0a5fb889e2bd3797676f05a4b1d964dcb7ef788a8,ABSENT_NO_HOOK_ADDRESS,True,Aerodrome-Slipstream,True,UNMATCHED
0xca3239387235cf204541a4faf34c0dada03653353998f27d45262baff36622c4,5610,5610,52343103,2026-10-08T16:05:53Z,B,"log-reconstructed (no native legs, no ext payouts); not trace-checked",MISSING,0.382985,0_to_lt1,1,0x10e217df7171e3f1e76b97fada0737db9ba82ee1a34e74cbce963bf702f8f836,ABSENT_NO_HOOK_ADDRESS,True,PancakeV3|UniswapV3,True,UNMATCHED
0xb39c933de5f8f9db4e4080058716a7c0328f5a0906fd53b175a527645bb2c36d,5611,5611,52343103,2026-10-08T16:05:53Z,B,"log-reconstructed (no native legs, no ext payouts); not trace-checked",MISSING,0.003669,0_to_lt1,1,0x2755264ae01c15fb87027c9bef6ab66bbeefc16c2cd77097900e388fd3cb4592,ABSENT_NO_HOOK_ADDRESS,True,UniswapV3,True,UNMATCHED
0x77fd69b5106a72d2bc7bb8a92cd94f6a8421264d11966a3750aef35ba552e8b3,5657,5657,52343143,2026-10-08T16:07:13Z,B,"log-reconstructed (no native legs, no ext payouts); not trace-checked",MISSING,0.118005,0_to_lt1,1,0x7681c00520c26da8d8970c21a65461c726f274068eb08743debc1178e697044e,ABSENT_NO_HOOK_ADDRESS,True,Aerodrome-Slipstream|PancakeV3,False,UNMATCHED
0x02ded29768b1add84f65a2d2f6f17630b0ee03d4e179bad9aff3d397c91d1401,5658,5658,52343143,2026-10-08T16:07:13Z,B,"log-reconstructed (no native legs, no ext payouts); not trace-checked",MISSING,0.062452,0_to_lt1,1,0xfba2c4592d32a4e2e6393b8898f9110b4e272983f4bd416b38f81672a17fe3dc,ABSENT_NO_HOOK_ADDRESS,True,AlgebraIntegral@0xc5396866,False,UNMATCHED
0xc1124a07c31a63576beb9e2042f78b71f18d335381ca22c3a37df21f40c4a88a,5670,5670,52343187,2026-10-08T16:08:41Z,D,cyclic_v4_unresolved,INFERRED,,kept_null,1,0x215b2146c3164aba3f5b18e8619b737c7f7dd11e5ba693646dcd9a336c5a30ba,ABSENT_NO_HOOK_ADDRESS,False,UniswapV3,True,UNMATCHED
0x4a2374d0a76826cec419d77f2c2056b24b0f9f2f377759b0268f25a846639c2a,5672,5672,52343189,2026-10-08T16:08:45Z,B,"log-reconstructed (no native legs, no ext payouts); not trace-checked",MISSING,0.03468,0_to_lt1,1,0xe0bd164bed669a7aff3a7a42637f81bf2af6aef6892c841b9e60733ab8cbed25,ABSENT_NO_HOOK_ADDRESS,True,Aerodrome-Slipstream,True,UNMATCHED
0xc2af278b0b7b018c5219269ba88f6aeeaee5279ff562160dc2f3f4a4e8637c8d,5683,5683,52343250,2026-10-08T16:10:47Z,B,"log-reconstructed (no native legs, no ext payouts); not trace-checked",MISSING,0.099569,0_to_lt1,1,0xf97db19953c4309b3af2ceb9cce172939e8868321a24656667d44cccb31c9ddc,ABSENT_NO_HOOK_ADDRESS,True,Aerodrome-Slipstream3|PancakeV3|UniswapV3,True,UNMATCHED
0xdeb168d1f1d7289963be27c23766c803d34c77bb7a6f00a134786fa1886e916d,5691,5691,52343264,2026-10-08T16:11:15Z,B,"log-reconstructed (no native legs, no ext payouts); not trace-checked",MISSING,0.213316,0_to_lt1,1,0x381c95740e3e5a23d66b9757ade02d85e8810e3711f20aaa15c37e06963ab747,ABSENT_NO_HOOK_ADDRESS,True,Aerodrome-Slipstream3|UniswapV3,True,UNMATCHED
0x147ba37eb4da80624396ba01d7b442edc16857cc93156a24d15cc35bf4d1510d,5696,5696,52343285,2026-10-08T16:11:57Z,B,"log-reconstructed (no native legs, no ext payouts); not trace-checked",MISSING,0.011005,0_to_lt1,2,0x49fff8ec544984d862c0c322c83bc0cfb7a9a953a7d4d4d352a2aff27f7602cf|0xf13203ddbf2c9816a79b656a1a952521702715d92fea465b84ae2ed6e94a7f22,ABSENT_NO_HOOK_ADDRESS,True,,False,UNMATCHABLE
0x4be27c3364ecf99116b76def534678ec3505c7df3d2a23b3e8d044525d70c26d,5711,5711,52343364,2026-10-08T16:14:35Z,A,trace-verified native flows; all legs priced,INFERRED,18.75946,1_to_lt25,1,0x42e0452e7ce8557b889af78f0fefff309f193028824910ebbce863a06c240033,ABSENT_NO_HOOK_ADDRESS,True,Aerodrome-V2|UniswapV3,True,PARTIAL_POOL_SET
0xfc7e304141dda463f4a366e1769a1b25db3a2fb210abe8920860352e3d6813df,5712,5712,52343364,2026-10-08T16:14:35Z,D,cyclic_v4_unresolved,MISSING,,kept_null,1,0xd316152008e12105594c32686b9d0401fd2c60ca4805c84f280069d218b771a8,ABSENT_NO_HOOK_ADDRESS,True,Aerodrome-Slipstream3|Aerodrome-V2,True,UNMATCHED
0x76f45ccee9b615d48f2f1b348a6e228cecc09cb28f92f6f7e3b45800ed4ccb75,5714,5714,52343377,2026-10-08T16:15:01Z,D,cyclic_v4_unresolved,MISSING,,kept_null,1,0x96d4b53a38337a5733179751781178a2613306063c511b78cd02684739288c0a,ABSENT_NO_HOOK_ADDRESS,True,UniswapV3|V2-type@0x2ee28d1b,True,UNMATCHED
0x97c34e79261d662009ba10bdaffabc943384105e76535951cad80279bc3a42d7,5733,5733,52343438,2026-10-08T16:17:03Z,A,trace-verified native flows; all legs priced,MISSING,3.058836,1_to_lt25,1,0xf97db19953c4309b3af2ceb9cce172939e8868321a24656667d44cccb31c9ddc,ABSENT_NO_HOOK_ADDRESS,True,PancakeV3,False,UNMATCHED
0x4268e420efb6ff62fe63b761a1722cb9a916a4d25512f428409d5a70b39fc15e,5740,5740,52343445,2026-10-08T16:17:17Z,B,"log-reconstructed (no native legs, no ext payouts); not trace-checked",MISSING,0.089538,0_to_lt1,1,0xfba2c4592d32a4e2e6393b8898f9110b4e272983f4bd416b38f81672a17fe3dc,ABSENT_NO_HOOK_ADDRESS,True,Aerodrome-Slipstream|PancakeV3,False,UNMATCHED
0x9d8bafd0c22695aaa6a88d7c9a96125c6ab563d9234400335678c60b37af7fc4,5750,5750,52343446,2026-10-08T16:17:19Z,B,"log-reconstructed (no native legs, no ext payouts); not trace-checked",MISSING,0.068734,0_to_lt1,2,0x7681c00520c26da8d8970c21a65461c726f274068eb08743debc1178e697044e|0xf13203ddbf2c9816a79b656a1a952521702715d92fea465b84ae2ed6e94a7f22,ABSENT_NO_HOOK_ADDRESS,True,,False,UNMATCHABLE
0x708d326668d495f084de2b878fc43a1fab76c59b26f81fe54593205c7e06614b,5751,5751,52343446,2026-10-08T16:17:19Z,B,"log-reconstructed (no native legs, no ext payouts); not trace-checked",MISSING,0.121139,0_to_lt1,1,0xf13203ddbf2c9816a79b656a1a952521702715d92fea465b84ae2ed6e94a7f22,ABSENT_NO_HOOK_ADDRESS,True,Aerodrome-Slipstream,False,UNMATCHED
0xea85129ae9342f9af3a97bd2a86cd67eb2a170ec9b94d43ff5f13c41fa8f481e,5770,5770,52343511,2026-10-08T16:19:29Z,B,"log-reconstructed (no native legs, no ext payouts); not trace-checked",MISSING,0.066832,0_to_lt1,2,0x381c95740e3e5a23d66b9757ade02d85e8810e3711f20aaa15c37e06963ab747|0x867dbb1b6417abcb3696d5a5d9cc38cbf9f0f6d17355515fe1c8303e791832c4,ABSENT_NO_HOOK_ADDRESS,True,Aerodrome-V2,True,UNMATCHED
0x5fcac820517727765b4dee7fd494131bfd6c7c12a060bce0e84ab0cdfc168140,5783,5783,52343542,2026-10-08T16:20:31Z,B,"log-reconstructed (no native legs, no ext payouts); not trace-checked",MISSING,0.178464,0_to_lt1,3,0x0e66048257508e35510ba8aa1a48c18ff150212e2eb92d0a933aa2e1a79927ad|0x12a9c409e2f0868b3f5bf76cffcc0c5128a31c491188bd6dd35b3c232bb62a14|0x93f900e15be5ee054dd9a874e4ecdafd2a4f27e86424ab3a4f50af84eb51dad8,ABSENT_NO_HOOK_ADDRESS,True,,True,UNMATCHABLE
0x5889bad2044a5d5594eb1f4679e85ca804a333e40e185c58b7ff13e0885f6739,5784,5784,52343559,2026-10-08T16:21:05Z,A,trace-verified native flows; all legs priced,MISSING,0.002965,0_to_lt1,1,0x147e90e02a91c1d0eb3887a4c08f64d8da8ae70a8cefe8f8612099519962aab7,ABSENT_NO_HOOK_ADDRESS,True,Aerodrome-Slipstream2,True,UNMATCHED
0x8721977ff7a04e486ea67c8209181fcd70b2ac5fbea4aabf28192138e4f0eea6,5806,5806,52343656,2026-10-08T16:24:19Z,D,cyclic_v4_unresolved,INFERRED,,kept_null,1,0x41084f2d35b54dc0d070fbf76aa52c46f5d9c7e36c163252064b6b184d9429d9,ABSENT_NO_HOOK_ADDRESS,False,Aerodrome-Slipstream3|UniswapV3,True,PARTIAL_POOL_SET
0x02d92bcd21e066c0003012ef8f496e52290eaa3057762246f292e426b657b172,5807,5807,52343656,2026-10-08T16:24:19Z,B,"log-reconstructed (no native legs, no ext payouts); not trace-checked",INFERRED,0.839248,0_to_lt1,1,0x4b095f294d8efca4b50b948865e68262025a68ba80e759b5b75cddb995c6b43f,ABSENT_NO_HOOK_ADDRESS,True,Aerodrome-Slipstream3,True,UNMATCHED
0x2e543c40c3f6cd191aeb1e0c9d7bfd202f842f475b5abc7b5e4606d863da7f02,5808,5808,52343669,2026-10-08T16:24:45Z,B,"log-reconstructed (no native legs, no ext payouts); not trace-checked",INFERRED,0.084359,0_to_lt1,1,0xf13203ddbf2c9816a79b656a1a952521702715d92fea465b84ae2ed6e94a7f22,ABSENT_NO_HOOK_ADDRESS,True,Aerodrome-Slipstream,False,UNMATCHED
0x4772997a7017bb2d661e2899cac4a795633b99c2f6976b3aa985a0baaaffff16,5822,5822,52343831,2026-10-08T16:30:09Z,B,"log-reconstructed (no native legs, no ext payouts); not trace-checked",INFERRED,0.070003,0_to_lt1,2,0x381c95740e3e5a23d66b9757ade02d85e8810e3711f20aaa15c37e06963ab747|0xdac0f353d884f6e0db833036558a9f225eda392f4d1ff1a61f13c8f7875186bf,ABSENT_NO_HOOK_ADDRESS,True,Aerodrome-V2,True,UNMATCHED
0x49363c9e7655d7f600b2b889eb58c369cfa2f21c50ced3eaadfc7c1887744a00,5823,5823,52343831,2026-10-08T16:30:09Z,B,"log-reconstructed (no native legs, no ext payouts); not trace-checked",MISSING,0.180954,0_to_lt1,1,0x867dbb1b6417abcb3696d5a5d9cc38cbf9f0f6d17355515fe1c8303e791832c4,ABSENT_NO_HOOK_ADDRESS,True,Aerodrome-V2|PancakeV3|UniswapV3,True,UNMATCHED
0x9118b23e51ade2dfcd2d3bc6996f877dbd6265bbd824265ba57c2de9fa52ab8c,5831,5831,52343848,2026-10-08T16:30:43Z,A,trace-verified native flows; all legs priced,INFERRED,0.701722,0_to_lt1,1,0x8930762cccc36040f25fc29db58a8ec22e872a347260d992f39666a3cdce7e5a,ABSENT_NO_HOOK_ADDRESS,True,Aerodrome-Slipstream3|PancakeV3,True,UNMATCHED
0x855390638a139dd2b73dbea8f6f381e138f42cb29312710e7dafca9c61d3bfe7,5833,5833,52343881,2026-10-08T16:31:49Z,B,"log-reconstructed (no native legs, no ext payouts); not trace-checked",MISSING,0.335668,0_to_lt1,3,0x69ac7aa8d819f96c46255add5ec9c65f34cbdbcd8ce0de8b1e0fddb07cd048e1|0x6a0f5830e56c0ad9dd425b3cf97f94e3c15b9a3b692b0bcd361840f262cd27b1|0x93f900e15be5ee054dd9a874e4ecdafd2a4f27e86424ab3a4f50af84eb51dad8,ABSENT_NO_HOOK_ADDRESS,True,,True,UNMATCHABLE
0xdefa84856eb8f05fa028334a3155bd309f937c728a64906d226d90d9b61afa44,5834,5834,52343882,2026-10-08T16:31:51Z,B,"log-reconstructed (no native legs, no ext payouts); not trace-checked",MISSING,0.153927,0_to_lt1,3,0x0e66048257508e35510ba8aa1a48c18ff150212e2eb92d0a933aa2e1a79927ad|0x12a9c409e2f0868b3f5bf76cffcc0c5128a31c491188bd6dd35b3c232bb62a14|0x93f900e15be5ee054dd9a874e4ecdafd2a4f27e86424ab3a4f50af84eb51dad8,ABSENT_NO_HOOK_ADDRESS,True,,True,UNMATCHABLE
0x5202f80c2f9c28d3636c242b78882e890a418b972f5167c4d62fcb22445938d3,5840,5840,52343904,2026-10-08T16:32:35Z,D,cyclic_unknown_venue,VERIFIED,,kept_null,1,0xbb2aefc6c55a0464b944c0478869527ba1a537f05f90a1bb82e1196c6e9403e2,ABSENT_NO_HOOK_ADDRESS,False,V3-type@0x0fd83557,False,UNMATCHED
0x49630222d9ce28982e6866aa0ff4db0c77c28990e278095f9ae9f3f7dd0bd6b5,5854,5854,52343945,2026-10-08T16:33:57Z,A,trace-verified native flows; all legs priced,MISSING,4.080453,1_to_lt25,1,0xbc94a571767139984504676ec9347f57ca5f9ad10e917f235ef2c88fb1df79bf,ABSENT_NO_HOOK_ADDRESS,True,UniswapV3,True,UNMATCHED
0xd104973ceb1fc6d1444abbab46f49fb4c377091f90fd038c9a0e85b9754d246a,5857,5857,52343956,2026-10-08T16:34:19Z,A,trace-verified native flows; all legs priced,MISSING,0.161559,0_to_lt1,1,0x4d949c5b084f94ac206fd4e2700f56d36d0f61cc338f341c4bb24480280252ae,ABSENT_NO_HOOK_ADDRESS,True,Aerodrome-Slipstream|UniswapV3,True,PARTIAL_POOL_SET
0xdf7d37308fdc7017bed3eafd24c0110987d9db60307ea0bf86ca41b3243e24d5,5860,5860,52344012,2026-10-08T16:36:11Z,B,"log-reconstructed (no native legs, no ext payouts); not trace-checked",MISSING,0.145824,0_to_lt1,3,0x264984e00973c1dd3e2e145687715f211568eb7685af5527bcee61a1e6812675|0x6a0f5830e56c0ad9dd425b3cf97f94e3c15b9a3b692b0bcd361840f262cd27b1|0xd36f09a0ef8915e903ce826de42a00c85ea97adc4cc71a5387a8da13c61dad21,ABSENT_NO_HOOK_ADDRESS,True,,True,UNMATCHABLE
0x7312b8225bf26290200a6db02a946b307b2989e0ecc63be10fd65741c079ebaa,5885,5885,52344237,2026-10-08T16:43:41Z,D,cyclic_unknown_venue,VERIFIED,,kept_null,1,0x12d76c5c8ec8edffd3c143995b0aa43fe44a6d71eb9113796272909e54b8e078,ABSENT_NO_HOOK_ADDRESS,True,,False,UNMATCHABLE
0xcfd5f5dd28b7e7b9282e1adc5acbb9c2a9989ea8e0c7b674c66d582d5223c3cb,5919,5919,52344487,2026-10-08T16:52:01Z,D,cyclic_v4_unresolved,MISSING,,kept_null,1,0x2afddcc97a8b7e621305a9b30e698e06a4ea99eac59f42c2dfd811efe9e52124,ABSENT_NO_HOOK_ADDRESS,True,Aerodrome-Slipstream|Aerodrome-Slipstream3|UniswapV3,True,UNMATCHED
0xa36ff9b0e9c13f718b914868741c24a80b84b6e033ada6e2cc56726918caf47c,5938,5938,52344630,2026-10-08T16:56:47Z,D,cyclic_unknown_venue,MISSING,,kept_null,1,0x7681c00520c26da8d8970c21a65461c726f274068eb08743debc1178e697044e,ABSENT_NO_HOOK_ADDRESS,True,PancakeV3,False,UNMATCHED
0xedf5a9644ac6cc440aed1cbbfe0bf6e816503955aed2a7aafd754e45e9d62970,5947,5947,52344630,2026-10-08T16:56:47Z,B,"log-reconstructed (no native legs, no ext payouts); not trace-checked",MISSING,0.046828,0_to_lt1,1,0xfba2c4592d32a4e2e6393b8898f9110b4e272983f4bd416b38f81672a17fe3dc,ABSENT_NO_HOOK_ADDRESS,True,UniswapV3,False,PARTIAL_POOL_UNSUPPORTED_VENUE
0x6b900d6e774a076934244f8f64949765ffa62961c89ccf342c094a969d2d62af,5950,5950,52344630,2026-10-08T16:56:47Z,D,cyclic_unknown_venue,VERIFIED,,kept_null,1,0xbb2aefc6c55a0464b944c0478869527ba1a537f05f90a1bb82e1196c6e9403e2,ABSENT_NO_HOOK_ADDRESS,False,Aerodrome-Slipstream3,False,UNMATCHED
0xf3e2888920edd9704fbc3ad67b1d8ff1a2a166bd9e12b5a92855d5bf4af41b9b,5951,5951,52344630,2026-10-08T16:56:47Z,C,cyclic_native_leg_unverified,MISSING,,kept_null,1,0x6aeda4ed4b45fdb3c3d496f1779a59945b60a88cfc4281781256adfcce0fe821,ABSENT_NO_HOOK_ADDRESS,False,V3-type@0xe6da85fe,True,UNMATCHED
0xb0014e52a594e2a9c9006aaa222d63bab370a89ddb9b9fe08e90ca4936b11b6d,5955,5955,52344643,2026-10-08T16:57:13Z,A,trace-verified native flows; all legs priced,MISSING,0.762401,0_to_lt1,1,0xbc94a571767139984504676ec9347f57ca5f9ad10e917f235ef2c88fb1df79bf,ABSENT_NO_HOOK_ADDRESS,True,Aerodrome-Slipstream3|UniswapV3,True,UNMATCHED
0x639aae77dd9c32bced702bf517f070cfbc5cd3f603b4c6a4bf7bbc8fdcb2a27f,5975,5975,52344738,2026-10-08T17:00:23Z,B,"log-reconstructed (no native legs, no ext payouts); not trace-checked",MISSING,0.156793,0_to_lt1,1,0xb755c4d29df61df71ba0675ed54d418f3b74b474405a21907504ab90072e4636,ABSENT_NO_HOOK_ADDRESS,True,Aerodrome-Slipstream3,True,UNMATCHED
0x29b36bd23f3252c84407d104d9038aa6082562cce61e351ca58067f56080bda8,5979,5979,52344740,2026-10-08T17:00:27Z,B,"log-reconstructed (no native legs, no ext payouts); not trace-checked",MISSING,0.047043,0_to_lt1,1,0xf97db19953c4309b3af2ceb9cce172939e8868321a24656667d44cccb31c9ddc,ABSENT_NO_HOOK_ADDRESS,True,UniswapV3,False,UNMATCHED
0x2b2dd2e6b67238b2c1faf9264dfffd38fc1b9068901b14cd94bb8e3592b837a7,5987,5987,52344754,2026-10-08T17:00:55Z,B,"log-reconstructed (no native legs, no ext payouts); not trace-checked",INFERRED,0.678119,0_to_lt1,1,0xbc94a571767139984504676ec9347f57ca5f9ad10e917f235ef2c88fb1df79bf,ABSENT_NO_HOOK_ADDRESS,True,Aerodrome-Slipstream3|UniswapV3,True,UNMATCHED
0xa2fbdb138c2bdf7247b0d8a574e1c58b5a3304c132208402ea5ddad97613ace0,5988,5988,52344754,2026-10-08T17:00:55Z,B,"log-reconstructed (no native legs, no ext payouts); not trace-checked",VERIFIED,0.608422,0_to_lt1,1,0x9b4fcc4fde5da0548fa3b64c68619041ae0598aa5c53965f203e7654e4d87f49,ABSENT_NO_HOOK_ADDRESS,True,Aerodrome-Slipstream3|UniswapV3,True,UNMATCHED
0x2e5e3ae0947986248cee7ad08cfd810dd92a900c0113f46c990fd56df5d2a855,5995,5995,52344784,2026-10-08T17:01:55Z,B,"log-reconstructed (no native legs, no ext payouts); not trace-checked",INFERRED,0.27969,0_to_lt1,2,0x7681c00520c26da8d8970c21a65461c726f274068eb08743debc1178e697044e|0xf13203ddbf2c9816a79b656a1a952521702715d92fea465b84ae2ed6e94a7f22,ABSENT_NO_HOOK_ADDRESS,True,,False,UNMATCHABLE
0xa6d06c8bab9ea9324cbc99235f4e44b13793ad0c587347183bcfe0dd53b0f222,5996,5996,52344785,2026-10-08T17:01:57Z,B,"log-reconstructed (no native legs, no ext payouts); not trace-checked",MISSING,0.016008,0_to_lt1,1,0xfba2c4592d32a4e2e6393b8898f9110b4e272983f4bd416b38f81672a17fe3dc,ABSENT_NO_HOOK_ADDRESS,True,V3-type@0x70fe4a44,False,UNMATCHED
0xce43578b039c7640493e780970e37ff01b88347380afe005e3ae031b1fabc643,6004,6004,52344827,2026-10-08T17:03:21Z,B,"log-reconstructed (no native legs, no ext payouts); not trace-checked",INFERRED,0.432204,0_to_lt1,1,0x9af570b4cba99acf761a2d7f26f280b57e0db4634ac4452ed543e5e701e6ca3d,ABSENT_NO_HOOK_ADDRESS,True,Aerodrome-V2|UniswapV3,True,UNMATCHED
0x79cad1bf12f2ece140c3924067f9dd2725aa70537f578862b866c20e28576602,6014,6014,52344891,2026-10-08T17:05:29Z,B,"log-reconstructed (no native legs, no ext payouts); not trace-checked",MISSING,0.055844,0_to_lt1,1,0xf13203ddbf2c9816a79b656a1a952521702715d92fea465b84ae2ed6e94a7f22,ABSENT_NO_HOOK_ADDRESS,True,Aerodrome-Slipstream|PancakeV3,False,UNMATCHED
0x6943f7d2041c9d6d506f60053c94f12db51cf0ddcad18149ba18a66bd9f2e573,6030,6030,52344967,2026-10-08T17:08:01Z,D,cyclic_v4_unresolved,MISSING,,kept_null,2,0x5e916637e7c271972049cf33039e0feba2e8b6ba43b5e163e7720f15b3163deb|0x74f56b36ed8915037ff9913b31cecd3113e8a74f0724cb746aa939719d2ae98c,ABSENT_NO_HOOK_ADDRESS,True,PancakeV3,True,UNMATCHED
0x413b6cfdded1f05d9830ef1e572c39b68618f090e85efba936251a1e7e71da25,6040,6040,52345050,2026-10-08T17:10:47Z,A,trace-verified native flows; all legs priced,MISSING,0.818653,0_to_lt1,1,0x9b4fcc4fde5da0548fa3b64c68619041ae0598aa5c53965f203e7654e4d87f49,ABSENT_NO_HOOK_ADDRESS,True,Aerodrome-Slipstream3|UniswapV3,True,UNMATCHED
0x651c8e81d75f6270193cf36593457064370464bb9193177133a5b01bd9e26baa,6044,6044,52345109,2026-10-08T17:12:45Z,B,"log-reconstructed (no native legs, no ext payouts); not trace-checked",MISSING,0.043049,0_to_lt1,1,0xaaf936058c00f654c84a8a40f1119809121198441cc6f257a4a0a1d05fd6ad5d,ABSENT_NO_HOOK_ADDRESS,True,Aerodrome-Slipstream3,True,UNMATCHED
0xdb90ba8f5a912ef0a77bff922c38fbfaef6d1dcbf081cb759d700934d6444dff,6045,6045,52345109,2026-10-08T17:12:45Z,B,"log-reconstructed (no native legs, no ext payouts); not trace-checked",MISSING,0.117653,0_to_lt1,1,0xb755c4d29df61df71ba0675ed54d418f3b74b474405a21907504ab90072e4636,ABSENT_NO_HOOK_ADDRESS,True,Aerodrome-Slipstream3,True,UNMATCHED
0x696c22d13556a8338271354f0d8c0c7c1470ce7f737fff624cc3b9d02fc8aa19,6053,6053,52345205,2026-10-08T17:15:57Z,B,"log-reconstructed (no native legs, no ext payouts); not trace-checked",MISSING,0.001651,0_to_lt1,1,0x539a0eec22fa9f760acee8406db3685e3dbb844c7c8b5cecafd940c8fb597d49,ABSENT_NO_HOOK_ADDRESS,True,Aerodrome-Slipstream3,True,UNMATCHED
0x36a51843680a1030f052e01a150492a51e6defb5ad61b9f947c254873032d751,6055,6055,52345250,2026-10-08T17:17:27Z,A,trace-verified native flows; all legs priced,INFERRED,6.850591,1_to_lt25,3,0x12a9c409e2f0868b3f5bf76cffcc0c5128a31c491188bd6dd35b3c232bb62a14|0x3fdd561e9c94de2d224f57189637d225de1230b84323924a5f036f9a49043dd8|0xf5c981bb345f1d4fdb25cc7d1e1bcf6b00ef515968c086870312d98144586535,ABSENT_NO_HOOK_ADDRESS,True,UniswapV3,True,PARTIAL_POOL_UNSUPPORTED_VENUE
0x5a0ee82aa440199b055ed691195a0f50fed86cb11b94a58523d45f2065f07927,6056,6056,52345265,2026-10-08T17:17:57Z,D,cyclic_unknown_venue,VERIFIED,,kept_null,1,0xbb2aefc6c55a0464b944c0478869527ba1a537f05f90a1bb82e1196c6e9403e2,ABSENT_NO_HOOK_ADDRESS,False,UniswapV3,False,UNMATCHED
0x215f8ea25885aa6c45bb4ea4967aee790b6d65cab0ee0db176ae9fe9705fa3da,6081,6081,52345407,2026-10-08T17:22:41Z,A,trace-verified native flows; all legs priced,INFERRED,2.748147,1_to_lt25,3,0x12a9c409e2f0868b3f5bf76cffcc0c5128a31c491188bd6dd35b3c232bb62a14|0x3fdd561e9c94de2d224f57189637d225de1230b84323924a5f036f9a49043dd8|0xf5c981bb345f1d4fdb25cc7d1e1bcf6b00ef515968c086870312d98144586535,ABSENT_NO_HOOK_ADDRESS,True,UniswapV3,True,PARTIAL_POOL_UNSUPPORTED_VENUE
0x7321ae04281d69725e03e53788e2ed3425e910a2fa77102b9f3418d555625354,6094,6094,52345455,2026-10-08T17:24:17Z,D,cyclic_unknown_venue,MISSING,,kept_null,1,0xf97db19953c4309b3af2ceb9cce172939e8868321a24656667d44cccb31c9ddc,ABSENT_NO_HOOK_ADDRESS,True,,False,UNMATCHABLE
0xa1fdf53c2914ae31a9f5543604b37538efd4f8821141c77781a873e8fb1909b7,6095,6095,52345458,2026-10-08T17:24:23Z,D,cyclic_v4_unresolved,MISSING,,kept_null,1,0x96d4b53a38337a5733179751781178a2613306063c511b78cd02684739288c0a,ABSENT_NO_HOOK_ADDRESS,True,UniswapV3|V2-type@0x2ee28d1b,True,UNMATCHED
0x14ec1e766ff86be8f115e1f812820a43d546b8ea19640fd95ec623c357f71975,6097,6097,52345464,2026-10-08T17:24:35Z,B,"log-reconstructed (no native legs, no ext payouts); not trace-checked",VERIFIED,0.238373,0_to_lt1,1,0xb24f7fcd75c3a001b74be4c60f181c024154c4d7c33097777e3950979042b073,ABSENT_NO_HOOK_ADDRESS,True,Aerodrome-Slipstream|PancakeV3,True,UNMATCHED
0x59e9b37c4552f24d37453b5390a77e33286d54c4128555a63e1303cc6eac69a0,6124,6124,52345477,2026-10-08T17:25:01Z,B,"log-reconstructed (no native legs, no ext payouts); not trace-checked",MISSING,0.108895,0_to_lt1,1,0x5454fb4fb8808296565c4d22f84b833cc7ef902fe11d35552d04bbf9d4a1f4bc,ABSENT_NO_HOOK_ADDRESS,True,Aerodrome-Slipstream|UniswapV3,True,UNMATCHED
0xb63581c6176bea123898a2d60ea66b35d12e33cff61763ca97839400d203e30d,6126,6126,52345477,2026-10-08T17:25:01Z,B,"log-reconstructed (no native legs, no ext payouts); not trace-checked",MISSING,0.222145,0_to_lt1,1,0xb8fa9b30d8bc4cfa94d0228a7b57d613b53048838ce4e2d44033dae8cf1e03e2,ABSENT_NO_HOOK_ADDRESS,True,Aerodrome-Slipstream3|AlgebraIntegral@0x36077d39|UniswapV3,True,PARTIAL_POOL_SET
0x7ed1322bf1a40f62eae3d9e4ea387f30ccba0ca9e8e78ad57f8801741c03f181,6128,6128,52345477,2026-10-08T17:25:01Z,B,"log-reconstructed (no native legs, no ext payouts); not trace-checked",MISSING,0.144077,0_to_lt1,2,0x6d26dc1bff8bcce7081fe982595812cd61097044ea1ed05a6699b3900617c70f|0xb8fa9b30d8bc4cfa94d0228a7b57d613b53048838ce4e2d44033dae8cf1e03e2,ABSENT_NO_HOOK_ADDRESS,True,PancakeV3,True,UNMATCHED
0x27a212f19e5d68333b10bfaf3e49346a3199e207363f0aa1ec86f207f2982529,6130,6130,52345477,2026-10-08T17:25:01Z,A,trace-verified native flows; all legs priced,MISSING,18.133871,1_to_lt25,1,0xb8fa9b30d8bc4cfa94d0228a7b57d613b53048838ce4e2d44033dae8cf1e03e2,ABSENT_NO_HOOK_ADDRESS,True,Aerodrome-Slipstream3|PancakeV3,True,UNMATCHED
0xef5c7549c12a8730c7404f1678b7acfb255f26bbd6105ad67d11e1ccfa468905,6133,6133,52345477,2026-10-08T17:25:01Z,C,cyclic_native_leg_unverified,MISSING,,kept_null,2,0x4899f49c4665f844c85e6c5359018487785592ee8ad307afcbc6e9b26a72f1c6|0xb8fa9b30d8bc4cfa94d0228a7b57d613b53048838ce4e2d44033dae8cf1e03e2,ABSENT_NO_HOOK_ADDRESS,True,Aerodrome-Slipstream|Aerodrome-Slipstream3|PancakeV3|UniswapV3,True,PARTIAL_POOL_SET
0xcb66b643da4bb102b3561be3ee6230d74baafa9e24490e0913764535a40b42a4,6142,6142,52345478,2026-10-08T17:25:03Z,B,"log-reconstructed (no native legs, no ext payouts); not trace-checked",VERIFIED,0.396653,0_to_lt1,1,0xb8fa9b30d8bc4cfa94d0228a7b57d613b53048838ce4e2d44033dae8cf1e03e2,ABSENT_NO_HOOK_ADDRESS,True,Aerodrome-Slipstream3|PancakeV3,True,UNMATCHED
0x5f1ac5017d9cffc7e52e02610b431faee70b807f461ced4af7c085e652cd8318,6163,6163,52345574,2026-10-08T17:28:15Z,B,"log-reconstructed (no native legs, no ext payouts); not trace-checked",MISSING,0.076117,0_to_lt1,3,0x0d7907a60607d885d5d267d70bb1abff723b43cb4ff61f4554803d823a004232|0x4d1205a8fb65bb536b13d37dd6f6d73238d23e62c9d38c35a5056ba538f5a446|0xfe785b4ae18568d7f6fd3c6aec341e52e8125af544f0098d594df7690f48121f,ABSENT_NO_HOOK_ADDRESS,True,,True,UNMATCHABLE
0xba5f8bd9c3473bb3e4b188cc7c064bc2c77f0141b337e564322e32f0f2441af2,6167,6167,52345579,2026-10-08T17:28:25Z,D,cyclic_unknown_venue,MISSING,,kept_null,1,0xe2654cc01616e962fbfcc4277c23062e59e70e39f87221d77b6d438705a5f286,ABSENT_NO_HOOK_ADDRESS,True,,True,UNMATCHABLE
0x1cfc65e3f9efc5327d5a6f347ba85aa508302d78d3b8ae8f7217c3ef03dbd661,6175,6175,52345590,2026-10-08T17:28:47Z,D,cyclic_v4_unresolved,MISSING,,kept_null,1,0x831a80dc7bf98f47f29c10a5bb5177740b4d14c01cbceae3894291459411dfc7,ABSENT_NO_HOOK_ADDRESS,False,UniswapV3,True,UNMATCHED
0x846017a0bf618ba2ce1344d9563a1ae7640a63524cd3bcd18568ad9d66357f2e,6179,6179,52345604,2026-10-08T17:29:15Z,A,trace-verified native flows; all legs priced,MISSING,0.055015,0_to_lt1,1,0xf4a111be92529e961056e175d6201c8c21a9bfe8a7fb6aa4fda8960b319fdd8e,ABSENT_NO_HOOK_ADDRESS,True,UniswapV3,True,UNMATCHED
0x1d91506381424e6ba1a16127304ce940f6204497f69726b49bca6287e1e18e5e,6181,6181,52345623,2026-10-08T17:29:53Z,B,"log-reconstructed (no native legs, no ext payouts); not trace-checked",MISSING,0.002488,0_to_lt1,1,0x9b28ac3941a2f8d80338efa283465cf61fcd0d05fd9310eafd8e5491b69f1038,ABSENT_NO_HOOK_ADDRESS,True,UniswapV3,True,UNMATCHED
0x0361ed04b1c7c752329aa343659afc5a06647832b502c7e949946804f87707d6,6215,6215,52345840,2026-10-08T17:37:07Z,B,"log-reconstructed (no native legs, no ext payouts); not trace-checked",MISSING,0.193979,0_to_lt1,1,0xb755c4d29df61df71ba0675ed54d418f3b74b474405a21907504ab90072e4636,ABSENT_NO_HOOK_ADDRESS,True,Aerodrome-Slipstream3,True,UNMATCHED
0xb4b182769a839b523e6f0560e1eb317ec01aa4230cac83f8f00b86d5390680b1,6219,6219,52345871,2026-10-08T17:38:09Z,A,trace-verified native flows; all legs priced,MISSING,1.283465,1_to_lt25,1,0x147e90e02a91c1d0eb3887a4c08f64d8da8ae70a8cefe8f8612099519962aab7,ABSENT_NO_HOOK_ADDRESS,True,Aerodrome-Slipstream2,True,UNMATCHED
0x0be1fa67a3d2238ccf7c3f14c11285cf2719844094d0faf64f7902368d3ce3e8,6234,6234,52345948,2026-10-08T17:40:43Z,D,cyclic_unknown_venue,MISSING,,kept_null,1,0xe2654cc01616e962fbfcc4277c23062e59e70e39f87221d77b6d438705a5f286,ABSENT_NO_HOOK_ADDRESS,True,,True,UNMATCHABLE
0xbf969fb016eba966d4b4c92db25b0beb929e8ca02b621776109d0de254cdc13d,6249,6249,52346138,2026-10-08T17:47:03Z,D,cyclic_unknown_venue,MISSING,,kept_null,1,0xe2654cc01616e962fbfcc4277c23062e59e70e39f87221d77b6d438705a5f286,ABSENT_NO_HOOK_ADDRESS,True,,True,UNMATCHABLE
0x5eb878987249207743bfc13d27c5103bc11246feeadb2b48c40f50588d19f956,6250,6250,52346138,2026-10-08T17:47:03Z,D,cyclic_unknown_venue,MISSING,,kept_null,1,0xe2654cc01616e962fbfcc4277c23062e59e70e39f87221d77b6d438705a5f286,ABSENT_NO_HOOK_ADDRESS,True,,True,UNMATCHABLE
0x0467556cecc5300f862bd206af1880652a1263778e450fc8246681478d885626,6252,6252,52346139,2026-10-08T17:47:05Z,D,cyclic_unknown_venue,MISSING,,kept_null,1,0xe2654cc01616e962fbfcc4277c23062e59e70e39f87221d77b6d438705a5f286,ABSENT_NO_HOOK_ADDRESS,True,,True,UNMATCHABLE
0x6a75a5c8d3699e8079e6c879c477a8b1a21fd5c7c5270cd2fdf4907004493b0e,6253,6253,52346174,2026-10-08T17:48:15Z,D,cyclic_unknown_venue,MISSING,,kept_null,1,0x12d76c5c8ec8edffd3c143995b0aa43fe44a6d71eb9113796272909e54b8e078,ABSENT_NO_HOOK_ADDRESS,True,,False,UNMATCHABLE
0xbf6d19a883fbdebe2d2e6d836b42e5481c2022d93fb9abef22b8f265d3e43cc3,6254,6254,52346193,2026-10-08T17:48:53Z,D,cyclic_unknown_venue,MISSING,,kept_null,1,0x12d76c5c8ec8edffd3c143995b0aa43fe44a6d71eb9113796272909e54b8e078,ABSENT_NO_HOOK_ADDRESS,True,,False,UNMATCHABLE
0xa2913a9bddc07ca2db0b53afa09845362df7c5c2db90f92ca22de34f0d1b02c4,6256,6256,52346243,2026-10-08T17:50:33Z,D,cyclic_v4_unresolved,MISSING,,kept_null,3,0xa78426f2b4da4cea7b6f0f223fdd751f172ec50cbc5fdf3696921db7640da66d|0xd4d23afed2c74934912440e15d15ceaa54f268bbd075fa872e42ab08af4071ac|0xf2bd6d68940c6d7afd83af0f72b44eb0d4a14f82185b73dad968ffefcd0770d3,ABSENT_NO_HOOK_ADDRESS,True,,True,UNMATCHABLE
0x11e4d68425eee48d738ac62e1abb16b28a5f29ee35ad0c79eab7f923bc91de0f,6262,6262,52346333,2026-10-08T17:53:33Z,B,"log-reconstructed (no native legs, no ext payouts); not trace-checked",MISSING,0.02247,0_to_lt1,1,0xf4a111be92529e961056e175d6201c8c21a9bfe8a7fb6aa4fda8960b319fdd8e,ABSENT_NO_HOOK_ADDRESS,True,UniswapV3,True,UNMATCHED
0x4816e7b92d05383ad89be47c6712e7b6e697c76c1ef8bb8ec07394172a1f92a9,6265,6265,52346361,2026-10-08T17:54:29Z,B,"log-reconstructed (no native legs, no ext payouts); not trace-checked",MISSING,0.020915,0_to_lt1,2,0x12d76c5c8ec8edffd3c143995b0aa43fe44a6d71eb9113796272909e54b8e078|0x82a53137a2f816883131b56c929c1eba83f070423669cbc2b8a3467080a6247b,ABSENT_NO_HOOK_ADDRESS,True,Aerodrome-Slipstream,True,UNMATCHED
0x44786ca71077aa9a11768aa4f0a60d44c8d2f10a1d9a51eb8c46cbd0ac740e2c,6268,6268,52346368,2026-10-08T17:54:43Z,B,"log-reconstructed (no native legs, no ext payouts); not trace-checked",MISSING,0.019085,0_to_lt1,1,0xd4e3dfa3a93f97ebae3e931f099c33ec6db7765db69978ef91b4a5aad7a75eb3,ABSENT_NO_HOOK_ADDRESS,True,UniswapV3,True,UNMATCHED
0x5543563b81698fe00a31c0833dcf9c59cfbec20fc2d6e6dd2424473e897a9f10,6270,6270,52346372,2026-10-08T17:54:51Z,B,"log-reconstructed (no native legs, no ext payouts); not trace-checked",MISSING,0.190569,0_to_lt1,1,0xfba2c4592d32a4e2e6393b8898f9110b4e272983f4bd416b38f81672a17fe3dc,ABSENT_NO_HOOK_ADDRESS,True,UniswapV3,True,UNMATCHED
0xdc6b1397111917d24d401ae6b5eabf19fe3d88e3bbc4ac431a46244dc267e08f,6280,6280,52346412,2026-10-08T17:56:11Z,B,"log-reconstructed (no native legs, no ext payouts); not trace-checked",MISSING,0.108923,0_to_lt1,3,0x69ac7aa8d819f96c46255add5ec9c65f34cbdbcd8ce0de8b1e0fddb07cd048e1|0x6a0f5830e56c0ad9dd425b3cf97f94e3c15b9a3b692b0bcd361840f262cd27b1|0x93f900e15be5ee054dd9a874e4ecdafd2a4f27e86424ab3a4f50af84eb51dad8,ABSENT_NO_HOOK_ADDRESS,True,,True,UNMATCHABLE
